DateTime,bid_Open,bid_High,bid_Low,bid_Close,ask_Open,ask_High,ask_Low,ask_Close,last_Open,last_High,last_Low,last_Close,last_Volume
2025-04-17 10:49:00,1.13865,1.13868,1.13828,1.13835,1.13871,1.13874,1.13834,1.13841,,,,,61
2025-04-17 10:50:00,1.1382,1.1382,1.13793,1.13793,1.13826,1.13826,1.13799,1.13799,,,,,46
2025-04-17 10:51:00,1.1379,1.13795,1.13778,1.13787,1.13796,1.13801,1.13784,1.13793,,,,,63
2025-04-17 10:52:00,1.13782,1.13795,1.13763,1.13764,1.13788,1.13801,1.13769,1.1377,,,,,66
2025-04-17 10:53:00,1.13765,1.13794,1.13764,1.13778,1.13771,1.138,1.1377,1.13784,,,,,69
2025-04-17 10:54:00,1.13777,1.1379,1.13769,1.1379,1.13783,1.13796,1.13775,1.13796,,,,,81
2025-04-17 10:55:00,1.13787,1.13798,1.13764,1.13793,1.13793,1.13804,1.1377,1.13799,,,,,81
2025-04-17 10:56:00,1.13792,1.1381,1.13788,1.13802,1.13798,1.13816,1.13794,1.13808,,,,,45
2025-04-17 10:57:00,1.13803,1.13812,1.13791,1.13809,1.13809,1.13818,1.13797,1.13815,,,,,63
2025-04-17 10:58:00,1.13799,1.13824,1.13794,1.13815,1.13805,1.1383,1.138,1.13821,,,,,87
2025-04-17 10:59:00,1.13816,1.13816,1.13782,1.13784,1.13822,1.13822,1.13788,1.1379,,,,,61
2025-04-17 11:00:00,1.13781,1.13806,1.13773,1.13779,1.13787,1.13812,1.13779,1.13785,,,,,96
2025-04-17 11:01:00,1.13778,1.13788,1.13771,1.13776,1.13784,1.13794,1.13777,1.13782,,,,,83
2025-04-17 11:02:00,1.13779,1.13785,1.13762,1.13774,1.13785,1.13791,1.13768,1.1378,,,,,58
2025-04-17 11:03:00,1.13775,1.13791,1.13744,1.13749,1.13781,1.13797,1.1375,1.13755,,,,,43
2025-04-17 11:04:00,1.13753,1.13755,1.13734,1.13734,1.13759,1.13761,1.1374,1.1374,,,,,68
2025-04-17 11:05:00,1.13733,1.13774,1.13731,1.13773,1.13739,1.1378,1.13737,1.13779,,,,,59
2025-04-17 11:06:00,1.13779,1.13794,1.1377,1.1377,1.13785,1.138,1.13776,1.13776,,,,,38
2025-04-17 11:07:00,1.13769,1.13774,1.13752,1.13753,1.13775,1.1378,1.13758,1.13759,,,,,49
2025-04-17 11:08:00,1.13754,1.13767,1.13742,1.13763,1.1376,1.13773,1.13748,1.13769,,,,,48
2025-04-17 11:09:00,1.13762,1.13774,1.13758,1.13763,1.13768,1.1378,1.13764,1.13769,,,,,33
2025-04-17 11:10:00,1.1376,1.13768,1.13737,1.13748,1.13766,1.13774,1.13743,1.13754,,,,,58
2025-04-17 11:11:00,1.13749,1.13767,1.13734,1.13734,1.13755,1.13783,1.1374,1.1374,,,,,56
2025-04-17 11:12:00,1.13738,1.13754,1.13737,1.13754,1.13744,1.13764,1.13744,1.1376,,,,,69
2025-04-17 11:13:00,1.13753,1.13761,1.13733,1.13754,1.13759,1.13767,1.13739,1.1376,,,,,58
2025-04-17 11:14:00,1.1375,1.13761,1.13747,1.13747,1.13756,1.13767,1.13753,1.13753,,,,,61
2025-04-17 11:15:00,1.13746,1.13746,1.13709,1.13722,1.13752,1.13752,1.13718,1.13731,,,,,45
2025-04-17 11:16:00,1.13723,1.13738,1.13714,1.13718,1.13732,1.13749,1.1372,1.13724,,,,,52
2025-04-17 11:17:00,1.13719,1.1378,1.13715,1.13779,1.13725,1.13786,1.13721,1.13785,,,,,68
2025-04-17 11:18:00,1.13778,1.13794,1.13769,1.13787,1.13784,1.138,1.13775,1.13793,,,,,82
2025-04-17 11:19:00,1.13786,1.13794,1.13779,1.13782,1.13792,1.13801,1.13785,1.13788,,,,,50
2025-04-17 11:20:00,1.13783,1.1379,1.13763,1.13773,1.13789,1.13796,1.13769,1.13779,,,,,62
2025-04-17 11:21:00,1.13772,1.13773,1.13753,1.13768,1.13778,1.13779,1.13759,1.13774,,,,,93
2025-04-17 11:22:00,1.13769,1.13775,1.13758,1.13768,1.13775,1.13781,1.13764,1.13774,,,,,58
2025-04-17 11:23:00,1.13776,1.13777,1.13759,1.13764,1.13782,1.13783,1.13765,1.1377,,,,,39
2025-04-17 11:24:00,1.13768,1.1377,1.13742,1.13763,1.13777,1.13777,1.13748,1.13769,,,,,53
2025-04-17 11:25:00,1.13759,1.13775,1.13733,1.13743,1.13765,1.13781,1.13739,1.13749,,,,,85
2025-04-17 11:26:00,1.13744,1.13745,1.13728,1.13733,1.1375,1.13752,1.13734,1.13739,,,,,76
2025-04-17 11:27:00,1.13735,1.13746,1.13704,1.13711,1.13741,1.13752,1.13711,1.13717,,,,,78
2025-04-17 11:28:00,1.13712,1.13722,1.13704,1.13708,1.13718,1.13728,1.1371,1.13714,,,,,47
2025-04-17 11:29:00,1.13709,1.1372,1.13704,1.13714,1.13715,1.13726,1.1371,1.1372,,,,,40
2025-04-17 11:30:00,1.13713,1.13716,1.13698,1.13708,1.13719,1.13725,1.13704,1.13714,,,,,56
2025-04-17 11:31:00,1.13714,1.13722,1.13703,1.13718,1.1372,1.13728,1.13709,1.13724,,,,,49
2025-04-17 11:32:00,1.13719,1.1377,1.13718,1.13739,1.13725,1.13783,1.13724,1.13753,,,,,91
2025-04-17 11:33:00,1.13738,1.13758,1.13735,1.13755,1.13749,1.13764,1.13748,1.13761,,,,,46
2025-04-17 11:34:00,1.13756,1.13768,1.1375,1.13764,1.13762,1.13774,1.13756,1.1377,,,,,49
2025-04-17 11:35:00,1.13763,1.13763,1.13735,1.13749,1.13769,1.13769,1.13741,1.13755,,,,,59
2025-04-17 11:36:00,1.13748,1.13755,1.13726,1.13754,1.13754,1.13761,1.13735,1.1376,,,,,55
2025-04-17 11:37:00,1.13755,1.13764,1.13742,1.13759,1.13761,1.13772,1.13751,1.13768,,,,,50
2025-04-17 11:38:00,1.13758,1.13768,1.13748,1.13766,1.13767,1.13774,1.13754,1.13772,,,,,41
2025-04-17 11:39:00,1.13767,1.13768,1.13724,1.13724,1.13773,1.13774,1.1373,1.1373,,,,,79
2025-04-17 11:40:00,1.13729,1.13768,1.13729,1.13763,1.13735,1.13774,1.13735,1.13769,,,,,57
2025-04-17 11:41:00,1.1377,1.13775,1.13748,1.13764,1.13776,1.13781,1.13754,1.1377,,,,,50
2025-04-17 11:42:00,1.13768,1.13774,1.13763,1.13771,1.13774,1.1378,1.13769,1.13777,,,,,42
2025-04-17 11:43:00,1.13772,1.13785,1.1376,1.13762,1.13778,1.13791,1.13766,1.13768,,,,,55
2025-04-17 11:44:00,1.13759,1.13785,1.13759,1.13779,1.13778,1.13793,1.13778,1.13793,,,,,52
2025-04-17 11:45:00,1.13777,1.13795,1.13776,1.13792,1.13791,1.13804,1.1379,1.13801,,,,,41
2025-04-17 11:46:00,1.13791,1.13796,1.13762,1.13768,1.138,1.13804,1.13768,1.13774,,,,,57
2025-04-17 11:47:00,1.13767,1.1377,1.13752,1.13763,1.13773,1.13776,1.13761,1.13769,,,,,53
2025-04-17 11:48:00,1.13764,1.13764,1.13732,1.13734,1.1377,1.13773,1.13745,1.13748,,,,,67
2025-04-17 11:49:00,1.13735,1.13745,1.13728,1.13734,1.13747,1.13751,1.13734,1.1374,,,,,52
2025-04-17 11:50:00,1.1374,1.13758,1.13734,1.13744,1.13746,1.13764,1.1374,1.13759,,,,,57
2025-04-17 11:51:00,1.13746,1.13775,1.13744,1.13759,1.13758,1.13781,1.13758,1.13765,,,,,65
2025-04-17 11:52:00,1.13758,1.1378,1.13753,1.13769,1.13764,1.13786,1.13759,1.13775,,,,,58
2025-04-17 11:53:00,1.13767,1.13767,1.13737,1.13743,1.13773,1.13773,1.13743,1.13749,,,,,62
2025-04-17 11:54:00,1.13742,1.13755,1.13723,1.13724,1.13748,1.13761,1.13729,1.1373,,,,,64
2025-04-17 11:55:00,1.13723,1.13759,1.13723,1.13756,1.13729,1.13765,1.13729,1.13765,,,,,90
2025-04-17 11:56:00,1.13755,1.13767,1.13744,1.13756,1.13764,1.13773,1.13753,1.13762,,,,,84
2025-04-17 11:57:00,1.13758,1.13774,1.13725,1.13726,1.13764,1.1378,1.13731,1.13732,,,,,83
2025-04-17 11:58:00,1.13725,1.13737,1.13722,1.13724,1.13731,1.13743,1.13728,1.1373,,,,,64
2025-04-17 11:59:00,1.13726,1.13737,1.13717,1.13723,1.13732,1.13743,1.13723,1.13729,,,,,55
2025-04-17 12:00:00,1.13725,1.13744,1.13709,1.13739,1.13731,1.1375,1.13715,1.13745,,,,,78
2025-04-17 12:01:00,1.13738,1.13765,1.13737,1.1375,1.13744,1.13771,1.13743,1.13756,,,,,58
2025-04-17 12:02:00,1.13749,1.13749,1.13709,1.1371,1.13755,1.13755,1.13715,1.13716,,,,,64
2025-04-17 12:03:00,1.13709,1.13732,1.13701,1.13732,1.13715,1.13738,1.13707,1.13738,,,,,71
2025-04-17 12:04:00,1.13728,1.13749,1.13713,1.13722,1.13734,1.13755,1.13719,1.13728,,,,,57
2025-04-17 12:05:00,1.13726,1.13743,1.13722,1.13733,1.13732,1.13749,1.13728,1.13746,,,,,83
2025-04-17 12:06:00,1.13734,1.13759,1.13734,1.13758,1.13748,1.13765,1.13744,1.13764,,,,,48
2025-04-17 12:07:00,1.13754,1.13761,1.13677,1.13681,1.1376,1.13767,1.13683,1.13687,,,,,65
2025-04-17 12:08:00,1.13683,1.13702,1.13641,1.13649,1.13689,1.13708,1.13647,1.13655,,,,,83
2025-04-17 12:09:00,1.1365,1.1366,1.13633,1.13654,1.13656,1.13666,1.13639,1.1366,,,,,107
2025-04-17 12:10:00,1.13652,1.13692,1.13648,1.13681,1.13658,1.13698,1.13654,1.13687,,,,,60
2025-04-17 12:11:00,1.13682,1.13683,1.13639,1.13639,1.13688,1.13689,1.13645,1.13645,,,,,57
2025-04-17 12:12:00,1.1364,1.13649,1.136,1.13613,1.13646,1.13655,1.13606,1.13619,,,,,115
2025-04-17 12:13:00,1.13608,1.13683,1.13607,1.13671,1.13614,1.13692,1.13613,1.1368,,,,,159
2025-04-17 12:14:00,1.13674,1.1373,1.13674,1.13701,1.13683,1.13736,1.13683,1.13707,,,,,134
2025-04-17 12:15:00,1.137,1.137,1.13633,1.13636,1.13706,1.13706,1.1364,1.13642,,,,,110
2025-04-17 12:16:00,1.13634,1.13674,1.13634,1.13667,1.1364,1.1368,1.1364,1.13673,,,,,131
2025-04-17 12:17:00,1.13668,1.13682,1.13644,1.13648,1.13674,1.13688,1.1365,1.13654,,,,,98
2025-04-17 12:18:00,1.13652,1.13685,1.13648,1.13673,1.13658,1.13691,1.13654,1.13679,,,,,120
2025-04-17 12:19:00,1.13672,1.13703,1.13663,1.13687,1.13678,1.13709,1.13669,1.13696,,,,,88
2025-04-17 12:20:00,1.13686,1.13723,1.13685,1.13699,1.13695,1.13732,1.13694,1.13705,,,,,109
2025-04-17 12:21:00,1.13697,1.13707,1.13686,1.13706,1.13703,1.13725,1.13692,1.13725,,,,,90
2025-04-17 12:22:00,1.13707,1.13732,1.13707,1.13724,1.13731,1.13741,1.13724,1.1373,,,,,136
2025-04-17 12:23:00,1.13728,1.1373,1.13692,1.13692,1.13734,1.13736,1.13698,1.13698,,,,,79
2025-04-17 12:24:00,1.13691,1.13691,1.13645,1.13663,1.13697,1.13697,1.13654,1.13669,,,,,128
2025-04-17 12:25:00,1.13664,1.13708,1.13662,1.13673,1.1367,1.13714,1.13668,1.13679,,,,,61
2025-04-17 12:26:00,1.13672,1.13683,1.13664,1.13676,1.13678,1.13689,1.1367,1.13682,,,,,60
2025-04-17 12:27:00,1.13675,1.13692,1.13672,1.13692,1.13681,1.13698,1.13678,1.13698,,,,,44
2025-04-17 12:28:00,1.13693,1.13731,1.13691,1.13717,1.13699,1.13737,1.13697,1.13723,,,,,64
2025-04-17 12:29:00,1.13719,1.13723,1.13698,1.1371,1.13725,1.13729,1.13704,1.13719,,,,,60
2025-04-17 12:30:00,1.13706,1.13722,1.13693,1.13708,1.13715,1.13728,1.13699,1.13714,,,,,58
2025-04-17 12:31:00,1.13701,1.13708,1.13687,1.137,1.13707,1.13714,1.13693,1.13706,,,,,59
2025-04-17 12:32:00,1.13702,1.1371,1.13678,1.13692,1.13708,1.13716,1.13684,1.13698,,,,,95
2025-04-17 12:33:00,1.13688,1.1369,1.13657,1.13683,1.13694,1.13696,1.13663,1.13689,,,,,88
2025-04-17 12:34:00,1.13682,1.13684,1.1366,1.13672,1.13688,1.1369,1.13666,1.13681,,,,,95
2025-04-17 12:35:00,1.13671,1.13672,1.13649,1.13654,1.1368,1.13681,1.13655,1.1366,,,,,60
2025-04-17 12:36:00,1.13653,1.13659,1.13623,1.13636,1.13659,1.13665,1.13629,1.13642,,,,,69
2025-04-17 12:37:00,1.13637,1.13657,1.13627,1.13639,1.13643,1.13663,1.13633,1.13645,,,,,77
2025-04-17 12:38:00,1.13638,1.13649,1.13613,1.13648,1.13644,1.13655,1.13623,1.13654,,,,,77
2025-04-17 12:39:00,1.13633,1.1366,1.13627,1.13649,1.13639,1.13666,1.13633,1.13655,,,,,52
2025-04-17 12:40:00,1.13648,1.13654,1.13632,1.13651,1.13654,1.1366,1.13638,1.13657,,,,,62
2025-04-17 12:41:00,1.13654,1.13654,1.13626,1.13639,1.1366,1.1366,1.13635,1.13645,,,,,53
2025-04-17 12:42:00,1.13641,1.13669,1.13641,1.13669,1.13647,1.13675,1.13647,1.13675,,,,,50
2025-04-17 12:43:00,1.1367,1.13672,1.13658,1.13667,1.13676,1.13678,1.13664,1.13673,,,,,60
2025-04-17 12:44:00,1.13666,1.13666,1.13638,1.13643,1.13672,1.13672,1.13644,1.13649,,,,,41
2025-04-17 12:45:00,1.13646,1.13649,1.13637,1.13643,1.13652,1.13655,1.13643,1.13649,,,,,42
2025-04-17 12:46:00,1.13642,1.1365,1.13617,1.13618,1.13648,1.13662,1.13623,1.13624,,,,,66
2025-04-17 12:47:00,1.13617,1.13635,1.13609,1.13635,1.13623,1.13643,1.13621,1.13641,,,,,64
2025-04-17 12:48:00,1.13634,1.13653,1.13629,1.13648,1.1364,1.13659,1.13635,1.13654,,,,,73
2025-04-17 12:49:00,1.13649,1.13652,1.13624,1.13627,1.13655,1.13658,1.13634,1.13636,,,,,58
2025-04-17 12:50:00,1.13625,1.13628,1.13603,1.13611,1.13634,1.13634,1.13612,1.1362,,,,,106
2025-04-17 12:51:00,1.13619,1.13627,1.13608,1.1362,1.13625,1.13633,1.13623,1.13629,,,,,85
2025-04-17 12:52:00,1.13618,1.13633,1.13609,1.13632,1.13627,1.13642,1.13619,1.13641,,,,,69
2025-04-17 12:53:00,1.13627,1.13648,1.13616,1.13638,1.13636,1.13654,1.13622,1.13644,,,,,58
2025-04-17 12:54:00,1.13639,1.13639,1.1361,1.1362,1.13645,1.13649,1.13617,1.13626,,,,,68
2025-04-17 12:55:00,1.13621,1.13633,1.13606,1.13613,1.13627,1.13639,1.13612,1.13619,,,,,55
2025-04-17 12:56:00,1.13612,1.13614,1.13576,1.13578,1.13618,1.1362,1.13582,1.13584,,,,,75
2025-04-17 12:57:00,1.13582,1.136,1.13579,1.13584,1.13588,1.13606,1.13585,1.1359,,,,,78
2025-04-17 12:58:00,1.13583,1.13612,1.13582,1.13594,1.13589,1.13618,1.13588,1.136,,,,,97
2025-04-17 12:59:00,1.13599,1.13606,1.13573,1.13594,1.13605,1.13612,1.13579,1.136,,,,,100
2025-04-17 13:00:00,1.13598,1.13599,1.13561,1.13561,1.13604,1.13605,1.13567,1.13567,,,,,139
2025-04-17 13:01:00,1.13562,1.1359,1.13562,1.13588,1.13568,1.13596,1.13568,1.13594,,,,,85
2025-04-17 13:02:00,1.13586,1.13593,1.13571,1.13576,1.13592,1.13599,1.13577,1.13582,,,,,51
2025-04-17 13:03:00,1.13579,1.13616,1.13569,1.13613,1.13585,1.13625,1.13578,1.13622,,,,,87
2025-04-17 13:04:00,1.13614,1.13637,1.13597,1.13614,1.13623,1.13646,1.13605,1.1362,,,,,91
2025-04-17 13:05:00,1.13613,1.13628,1.13608,1.13628,1.13619,1.13639,1.13617,1.13637,,,,,65
2025-04-17 13:06:00,1.13637,1.13648,1.13628,1.13639,1.13643,1.13656,1.1364,1.13651,,,,,58
2025-04-17 13:07:00,1.13636,1.13639,1.13625,1.13638,1.13648,1.1365,1.13633,1.13647,,,,,54
2025-04-17 13:08:00,1.13643,1.1367,1.13643,1.13659,1.13649,1.13676,1.13649,1.13665,,,,,58
2025-04-17 13:09:00,1.13666,1.13679,1.13653,1.13672,1.13672,1.13689,1.13659,1.13684,,,,,59
2025-04-17 13:10:00,1.13674,1.13677,1.13655,1.13669,1.1368,1.13683,1.13664,1.13675,,,,,68
2025-04-17 13:11:00,1.13667,1.13686,1.13663,1.13683,1.13673,1.13692,1.13669,1.13692,,,,,49
2025-04-17 13:12:00,1.13685,1.13685,1.13662,1.13675,1.13691,1.13691,1.13669,1.13681,,,,,77
2025-04-17 13:13:00,1.13672,1.13675,1.13647,1.13649,1.13673,1.13681,1.13653,1.13655,,,,,55
2025-04-17 13:14:00,1.13648,1.13656,1.13642,1.13653,1.13654,1.13663,1.13648,1.13659,,,,,74
2025-04-17 13:15:00,1.13654,1.13654,1.13632,1.13649,1.1366,1.1366,1.13638,1.13655,,,,,45
2025-04-17 13:16:00,1.13648,1.13659,1.13642,1.13643,1.13654,1.13668,1.13648,1.13649,,,,,53
2025-04-17 13:17:00,1.13644,1.13657,1.13633,1.13657,1.1365,1.13663,1.13639,1.13663,,,,,45
2025-04-17 13:18:00,1.13659,1.1367,1.13652,1.13656,1.13665,1.13677,1.13661,1.13665,,,,,47
2025-04-17 13:19:00,1.13657,1.13678,1.13657,1.1367,1.13663,1.13684,1.13663,1.13676,,,,,61
2025-04-17 13:20:00,1.13669,1.13696,1.13658,1.13658,1.13675,1.1371,1.13664,1.13664,,,,,106
2025-04-17 13:21:00,1.13664,1.13665,1.13643,1.13654,1.1367,1.13671,1.13649,1.1366,,,,,98
2025-04-17 13:22:00,1.13659,1.13664,1.13644,1.13648,1.13665,1.1367,1.1365,1.13654,,,,,70
2025-04-17 13:23:00,1.13649,1.13657,1.13634,1.13637,1.13655,1.13663,1.1364,1.13643,,,,,59
2025-04-17 13:24:00,1.13638,1.13648,1.13635,1.13643,1.13644,1.13654,1.13641,1.13649,,,,,33
2025-04-17 13:25:00,1.13642,1.13657,1.13637,1.13653,1.13648,1.13663,1.13643,1.13659,,,,,53
2025-04-17 13:26:00,1.13658,1.13683,1.13658,1.13674,1.13664,1.13689,1.13664,1.1368,,,,,26
2025-04-17 13:27:00,1.13673,1.13677,1.13658,1.13669,1.13679,1.13683,1.13664,1.13675,,,,,77
2025-04-17 13:28:00,1.1367,1.13679,1.13666,1.13675,1.13676,1.13685,1.13672,1.13681,,,,,40
2025-04-17 13:29:00,1.13674,1.13674,1.1365,1.13661,1.1368,1.1368,1.13665,1.13672,,,,,52
2025-04-17 13:30:00,1.13659,1.13686,1.13659,1.13663,1.13665,1.13692,1.13665,1.13674,,,,,38
2025-04-17 13:31:00,1.13664,1.1367,1.13661,1.13663,1.13673,1.13676,1.13667,1.13669,,,,,48
2025-04-17 13:32:00,1.13664,1.1367,1.13634,1.13635,1.1367,1.13676,1.13641,1.13641,,,,,85
2025-04-17 13:33:00,1.13636,1.13689,1.13636,1.13672,1.13642,1.13695,1.13642,1.13678,,,,,77
2025-04-17 13:34:00,1.1367,1.13685,1.13668,1.13673,1.13676,1.13691,1.13674,1.13679,,,,,55
2025-04-17 13:35:00,1.13674,1.13685,1.13668,1.1368,1.1368,1.13691,1.13674,1.13686,,,,,54
2025-04-17 13:36:00,1.13679,1.13693,1.13658,1.13663,1.13685,1.137,1.13669,1.13669,,,,,52
2025-04-17 13:37:00,1.1366,1.13675,1.13657,1.13673,1.13666,1.13681,1.13663,1.13679,,,,,31
2025-04-17 13:38:00,1.13667,1.13671,1.13642,1.13654,1.13676,1.13678,1.13651,1.1366,,,,,44
2025-04-17 13:39:00,1.13649,1.13663,1.13637,1.13639,1.13659,1.13669,1.13644,1.13645,,,,,55
2025-04-17 13:40:00,1.1364,1.13643,1.13634,1.13636,1.13646,1.13649,1.1364,1.13642,,,,,32
2025-04-17 13:41:00,1.13638,1.13666,1.13638,1.13662,1.13644,1.13672,1.13644,1.13668,,,,,61
2025-04-17 13:42:00,1.13657,1.13664,1.13648,1.13653,1.13663,1.1367,1.13654,1.13659,,,,,67
2025-04-17 13:43:00,1.13655,1.13668,1.13655,1.13664,1.13664,1.13674,1.13663,1.1367,,,,,44
2025-04-17 13:44:00,1.13665,1.13665,1.13644,1.13648,1.13671,1.13671,1.1365,1.13654,,,,,33
2025-04-17 13:45:00,1.1365,1.1365,1.13621,1.13623,1.13656,1.13656,1.13627,1.13629,,,,,48
2025-04-17 13:46:00,1.13622,1.13634,1.136,1.13609,1.13628,1.1364,1.13609,1.13615,,,,,59
2025-04-17 13:47:00,1.1361,1.13617,1.13597,1.13616,1.13616,1.13629,1.13609,1.13622,,,,,60
2025-04-17 13:48:00,1.13614,1.13654,1.13608,1.13644,1.1362,1.1366,1.13614,1.1365,,,,,61
2025-04-17 13:49:00,1.13642,1.13654,1.13642,1.13644,1.13648,1.1366,1.13648,1.1365,,,,,28
2025-04-17 13:50:00,1.13642,1.13666,1.13636,1.13664,1.13648,1.13672,1.13642,1.1367,,,,,69
2025-04-17 13:51:00,1.13665,1.13665,1.13646,1.13653,1.13671,1.13671,1.13652,1.13659,,,,,39
2025-04-17 13:52:00,1.13659,1.13669,1.13645,1.13667,1.13665,1.13675,1.13654,1.13673,,,,,35
2025-04-17 13:53:00,1.13674,1.13677,1.13636,1.13643,1.1368,1.13686,1.13644,1.13649,,,,,70
2025-04-17 13:54:00,1.13644,1.13654,1.13615,1.13618,1.1365,1.13663,1.13621,1.13624,,,,,81
2025-04-17 13:55:00,1.13619,1.13621,1.13585,1.13585,1.13625,1.13627,1.13591,1.13591,,,,,110
2025-04-17 13:56:00,1.13593,1.13596,1.13573,1.13587,1.13599,1.13603,1.13579,1.13593,,,,,86
2025-04-17 13:57:00,1.13588,1.13588,1.13554,1.13573,1.13594,1.13594,1.13562,1.13579,,,,,96
2025-04-17 13:58:00,1.13574,1.13593,1.13563,1.13573,1.1358,1.13599,1.13569,1.13579,,,,,115
2025-04-17 13:59:00,1.13572,1.13577,1.13563,1.13564,1.13578,1.13584,1.13569,1.1357,,,,,37
2025-04-17 14:00:00,1.13559,1.13567,1.13531,1.13543,1.13565,1.13575,1.13537,1.13549,,,,,102
2025-04-17 14:01:00,1.13542,1.13578,1.13538,1.13578,1.13548,1.13584,1.13544,1.13584,,,,,78
2025-04-17 14:02:00,1.13575,1.13583,1.13558,1.13572,1.13581,1.13589,1.13566,1.13578,,,,,70
2025-04-17 14:03:00,1.13573,1.13602,1.13558,1.13601,1.13579,1.13608,1.13564,1.13607,,,,,173
2025-04-17 14:04:00,1.13607,1.13658,1.136,1.13658,1.13613,1.13664,1.13609,1.13664,,,,,135
2025-04-17 14:05:00,1.13659,1.13664,1.13611,1.13622,1.13665,1.13672,1.13623,1.13631,,,,,129
2025-04-17 14:06:00,1.13623,1.1363,1.13604,1.13619,1.13632,1.13638,1.1361,1.13625,,,,,101
2025-04-17 14:07:00,1.13601,1.13633,1.13592,1.13598,1.13607,1.13642,1.13598,1.13604,,,,,119
2025-04-17 14:08:00,1.13599,1.13607,1.13589,1.13603,1.13605,1.1362,1.13602,1.13612,,,,,69
2025-04-17 14:09:00,1.13602,1.13608,1.1359,1.13597,1.13611,1.13617,1.136,1.13603,,,,,78
2025-04-17 14:10:00,1.13594,1.13598,1.13558,1.13575,1.136,1.13604,1.13566,1.13581,,,,,80
2025-04-17 14:11:00,1.13574,1.13604,1.13561,1.13604,1.1358,1.13617,1.13567,1.13613,,,,,91
2025-04-17 14:12:00,1.13605,1.13627,1.136,1.13616,1.13614,1.13637,1.13609,1.13637,,,,,41
2025-04-17 14:13:00,1.13617,1.13626,1.13612,1.13613,1.1364,1.13641,1.13619,1.13622,,,,,66
2025-04-17 14:14:00,1.13614,1.13643,1.13587,1.1359,1.13623,1.13652,1.13608,1.13633,,,,,185
2025-04-17 14:15:00,1.13588,1.13673,1.13516,1.1362,1.13636,1.13692,1.13546,1.13629,,,,,188
2025-04-17 14:16:00,1.13619,1.13624,1.13494,1.13581,1.13628,1.13633,1.13512,1.13598,,,,,186
2025-04-17 14:17:00,1.13587,1.13642,1.13495,1.13603,1.136,1.13651,1.13512,1.13612,,,,,142
2025-04-17 14:18:00,1.13608,1.13608,1.13527,1.13546,1.13617,1.13617,1.13536,1.13555,,,,,140
2025-04-17 14:19:00,1.13545,1.13545,1.13491,1.13508,1.13554,1.13554,1.13502,1.13517,,,,,212
2025-04-17 14:20:00,1.13507,1.13507,1.13349,1.13424,1.13516,1.13516,1.13362,1.1343,,,,,360
2025-04-17 14:21:00,1.13427,1.13438,1.13387,1.13422,1.13433,1.13444,1.13396,1.13428,,,,,191
2025-04-17 14:22:00,1.13418,1.13462,1.13403,1.13452,1.13424,1.13471,1.13409,1.13458,,,,,191
2025-04-17 14:23:00,1.13449,1.13467,1.13414,1.13453,1.13455,1.13476,1.13423,1.1347,,,,,159
2025-04-17 14:24:00,1.13452,1.13472,1.1344,1.13441,1.13465,1.13481,1.13446,1.13447,,,,,141
2025-04-17 14:25:00,1.13442,1.13452,1.13406,1.13412,1.13448,1.13458,1.1342,1.13427,,,,,142
2025-04-17 14:26:00,1.13413,1.13432,1.13401,1.13425,1.13428,1.13438,1.13408,1.13431,,,,,78
2025-04-17 14:27:00,1.13427,1.13454,1.13415,1.13452,1.13433,1.13461,1.13421,1.13458,,,,,56
2025-04-17 14:28:00,1.13456,1.13479,1.13438,1.13441,1.13462,1.13487,1.13449,1.13453,,,,,113
2025-04-17 14:29:00,1.1344,1.1344,1.13397,1.13434,1.13451,1.13494,1.1342,1.13494,,,,,163
2025-04-17 14:30:00,1.1343,1.13499,1.13377,1.13472,1.1349,1.13549,1.13437,1.13483,,,,,138
2025-04-17 14:31:00,1.13478,1.13513,1.13478,1.13491,1.13491,1.13522,1.13486,1.13497,,,,,105
2025-04-17 14:32:00,1.13489,1.13507,1.13478,1.13498,1.13495,1.13513,1.13487,1.13504,,,,,84
2025-04-17 14:33:00,1.13496,1.13536,1.13448,1.13449,1.13502,1.13544,1.13454,1.13455,,,,,215
2025-04-17 14:34:00,1.13446,1.13459,1.13397,1.13404,1.13458,1.13465,1.13405,1.13416,,,,,199
2025-04-17 14:35:00,1.13406,1.13525,1.13406,1.1352,1.13415,1.13534,1.13415,1.13529,,,,,187
2025-04-17 14:36:00,1.13521,1.13528,1.13453,1.13471,1.1353,1.13534,1.13471,1.13484,,,,,185
2025-04-17 14:37:00,1.13472,1.13505,1.13466,1.1349,1.13485,1.13518,1.13476,1.13499,,,,,169
2025-04-17 14:38:00,1.13486,1.1349,1.13446,1.13468,1.13495,1.13499,1.13453,1.13474,,,,,142
2025-04-17 14:39:00,1.13472,1.13522,1.13471,1.13521,1.13478,1.13528,1.13477,1.13527,,,,,123
2025-04-17 14:40:00,1.13528,1.13565,1.13521,1.13557,1.13534,1.13571,1.13527,1.13563,,,,,174
2025-04-17 14:41:00,1.13555,1.13566,1.13507,1.1353,1.13561,1.13572,1.13513,1.13539,,,,,121
2025-04-17 14:42:00,1.13531,1.13565,1.13521,1.1355,1.1354,1.13576,1.13527,1.13556,,,,,117
2025-04-17 14:43:00,1.13549,1.13582,1.13543,1.1355,1.13555,1.13591,1.13549,1.13559,,,,,133
2025-04-17 14:44:00,1.13548,1.13555,1.13533,1.13549,1.13554,1.1357,1.13541,1.13563,,,,,191
2025-04-17 14:45:00,1.13544,1.13591,1.1354,1.13543,1.13559,1.136,1.13549,1.13552,,,,,130
2025-04-17 14:46:00,1.1354,1.1355,1.1349,1.13506,1.13549,1.13559,1.13499,1.13521,,,,,113
2025-04-17 14:47:00,1.13507,1.13526,1.13499,1.13505,1.13519,1.13535,1.1351,1.13514,,,,,98
2025-04-17 14:48:00,1.13504,1.1355,1.13497,1.1355,1.13513,1.13559,1.13506,1.13559,,,,,76
2025-04-17 14:49:00,1.13552,1.13562,1.13513,1.13531,1.13561,1.13571,1.13528,1.1354,,,,,112
2025-04-17 14:50:00,1.1353,1.1353,1.13436,1.13496,1.13539,1.13539,1.13445,1.13505,,,,,148
2025-04-17 14:51:00,1.13497,1.13527,1.13482,1.13482,1.13506,1.13536,1.13491,1.13491,,,,,98
2025-04-17 14:52:00,1.13484,1.13537,1.13481,1.13505,1.13493,1.13546,1.1349,1.13514,,,,,139
2025-04-17 14:53:00,1.13509,1.13521,1.13488,1.13505,1.13518,1.1353,1.13497,1.13511,,,,,138
2025-04-17 14:54:00,1.13507,1.13521,1.13498,1.13502,1.13513,1.13533,1.13504,1.13508,,,,,111
2025-04-17 14:55:00,1.13506,1.1353,1.13491,1.13499,1.13512,1.13537,1.13502,1.13505,,,,,189
2025-04-17 14:56:00,1.13501,1.13542,1.13406,1.13407,1.13507,1.13551,1.13415,1.13416,,,,,268
2025-04-17 14:57:00,1.13406,1.13528,1.13387,1.13522,1.13415,1.13537,1.13407,1.13528,,,,,227
2025-04-17 14:58:00,1.13524,1.13577,1.13515,1.13561,1.1353,1.13586,1.13521,1.13567,,,,,206
2025-04-17 14:59:00,1.13563,1.13565,1.13529,1.13564,1.13572,1.13574,1.13535,1.1357,,,,,190
2025-04-17 15:00:00,1.13562,1.13667,1.13562,1.13652,1.13568,1.13681,1.13568,1.13661,,,,,302
2025-04-17 15:01:00,1.13653,1.13685,1.13627,1.1368,1.13662,1.13702,1.13634,1.13696,,,,,195
2025-04-17 15:02:00,1.13677,1.13681,1.13611,1.13627,1.13695,1.13699,1.1362,1.13636,,,,,223
2025-04-17 15:03:00,1.13629,1.13689,1.13621,1.13665,1.13638,1.13698,1.1363,1.13674,,,,,183
2025-04-17 15:04:00,1.13663,1.13665,1.13626,1.1364,1.13672,1.13672,1.13632,1.13646,,,,,140
2025-04-17 15:05:00,1.13643,1.1373,1.13634,1.13725,1.13649,1.13744,1.1364,1.13739,,,,,193
2025-04-17 15:06:00,1.13728,1.13772,1.13699,1.13732,1.13743,1.13783,1.13707,1.13741,,,,,237
2025-04-17 15:07:00,1.13735,1.1377,1.13706,1.13721,1.13744,1.13776,1.13712,1.13727,,,,,182
2025-04-17 15:08:00,1.13722,1.13757,1.13698,1.13699,1.13728,1.13766,1.13707,1.13708,,,,,148
2025-04-17 15:09:00,1.13698,1.13712,1.13666,1.13678,1.13707,1.13721,1.13679,1.13687,,,,,122
2025-04-17 15:10:00,1.13677,1.13678,1.13589,1.13595,1.13686,1.13688,1.13595,1.13601,,,,,144
2025-04-17 15:11:00,1.13597,1.13597,1.13514,1.13553,1.13603,1.13603,1.13537,1.13562,,,,,189
2025-04-17 15:12:00,1.13543,1.1355,1.13508,1.13533,1.13552,1.13556,1.13517,1.13539,,,,,173
2025-04-17 15:13:00,1.13534,1.13589,1.13529,1.13564,1.1354,1.13595,1.13535,1.1357,,,,,93
2025-04-17 15:14:00,1.13565,1.13594,1.13545,1.13551,1.13571,1.136,1.13551,1.13557,,,,,130
2025-04-17 15:15:00,1.13549,1.13589,1.13513,1.13575,1.13555,1.13602,1.13522,1.13584,,,,,156
2025-04-17 15:16:00,1.13571,1.13652,1.13571,1.13648,1.13587,1.13658,1.13579,1.13654,,,,,138
2025-04-17 15:17:00,1.13647,1.13649,1.13622,1.13627,1.13653,1.13655,1.13628,1.13633,,,,,115
2025-04-17 15:18:00,1.13626,1.13628,1.13599,1.13614,1.13632,1.13634,1.13605,1.1362,,,,,89
2025-04-17 15:19:00,1.13618,1.13627,1.13588,1.13596,1.13624,1.13633,1.13594,1.13602,,,,,95
2025-04-17 15:20:00,1.13595,1.13597,1.13519,1.13538,1.13601,1.13603,1.13525,1.13544,,,,,124
2025-04-17 15:21:00,1.13552,1.13568,1.13542,1.13555,1.13558,1.13574,1.13548,1.13561,,,,,99
2025-04-17 15:22:00,1.13557,1.13589,1.13552,1.13576,1.13563,1.13595,1.13558,1.13582,,,,,99
2025-04-17 15:23:00,1.13577,1.13641,1.13563,1.13595,1.13583,1.13647,1.13569,1.13601,,,,,162
2025-04-17 15:24:00,1.13597,1.13624,1.13566,1.13622,1.13603,1.1363,1.13572,1.13628,,,,,136
2025-04-17 15:25:00,1.13623,1.13639,1.13605,1.13633,1.13629,1.13645,1.13611,1.13639,,,,,88
2025-04-17 15:26:00,1.13634,1.13645,1.13625,1.1363,1.1364,1.13651,1.13631,1.13636,,,,,74
2025-04-17 15:27:00,1.13626,1.1367,1.13608,1.13669,1.13632,1.13676,1.13614,1.13675,,,,,95
2025-04-17 15:28:00,1.13667,1.13685,1.13656,1.13666,1.13673,1.13691,1.13662,1.13672,,,,,93
2025-04-17 15:29:00,1.13665,1.13667,1.13617,1.13654,1.13671,1.13673,1.13623,1.1366,,,,,93
2025-04-17 15:30:00,1.13655,1.13672,1.13614,1.1364,1.13661,1.13678,1.1362,1.13646,,,,,142
2025-04-17 15:31:00,1.13636,1.13638,1.13554,1.13554,1.13642,1.13644,1.13567,1.13567,,,,,110
2025-04-17 15:32:00,1.13552,1.13583,1.13539,1.13549,1.13565,1.13592,1.13548,1.13555,,,,,162
2025-04-17 15:33:00,1.1355,1.13624,1.13549,1.1362,1.13556,1.1363,1.13555,1.13626,,,,,143
2025-04-17 15:34:00,1.13617,1.13673,1.13617,1.13654,1.13623,1.13679,1.13623,1.1366,,,,,136
2025-04-17 15:35:00,1.13655,1.13683,1.13631,1.13637,1.13661,1.13689,1.13637,1.13643,,,,,133
2025-04-17 15:36:00,1.13638,1.13639,1.13615,1.13624,1.13644,1.13645,1.13621,1.1363,,,,,97
2025-04-17 15:37:00,1.13626,1.13677,1.13621,1.13657,1.13632,1.13684,1.1363,1.13663,,,,,116
2025-04-17 15:38:00,1.13658,1.13666,1.13627,1.13643,1.13664,1.13672,1.13633,1.13649,,,,,101
2025-04-17 15:39:00,1.13647,1.13669,1.13617,1.13649,1.13653,1.13675,1.13623,1.13655,,,,,114
2025-04-17 15:40:00,1.1365,1.13666,1.1363,1.13648,1.13656,1.13672,1.13636,1.13654,,,,,116
2025-04-17 15:41:00,1.13647,1.13647,1.13602,1.1363,1.13653,1.13657,1.13626,1.13636,,,,,137
2025-04-17 15:42:00,1.13632,1.13644,1.13615,1.13627,1.13638,1.1365,1.13621,1.13633,,,,,80
2025-04-17 15:43:00,1.13625,1.13644,1.13613,1.1364,1.13631,1.13652,1.13624,1.13646,,,,,127
2025-04-17 15:44:00,1.13644,1.13645,1.13579,1.13593,1.1365,1.13651,1.13585,1.13599,,,,,106
2025-04-17 15:45:00,1.13595,1.13595,1.13575,1.1358,1.13601,1.13601,1.13581,1.13586,,,,,73
2025-04-17 15:46:00,1.13575,1.1362,1.13565,1.13592,1.13581,1.13626,1.13571,1.13598,,,,,129
2025-04-17 15:47:00,1.13591,1.1362,1.1357,1.13583,1.13597,1.13626,1.13576,1.13589,,,,,119
2025-04-17 15:48:00,1.13586,1.13619,1.13582,1.13594,1.13592,1.13628,1.13588,1.136,,,,,129
2025-04-17 15:49:00,1.13593,1.13607,1.1355,1.13607,1.13599,1.13613,1.13556,1.13613,,,,,136
2025-04-17 15:50:00,1.13606,1.13608,1.13547,1.13553,1.13612,1.13614,1.13553,1.13559,,,,,158
2025-04-17 15:51:00,1.13552,1.13632,1.13547,1.13632,1.13558,1.13638,1.13553,1.13638,,,,,180
2025-04-17 15:52:00,1.13633,1.13639,1.13569,1.13581,1.13639,1.13645,1.13575,1.13587,,,,,136
2025-04-17 15:53:00,1.13582,1.13618,1.13582,1.13591,1.13588,1.13624,1.13588,1.13597,,,,,99
2025-04-17 15:54:00,1.13588,1.13624,1.13573,1.13624,1.13594,1.1363,1.13585,1.1363,,,,,134
2025-04-17 15:55:00,1.13626,1.13647,1.13618,1.13618,1.13632,1.13655,1.13624,1.13624,,,,,117
2025-04-17 15:56:00,1.1362,1.13647,1.13608,1.13617,1.13626,1.13653,1.13614,1.13623,,,,,130
2025-04-17 15:57:00,1.13615,1.13645,1.13604,1.13633,1.13621,1.13651,1.1361,1.13639,,,,,157
2025-04-17 15:58:00,1.13631,1.13639,1.13601,1.13612,1.13637,1.13645,1.13607,1.13618,,,,,125
2025-04-17 15:59:00,1.13613,1.13617,1.13592,1.1361,1.13619,1.13623,1.13599,1.13616,,,,,138
2025-04-17 16:00:00,1.13616,1.13624,1.13594,1.13619,1.13622,1.1363,1.136,1.13625,,,,,140
2025-04-17 16:01:00,1.13618,1.13625,1.13592,1.136,1.13624,1.13635,1.13598,1.13606,,,,,121
2025-04-17 16:02:00,1.13604,1.1361,1.13595,1.13602,1.1361,1.13618,1.13601,1.13613,,,,,89
2025-04-17 16:03:00,1.13603,1.13615,1.13589,1.136,1.13612,1.13627,1.13599,1.13606,,,,,114
2025-04-17 16:04:00,1.13599,1.13611,1.13595,1.13599,1.13605,1.13617,1.13602,1.13605,,,,,52
2025-04-17 16:05:00,1.13596,1.13623,1.13567,1.13612,1.13602,1.13629,1.13573,1.13618,,,,,130
2025-04-17 16:06:00,1.13611,1.13611,1.13575,1.13595,1.13617,1.13617,1.13581,1.13601,,,,,93
2025-04-17 16:07:00,1.13597,1.1362,1.13586,1.13604,1.13603,1.13626,1.13592,1.1361,,,,,86
2025-04-17 16:08:00,1.13603,1.13605,1.13579,1.13591,1.13609,1.13614,1.13585,1.13597,,,,,86
2025-04-17 16:09:00,1.1359,1.13608,1.13569,1.13595,1.13596,1.13616,1.13575,1.13601,,,,,94
2025-04-17 16:10:00,1.13596,1.13625,1.13583,1.13613,1.13602,1.13631,1.13589,1.13622,,,,,90
2025-04-17 16:11:00,1.13609,1.13628,1.13601,1.13617,1.13618,1.13634,1.1361,1.13623,,,,,76
2025-04-17 16:12:00,1.13614,1.13626,1.13578,1.13596,1.1362,1.13632,1.13584,1.13602,,,,,97
2025-04-17 16:13:00,1.13597,1.13624,1.13597,1.13615,1.13603,1.13633,1.13603,1.13621,,,,,86
2025-04-17 16:14:00,1.13611,1.13632,1.136,1.13632,1.13617,1.1364,1.13606,1.13638,,,,,81
2025-04-17 16:15:00,1.13633,1.13673,1.13621,1.13671,1.13639,1.13679,1.13627,1.13677,,,,,75
2025-04-17 16:16:00,1.13675,1.13708,1.13663,1.13678,1.13681,1.13714,1.13669,1.13684,,,,,95
2025-04-17 16:17:00,1.13687,1.13717,1.13683,1.13717,1.13693,1.13726,1.13689,1.13726,,,,,93
2025-04-17 16:18:00,1.13718,1.13744,1.13715,1.13737,1.13727,1.13754,1.13724,1.13746,,,,,135
2025-04-17 16:19:00,1.1374,1.1378,1.13725,1.13764,1.13749,1.13788,1.13734,1.1377,,,,,121
2025-04-17 16:20:00,1.13766,1.13784,1.1375,1.13781,1.13772,1.1379,1.13756,1.13787,,,,,126
2025-04-17 16:21:00,1.1378,1.13806,1.13769,1.13797,1.13786,1.13812,1.13775,1.13803,,,,,97
2025-04-17 16:22:00,1.13803,1.13843,1.13792,1.13832,1.13809,1.13849,1.13798,1.13838,,,,,151
2025-04-17 16:23:00,1.13826,1.13831,1.13805,1.13817,1.13832,1.13842,1.13811,1.13823,,,,,96
2025-04-17 16:24:00,1.13816,1.13818,1.13803,1.13814,1.13822,1.13826,1.13811,1.1382,,,,,74
2025-04-17 16:25:00,1.13815,1.13851,1.13812,1.13851,1.13821,1.13857,1.13821,1.13857,,,,,111
2025-04-17 16:26:00,1.13849,1.13855,1.13819,1.13821,1.13855,1.13861,1.13825,1.13827,,,,,115
2025-04-17 16:27:00,1.13825,1.13829,1.13802,1.13804,1.13831,1.13835,1.13808,1.13813,,,,,84
2025-04-17 16:28:00,1.13809,1.13825,1.13792,1.13798,1.13821,1.13834,1.13804,1.13804,,,,,131
2025-04-17 16:29:00,1.13797,1.13802,1.13776,1.13777,1.13803,1.13808,1.13782,1.13783,,,,,92
2025-04-17 16:30:00,1.13774,1.13786,1.13763,1.13769,1.1378,1.13792,1.13769,1.13775,,,,,100
2025-04-17 16:31:00,1.13768,1.1379,1.1376,1.1376,1.13774,1.13796,1.13767,1.13772,,,,,75
2025-04-17 16:32:00,1.13756,1.13756,1.13723,1.13727,1.13762,1.13762,1.13729,1.13733,,,,,127
2025-04-17 16:33:00,1.13724,1.1373,1.13682,1.13697,1.1373,1.13736,1.13695,1.13703,,,,,106
2025-04-17 16:34:00,1.13695,1.13702,1.13679,1.13679,1.13701,1.13711,1.13685,1.13685,,,,,153
2025-04-17 16:35:00,1.13681,1.13699,1.13669,1.13698,1.13687,1.13705,1.13679,1.13704,,,,,135
2025-04-17 16:36:00,1.13699,1.1375,1.13695,1.13731,1.13705,1.13756,1.13705,1.13737,,,,,105
2025-04-17 16:37:00,1.13729,1.13777,1.13717,1.13763,1.13735,1.13783,1.13723,1.13769,,,,,112
2025-04-17 16:38:00,1.13764,1.13796,1.13745,1.13779,1.1377,1.13802,1.13751,1.13785,,,,,131
2025-04-17 16:39:00,1.13778,1.1378,1.13749,1.13761,1.13784,1.13786,1.13755,1.13767,,,,,100
2025-04-17 16:40:00,1.1376,1.13761,1.13719,1.13721,1.13766,1.13767,1.13725,1.13727,,,,,125
2025-04-17 16:41:00,1.13722,1.13744,1.13704,1.13712,1.13728,1.1375,1.1371,1.13718,,,,,116
2025-04-17 16:42:00,1.13714,1.13716,1.13695,1.13709,1.1372,1.13724,1.13701,1.13718,,,,,93
2025-04-17 16:43:00,1.13708,1.13715,1.13692,1.13706,1.13717,1.13721,1.13698,1.13712,,,,,98
2025-04-17 16:44:00,1.13703,1.13749,1.13703,1.13739,1.13709,1.13755,1.13709,1.13745,,,,,100
2025-04-17 16:45:00,1.1374,1.13759,1.1373,1.13758,1.13746,1.13765,1.13736,1.13764,,,,,76
2025-04-17 16:46:00,1.13757,1.1377,1.13702,1.13732,1.13763,1.13776,1.13708,1.13738,,,,,117
2025-04-17 16:47:00,1.13731,1.1374,1.137,1.13703,1.13737,1.13746,1.13706,1.13709,,,,,70
2025-04-17 16:48:00,1.13705,1.13705,1.13653,1.13654,1.13711,1.13711,1.13659,1.1366,,,,,64
2025-04-17 16:49:00,1.13655,1.13659,1.13623,1.13642,1.13661,1.13665,1.13629,1.13648,,,,,93
2025-04-17 16:50:00,1.13643,1.13647,1.13618,1.13625,1.13649,1.13653,1.13624,1.13631,,,,,88
2025-04-17 16:51:00,1.13624,1.13635,1.13621,1.1363,1.1363,1.13644,1.13627,1.13636,,,,,84
2025-04-17 16:52:00,1.13622,1.13632,1.13613,1.13616,1.13628,1.13638,1.13619,1.13622,,,,,85
2025-04-17 16:53:00,1.13617,1.13618,1.13501,1.13521,1.13628,1.13629,1.13511,1.13527,,,,,157
2025-04-17 16:54:00,1.13523,1.13557,1.13484,1.13489,1.13529,1.13563,1.1349,1.13495,,,,,178
2025-04-17 16:55:00,1.1349,1.1349,1.13381,1.13438,1.13496,1.13496,1.13392,1.13444,,,,,285
2025-04-17 16:56:00,1.13446,1.13475,1.13416,1.13472,1.13452,1.13481,1.13422,1.13478,,,,,260
2025-04-17 16:57:00,1.13471,1.1349,1.13442,1.13452,1.13477,1.13498,1.13448,1.13458,,,,,288
2025-04-17 16:58:00,1.13457,1.13507,1.13457,1.13504,1.13463,1.13513,1.13463,1.1351,,,,,315
2025-04-17 16:59:00,1.13505,1.13516,1.13483,1.13493,1.13511,1.13523,1.13489,1.13499,,,,,235
2025-04-17 17:00:00,1.13492,1.13505,1.13482,1.13497,1.13498,1.13512,1.13488,1.13509,,,,,227
2025-04-17 17:01:00,1.13498,1.13502,1.13486,1.135,1.1351,1.13512,1.13492,1.13506,,,,,217
2025-04-17 17:02:00,1.13504,1.13542,1.13494,1.13536,1.1351,1.13557,1.13503,1.13557,,,,,178
2025-04-17 17:03:00,1.13537,1.13557,1.13525,1.13532,1.13558,1.13574,1.13534,1.13553,,,,,113
2025-04-17 17:04:00,1.13531,1.1354,1.13473,1.13528,1.13552,1.13558,1.13482,1.13552,,,,,158
2025-04-17 17:05:00,1.13529,1.13558,1.13519,1.1354,1.13554,1.13565,1.13525,1.13554,,,,,143
2025-04-17 17:06:00,1.13537,1.1355,1.13521,1.13533,1.13551,1.13556,1.1353,1.13539,,,,,109
2025-04-17 17:07:00,1.13532,1.1356,1.13517,1.13558,1.13538,1.13566,1.13523,1.13564,,,,,76
2025-04-17 17:08:00,1.13555,1.13578,1.13536,1.1356,1.13561,1.13584,1.13542,1.13566,,,,,92
2025-04-17 17:09:00,1.13561,1.13561,1.13539,1.1355,1.13567,1.13567,1.13545,1.13556,,,,,54
2025-04-17 17:10:00,1.13549,1.13574,1.13529,1.13573,1.13555,1.1358,1.13535,1.13579,,,,,88
2025-04-17 17:11:00,1.13571,1.13601,1.13564,1.13584,1.13577,1.13607,1.1357,1.1359,,,,,79
2025-04-17 17:12:00,1.13583,1.1359,1.13567,1.13571,1.13589,1.13596,1.13573,1.13577,,,,,75
2025-04-17 17:13:00,1.1357,1.13605,1.13568,1.13603,1.13576,1.13611,1.13574,1.13609,,,,,78
2025-04-17 17:14:00,1.13599,1.13638,1.13599,1.13623,1.13605,1.13647,1.13605,1.13629,,,,,98
2025-04-17 17:15:00,1.13624,1.13645,1.13603,1.13638,1.1363,1.13651,1.13609,1.13644,,,,,64
2025-04-17 17:16:00,1.13628,1.13644,1.13627,1.13632,1.13634,1.13655,1.13633,1.13638,,,,,66
2025-04-17 17:17:00,1.1364,1.13645,1.13608,1.13608,1.13646,1.13651,1.13614,1.13614,,,,,54
2025-04-17 17:18:00,1.1361,1.1361,1.13588,1.13589,1.13616,1.13616,1.13594,1.13595,,,,,50
2025-04-17 17:19:00,1.13587,1.13672,1.13581,1.13632,1.13593,1.13678,1.13587,1.13638,,,,,96
2025-04-17 17:20:00,1.13633,1.13672,1.13631,1.13671,1.13639,1.13678,1.13639,1.13677,,,,,75
2025-04-17 17:21:00,1.1367,1.13689,1.13651,1.13689,1.13676,1.13695,1.13657,1.13695,,,,,83
2025-04-17 17:22:00,1.13693,1.13709,1.13681,1.13706,1.13699,1.13715,1.13687,1.13712,,,,,86
2025-04-17 17:23:00,1.13703,1.13708,1.13693,1.13696,1.13709,1.13714,1.13699,1.13702,,,,,62
2025-04-17 17:24:00,1.13697,1.13714,1.13696,1.13714,1.13703,1.1372,1.13702,1.1372,,,,,51
2025-04-17 17:25:00,1.13718,1.13723,1.13703,1.13711,1.13724,1.1373,1.13709,1.1372,,,,,80
2025-04-17 17:26:00,1.13713,1.13733,1.13698,1.13721,1.13722,1.13739,1.13709,1.13727,,,,,62
2025-04-17 17:27:00,1.13722,1.13733,1.13712,1.13726,1.13728,1.13739,1.13718,1.13732,,,,,44
2025-04-17 17:28:00,1.13723,1.13737,1.13707,1.13737,1.13729,1.13749,1.13713,1.13743,,,,,52
2025-04-17 17:29:00,1.13734,1.13745,1.13723,1.13745,1.13746,1.13754,1.13734,1.13754,,,,,76
2025-04-17 17:30:00,1.13744,1.13756,1.13739,1.13743,1.13753,1.13765,1.13748,1.13755,,,,,90
2025-04-17 17:31:00,1.13742,1.13762,1.13741,1.13753,1.13754,1.13768,1.13749,1.13759,,,,,61
2025-04-17 17:32:00,1.13752,1.13756,1.13733,1.13735,1.13758,1.13765,1.13739,1.13741,,,,,73
2025-04-17 17:33:00,1.13733,1.13751,1.13733,1.13741,1.13739,1.13757,1.13739,1.13747,,,,,51
2025-04-17 17:34:00,1.13739,1.13739,1.13715,1.13734,1.13745,1.13745,1.13721,1.1374,,,,,47
2025-04-17 17:35:00,1.13733,1.13736,1.13712,1.13727,1.13739,1.13742,1.13718,1.13733,,,,,84
2025-04-17 17:36:00,1.13728,1.13737,1.13683,1.13686,1.13734,1.13743,1.13689,1.13692,,,,,87
2025-04-17 17:37:00,1.13684,1.13692,1.13663,1.13681,1.13695,1.137,1.13669,1.13687,,,,,71
2025-04-17 17:38:00,1.13679,1.13697,1.13675,1.13693,1.13685,1.13703,1.13681,1.13699,,,,,53
2025-04-17 17:39:00,1.13696,1.13698,1.1367,1.1367,1.13702,1.13704,1.13676,1.13676,,,,,47
2025-04-17 17:40:00,1.13662,1.13702,1.13653,1.137,1.13668,1.13708,1.13659,1.13706,,,,,46
2025-04-17 17:41:00,1.13702,1.13702,1.13688,1.13694,1.13708,1.13708,1.13694,1.137,,,,,38
2025-04-17 17:42:00,1.13692,1.13702,1.13683,1.13687,1.13698,1.13708,1.13689,1.13693,,,,,44
2025-04-17 17:43:00,1.13688,1.13712,1.13679,1.13707,1.13694,1.13718,1.13685,1.13713,,,,,72
2025-04-17 17:44:00,1.13701,1.13701,1.13676,1.1368,1.13707,1.13707,1.13682,1.13686,,,,,82
2025-04-17 17:45:00,1.13679,1.13692,1.13662,1.13663,1.13685,1.13698,1.13668,1.13669,,,,,73
2025-04-17 17:46:00,1.13665,1.13677,1.13649,1.13662,1.13671,1.13683,1.13655,1.13668,,,,,81
2025-04-17 17:47:00,1.1366,1.13675,1.13655,1.13667,1.13666,1.13683,1.13661,1.13673,,,,,93
2025-04-17 17:48:00,1.13668,1.13698,1.13668,1.13688,1.13674,1.13704,1.13674,1.13694,,,,,72
2025-04-17 17:49:00,1.13689,1.13691,1.13651,1.13652,1.13695,1.13697,1.13658,1.13658,,,,,69
2025-04-17 17:50:00,1.13649,1.13657,1.13622,1.13631,1.13655,1.13664,1.13628,1.13637,,,,,132
2025-04-17 17:51:00,1.13632,1.13662,1.1363,1.13662,1.13638,1.13668,1.13636,1.13668,,,,,79
2025-04-17 17:52:00,1.13661,1.13662,1.1363,1.13631,1.13667,1.13668,1.13636,1.13637,,,,,78
2025-04-17 17:53:00,1.13632,1.13637,1.13598,1.13606,1.13638,1.13643,1.13604,1.13612,,,,,68
2025-04-17 17:54:00,1.13607,1.1362,1.13589,1.13601,1.13613,1.13626,1.13601,1.13607,,,,,102
2025-04-17 17:55:00,1.13602,1.13611,1.13591,1.136,1.13608,1.1362,1.13597,1.13606,,,,,69
2025-04-17 17:56:00,1.13598,1.13613,1.13594,1.13607,1.13604,1.13619,1.136,1.13613,,,,,73
2025-04-17 17:57:00,1.13606,1.13645,1.13606,1.13639,1.13612,1.13651,1.13612,1.13648,,,,,82
2025-04-17 17:58:00,1.1364,1.13646,1.13624,1.13624,1.13649,1.13652,1.13636,1.13637,,,,,81
2025-04-17 17:59:00,1.13626,1.13631,1.13601,1.13631,1.13636,1.13637,1.13613,1.13637,,,,,115
2025-04-17 18:00:00,1.13633,1.13665,1.13585,1.13593,1.13639,1.13671,1.13591,1.13599,,,,,130
2025-04-17 18:01:00,1.13595,1.13631,1.13589,1.13631,1.13601,1.13637,1.13595,1.13637,,,,,70
2025-04-17 18:02:00,1.13637,1.13661,1.13626,1.13661,1.13643,1.13667,1.13632,1.13667,,,,,103
2025-04-17 18:03:00,1.13662,1.13665,1.13649,1.13657,1.13668,1.13671,1.13655,1.13663,,,,,83
2025-04-17 18:04:00,1.13659,1.13687,1.13659,1.1368,1.13665,1.13693,1.13665,1.13686,,,,,108
2025-04-17 18:05:00,1.13679,1.13705,1.13612,1.13698,1.13685,1.13716,1.13621,1.13707,,,,,289
2025-04-17 18:06:00,1.13697,1.13708,1.13669,1.1369,1.13706,1.13716,1.13678,1.13696,,,,,177
2025-04-17 18:07:00,1.13692,1.13695,1.13641,1.13645,1.13698,1.13702,1.1365,1.13654,,,,,121
2025-04-17 18:08:00,1.13646,1.13662,1.13636,1.13647,1.13655,1.13668,1.13645,1.13653,,,,,137
2025-04-17 18:09:00,1.13648,1.13657,1.13608,1.13608,1.13654,1.13663,1.13617,1.13617,,,,,106
2025-04-17 18:10:00,1.13602,1.13602,1.13562,1.13567,1.13611,1.13611,1.13568,1.13573,,,,,114
2025-04-17 18:11:00,1.13566,1.13595,1.13565,1.13595,1.13572,1.13604,1.13572,1.13604,,,,,101
2025-04-17 18:12:00,1.13597,1.13598,1.13575,1.13584,1.13606,1.13607,1.13582,1.13593,,,,,95
2025-04-17 18:13:00,1.13585,1.13618,1.13585,1.13587,1.13594,1.13624,1.13592,1.13596,,,,,113
2025-04-17 18:14:00,1.13586,1.13603,1.13566,1.13603,1.13595,1.13611,1.13575,1.13609,,,,,85
2025-04-17 18:15:00,1.13602,1.1363,1.13593,1.13625,1.13608,1.13636,1.13599,1.13631,,,,,101
2025-04-17 18:16:00,1.13621,1.13635,1.13599,1.13635,1.13627,1.13641,1.13608,1.13641,,,,,98
2025-04-17 18:17:00,1.13637,1.13639,1.13621,1.13621,1.13643,1.13645,1.13627,1.13627,,,,,71
2025-04-17 18:18:00,1.13622,1.13625,1.13608,1.13615,1.13628,1.13631,1.13617,1.13621,,,,,28
2025-04-17 18:19:00,1.13616,1.13618,1.13595,1.13597,1.13622,1.13624,1.13601,1.13603,,,,,47
2025-04-17 18:20:00,1.13598,1.13616,1.13584,1.13601,1.13604,1.13622,1.1359,1.13607,,,,,86
2025-04-17 18:21:00,1.13602,1.1363,1.13599,1.13624,1.13608,1.13636,1.13605,1.1363,,,,,78
2025-04-17 18:22:00,1.13623,1.13625,1.13596,1.13597,1.13629,1.13635,1.1361,1.13611,,,,,67
2025-04-17 18:23:00,1.13598,1.13606,1.13596,1.13605,1.13613,1.13614,1.13606,1.13611,,,,,56
2025-04-17 18:24:00,1.13606,1.13635,1.13593,1.13621,1.13612,1.13641,1.13599,1.13627,,,,,67
2025-04-17 18:25:00,1.13623,1.13627,1.13577,1.13579,1.13629,1.13633,1.13591,1.13594,,,,,75
2025-04-17 18:26:00,1.13582,1.13582,1.13513,1.13513,1.13595,1.13595,1.13519,1.13519,,,,,92
2025-04-17 18:27:00,1.13514,1.13537,1.13509,1.13523,1.1352,1.13543,1.13515,1.13529,,,,,70
2025-04-17 18:28:00,1.13522,1.1354,1.13506,1.13507,1.13528,1.13546,1.13512,1.13513,,,,,70
2025-04-17 18:29:00,1.13506,1.13512,1.135,1.13505,1.13512,1.13518,1.13506,1.13511,,,,,64
2025-04-17 18:30:00,1.13501,1.13532,1.13499,1.1353,1.13507,1.13541,1.13505,1.13536,,,,,48
2025-04-17 18:31:00,1.13529,1.1356,1.13525,1.13552,1.13535,1.13566,1.13531,1.13558,,,,,84
2025-04-17 18:32:00,1.13553,1.13554,1.13509,1.13516,1.13559,1.1356,1.13515,1.13522,,,,,73
2025-04-17 18:33:00,1.13515,1.13515,1.13487,1.13492,1.13521,1.13521,1.13493,1.13501,,,,,63
2025-04-17 18:34:00,1.13493,1.13533,1.13485,1.13486,1.13502,1.13539,1.13491,1.13492,,,,,82
2025-04-17 18:35:00,1.13487,1.13487,1.13397,1.1342,1.13493,1.13493,1.13403,1.13426,,,,,141
2025-04-17 18:36:00,1.13421,1.13459,1.13401,1.13458,1.13427,1.13465,1.13407,1.13464,,,,,96
2025-04-17 18:37:00,1.1346,1.13471,1.13435,1.13443,1.13466,1.13477,1.13441,1.13449,,,,,101
2025-04-17 18:38:00,1.13444,1.13477,1.13444,1.13471,1.1345,1.13483,1.1345,1.1348,,,,,68
2025-04-17 18:39:00,1.1347,1.13474,1.13443,1.13464,1.13479,1.13483,1.13449,1.1347,,,,,75
2025-04-17 18:40:00,1.13463,1.13501,1.13433,1.13501,1.13469,1.13507,1.1344,1.13507,,,,,91
2025-04-17 18:41:00,1.13497,1.13538,1.13486,1.13533,1.13503,1.13547,1.13492,1.13542,,,,,107
2025-04-17 18:42:00,1.13537,1.13569,1.13529,1.13562,1.13546,1.13575,1.1354,1.13568,,,,,144
2025-04-17 18:43:00,1.1356,1.13588,1.13537,1.13567,1.13566,1.13594,1.13543,1.13573,,,,,202
2025-04-17 18:44:00,1.13569,1.13592,1.13566,1.13587,1.13575,1.13604,1.13572,1.13601,,,,,163
2025-04-17 18:45:00,1.13589,1.13589,1.13573,1.13589,1.13604,1.13604,1.13587,1.13595,,,,,74
2025-04-17 18:46:00,1.13585,1.13585,1.13538,1.13539,1.13591,1.13591,1.13544,1.13545,,,,,70
2025-04-17 18:47:00,1.1354,1.13546,1.13531,1.13536,1.13546,1.13552,1.13537,1.13542,,,,,49
2025-04-17 18:48:00,1.13537,1.13539,1.13522,1.13535,1.13543,1.13545,1.13528,1.13541,,,,,36
2025-04-17 18:49:00,1.13538,1.13546,1.13538,1.13538,1.13544,1.13552,1.13544,1.13544,,,,,52
2025-04-17 18:50:00,1.13541,1.13546,1.13536,1.13542,1.13547,1.13554,1.13544,1.13548,,,,,65
2025-04-17 18:51:00,1.13544,1.13547,1.13528,1.13533,1.1355,1.13553,1.13534,1.13539,,,,,48
2025-04-17 18:52:00,1.13532,1.13532,1.13504,1.13519,1.13538,1.13538,1.1351,1.13525,,,,,37
2025-04-17 18:53:00,1.1352,1.13521,1.1349,1.13499,1.13526,1.13527,1.13496,1.13505,,,,,47
2025-04-17 18:54:00,1.13506,1.13518,1.13482,1.13518,1.13512,1.13524,1.13488,1.13524,,,,,74
2025-04-17 18:55:00,1.13515,1.13515,1.13452,1.13467,1.13521,1.13521,1.13459,1.13473,,,,,104
2025-04-17 18:56:00,1.13471,1.13507,1.1347,1.1349,1.13477,1.13516,1.13476,1.13499,,,,,79
2025-04-17 18:57:00,1.13494,1.1351,1.13472,1.13486,1.13503,1.13521,1.13478,1.13492,,,,,95
2025-04-17 18:58:00,1.13487,1.13516,1.13486,1.13502,1.13493,1.13522,1.13492,1.13508,,,,,79
2025-04-17 18:59:00,1.13503,1.13519,1.13498,1.13504,1.13509,1.13525,1.13504,1.1351,,,,,74
2025-04-17 19:00:00,1.13502,1.13517,1.13493,1.13508,1.13508,1.13523,1.13499,1.13514,,,,,82
2025-04-17 19:01:00,1.13507,1.13507,1.13474,1.1348,1.13513,1.13513,1.1348,1.13486,,,,,55
2025-04-17 19:02:00,1.13479,1.13479,1.13458,1.1346,1.13485,1.13485,1.13464,1.13466,,,,,90
2025-04-17 19:03:00,1.13459,1.13477,1.13458,1.13466,1.13465,1.13483,1.13464,1.13472,,,,,43
2025-04-17 19:04:00,1.13465,1.13483,1.13462,1.13477,1.13471,1.13489,1.13468,1.13483,,,,,81
2025-04-17 19:05:00,1.13478,1.13494,1.13477,1.1349,1.13484,1.135,1.13484,1.13496,,,,,43
2025-04-17 19:06:00,1.13484,1.13494,1.13469,1.13475,1.1349,1.13502,1.13476,1.13484,,,,,61
2025-04-17 19:07:00,1.13474,1.13485,1.13468,1.13473,1.13483,1.13494,1.13474,1.13479,,,,,36
2025-04-17 19:08:00,1.13472,1.13476,1.13471,1.13474,1.13478,1.13482,1.13477,1.1348,,,,,22
2025-04-17 19:09:00,1.13471,1.13487,1.13467,1.13483,1.13477,1.13493,1.13476,1.13492,,,,,31
2025-04-17 19:10:00,1.13484,1.13499,1.13463,1.13475,1.13493,1.13505,1.13475,1.13481,,,,,71
2025-04-17 19:11:00,1.13474,1.13479,1.13459,1.1347,1.1348,1.13485,1.13465,1.13476,,,,,41
2025-04-17 19:12:00,1.13469,1.1347,1.13458,1.13466,1.13475,1.13476,1.13465,1.13472,,,,,44
2025-04-17 19:13:00,1.13467,1.13467,1.13436,1.13444,1.13473,1.13473,1.13442,1.1345,,,,,36
2025-04-17 19:14:00,1.13445,1.13446,1.13421,1.13425,1.13451,1.13454,1.13427,1.13431,,,,,38
2025-04-17 19:15:00,1.1342,1.13455,1.1342,1.13443,1.13436,1.13467,1.13436,1.13452,,,,,101
2025-04-17 19:16:00,1.13442,1.13446,1.13437,1.13446,1.13451,1.13452,1.13446,1.13452,,,,,22
2025-04-17 19:17:00,1.13443,1.13454,1.13438,1.13446,1.13449,1.1346,1.13444,1.13452,,,,,36
2025-04-17 19:18:00,1.13447,1.13447,1.13438,1.13439,1.13453,1.13456,1.13445,1.13454,,,,,44
2025-04-17 19:19:00,1.1344,1.13444,1.13439,1.13444,1.13455,1.13458,1.13453,1.13457,,,,,42
2025-04-17 19:20:00,1.13442,1.13444,1.1343,1.13441,1.13456,1.13456,1.13439,1.13447,,,,,36
2025-04-17 19:21:00,1.13443,1.13459,1.13439,1.13456,1.13449,1.13468,1.13445,1.13462,,,,,55
2025-04-17 19:22:00,1.13455,1.13474,1.1345,1.13471,1.13469,1.13484,1.13465,1.13477,,,,,59
2025-04-17 19:23:00,1.13469,1.13469,1.13427,1.13427,1.13475,1.13475,1.13433,1.13433,,,,,64
2025-04-17 19:24:00,1.13426,1.13435,1.13421,1.13421,1.13432,1.13441,1.13427,1.13427,,,,,27
2025-04-17 19:25:00,1.13422,1.1343,1.13407,1.13422,1.13428,1.13436,1.13413,1.13428,,,,,42
2025-04-17 19:26:00,1.13427,1.13449,1.13426,1.13444,1.13433,1.13455,1.13432,1.1345,,,,,67
2025-04-17 19:27:00,1.13443,1.13446,1.13438,1.13446,1.13449,1.13455,1.13444,1.13455,,,,,37
2025-04-17 19:28:00,1.13447,1.1345,1.13439,1.13445,1.13453,1.13456,1.13448,1.13451,,,,,31
2025-04-17 19:29:00,1.13448,1.13473,1.13447,1.13471,1.13454,1.13479,1.13453,1.13477,,,,,27
2025-04-17 19:30:00,1.1347,1.1347,1.13457,1.13461,1.13476,1.13476,1.13463,1.13467,,,,,42
2025-04-17 19:31:00,1.1346,1.13467,1.13458,1.13461,1.13466,1.13473,1.13464,1.13467,,,,,27
2025-04-17 19:32:00,1.13465,1.1348,1.13457,1.13479,1.13471,1.13486,1.13463,1.13485,,,,,17
2025-04-17 19:33:00,1.13481,1.13488,1.1347,1.13472,1.13487,1.13495,1.13476,1.13478,,,,,48
2025-04-17 19:34:00,1.1348,1.1349,1.13472,1.13476,1.13486,1.13496,1.13481,1.13485,,,,,45
2025-04-17 19:35:00,1.13477,1.13481,1.13457,1.1347,1.13486,1.13487,1.13463,1.13476,,,,,46
2025-04-17 19:36:00,1.13473,1.13481,1.13467,1.13469,1.13479,1.13487,1.13473,1.13475,,,,,40
2025-04-17 19:37:00,1.1347,1.1348,1.13455,1.13469,1.13476,1.13486,1.13461,1.13475,,,,,39
2025-04-17 19:38:00,1.13468,1.13483,1.13465,1.13474,1.13474,1.13489,1.13471,1.1348,,,,,43
2025-04-17 19:39:00,1.13475,1.13477,1.13464,1.13465,1.13481,1.1349,1.13474,1.13474,,,,,47
2025-04-17 19:40:00,1.13464,1.1347,1.13455,1.1347,1.13473,1.13476,1.13461,1.13476,,,,,34
2025-04-17 19:41:00,1.13473,1.13495,1.1347,1.13491,1.13479,1.13501,1.13476,1.13497,,,,,43
2025-04-17 19:42:00,1.13494,1.13512,1.13494,1.13503,1.135,1.13518,1.135,1.13509,,,,,51
2025-04-17 19:43:00,1.13502,1.13509,1.13491,1.13494,1.13508,1.13515,1.13497,1.135,,,,,50
2025-04-17 19:44:00,1.13486,1.13504,1.13482,1.13492,1.13492,1.1351,1.13488,1.13498,,,,,44
2025-04-17 19:45:00,1.13491,1.13509,1.13489,1.13497,1.13497,1.13515,1.13495,1.13503,,,,,76
2025-04-17 19:46:00,1.13502,1.13515,1.13499,1.13513,1.13508,1.13521,1.13505,1.13519,,,,,52
2025-04-17 19:47:00,1.13508,1.1352,1.13489,1.13519,1.13514,1.13526,1.13495,1.13525,,,,,46
2025-04-17 19:48:00,1.13517,1.13525,1.13504,1.13511,1.13523,1.13531,1.1351,1.13517,,,,,43
2025-04-17 19:49:00,1.13512,1.13521,1.13498,1.13518,1.13518,1.13527,1.13504,1.13524,,,,,60
2025-04-17 19:50:00,1.13517,1.13528,1.13494,1.13527,1.13523,1.13534,1.135,1.13533,,,,,62
2025-04-17 19:51:00,1.13526,1.13535,1.13512,1.13516,1.13532,1.13541,1.13518,1.13522,,,,,46
2025-04-17 19:52:00,1.1352,1.13532,1.13513,1.13522,1.13526,1.13538,1.13519,1.13528,,,,,41
2025-04-17 19:53:00,1.13524,1.1353,1.13499,1.1351,1.1353,1.13536,1.13509,1.13516,,,,,66
2025-04-17 19:54:00,1.13513,1.13517,1.13499,1.13499,1.13519,1.13523,1.13505,1.13505,,,,,35
2025-04-17 19:55:00,1.135,1.1352,1.135,1.13505,1.13506,1.13526,1.13506,1.13511,,,,,32
2025-04-17 19:56:00,1.13498,1.135,1.13489,1.1349,1.13504,1.13509,1.13495,1.13502,,,,,62
2025-04-17 19:57:00,1.13491,1.1352,1.13489,1.13512,1.13503,1.13528,1.13502,1.13518,,,,,66
2025-04-17 19:58:00,1.13511,1.13516,1.13507,1.13513,1.13517,1.13522,1.13513,1.13519,,,,,63
2025-04-17 19:59:00,1.13512,1.13515,1.13506,1.13508,1.13518,1.13521,1.13512,1.13514,,,,,61
2025-04-17 20:00:00,1.1352,1.13533,1.13505,1.13505,1.13526,1.13539,1.13511,1.13511,,,,,67
2025-04-17 20:01:00,1.13507,1.13513,1.13504,1.13511,1.13513,1.1352,1.1351,1.1352,,,,,34
2025-04-17 20:02:00,1.13512,1.13515,1.13501,1.13502,1.13518,1.13522,1.13507,1.13508,,,,,35
2025-04-17 20:03:00,1.1351,1.13542,1.1351,1.13542,1.13516,1.13554,1.13516,1.13551,,,,,48
2025-04-17 20:04:00,1.13537,1.13548,1.1353,1.13535,1.13546,1.13562,1.13541,1.13541,,,,,67
2025-04-17 20:05:00,1.13537,1.13551,1.13535,1.13538,1.13543,1.13557,1.13541,1.13544,,,,,37
2025-04-17 20:06:00,1.13539,1.1354,1.13528,1.1353,1.13545,1.13546,1.13534,1.13536,,,,,29
2025-04-17 20:07:00,1.13532,1.13537,1.13518,1.13522,1.13538,1.13543,1.13524,1.13528,,,,,41
2025-04-17 20:08:00,1.1353,1.13533,1.13523,1.13526,1.13536,1.13541,1.13529,1.13535,,,,,38
2025-04-17 20:09:00,1.13528,1.13528,1.13479,1.13496,1.13537,1.13537,1.13485,1.13502,,,,,44
2025-04-17 20:10:00,1.13495,1.13501,1.13487,1.13489,1.13501,1.13507,1.13493,1.13495,,,,,41
2025-04-17 20:11:00,1.13491,1.13491,1.1345,1.13451,1.13497,1.13497,1.13456,1.13457,,,,,37
2025-04-17 20:12:00,1.13448,1.13455,1.13428,1.13448,1.13454,1.13461,1.13435,1.13454,,,,,48
2025-04-17 20:13:00,1.1345,1.13468,1.13445,1.13468,1.13456,1.13474,1.13451,1.13474,,,,,46
2025-04-17 20:14:00,1.13465,1.13489,1.13457,1.13489,1.13471,1.13495,1.13463,1.13495,,,,,35
2025-04-17 20:15:00,1.13488,1.13514,1.13488,1.13505,1.13494,1.1352,1.13494,1.13511,,,,,70
2025-04-17 20:16:00,1.13495,1.13532,1.13486,1.13516,1.13501,1.13538,1.13492,1.13522,,,,,53
2025-04-17 20:17:00,1.13511,1.13541,1.1351,1.13539,1.13517,1.13547,1.13516,1.13545,,,,,64
2025-04-17 20:18:00,1.13535,1.13555,1.13535,1.13552,1.13541,1.13561,1.13541,1.13558,,,,,45
2025-04-17 20:19:00,1.13553,1.13558,1.13544,1.13557,1.13559,1.13566,1.1355,1.13563,,,,,34
2025-04-17 20:20:00,1.13556,1.13556,1.13541,1.1355,1.13562,1.13562,1.13547,1.13556,,,,,58
2025-04-17 20:21:00,1.13551,1.13555,1.13529,1.13545,1.13557,1.13561,1.13535,1.13551,,,,,41
2025-04-17 20:22:00,1.13546,1.13546,1.1354,1.13542,1.13552,1.13552,1.13546,1.13548,,,,,22
2025-04-17 20:23:00,1.13543,1.13556,1.1354,1.13555,1.13549,1.13562,1.13546,1.13561,,,,,20
2025-04-17 20:24:00,1.13554,1.13567,1.13552,1.13567,1.1356,1.13573,1.13558,1.13573,,,,,14
2025-04-17 20:25:00,1.1357,1.13593,1.13565,1.1359,1.13579,1.13599,1.13571,1.13596,,,,,54
2025-04-17 20:26:00,1.13591,1.13636,1.1359,1.13636,1.13597,1.13642,1.13596,1.13642,,,,,84
2025-04-17 20:27:00,1.13634,1.13634,1.1361,1.13612,1.1364,1.1364,1.13616,1.13618,,,,,58
2025-04-17 20:28:00,1.1361,1.1361,1.13593,1.13605,1.13616,1.13616,1.13599,1.13611,,,,,32
2025-04-17 20:29:00,1.13604,1.13605,1.13569,1.13572,1.1361,1.13611,1.13575,1.13578,,,,,40
2025-04-17 20:30:00,1.13571,1.13573,1.13559,1.13562,1.13577,1.13579,1.13565,1.13568,,,,,48
2025-04-17 20:31:00,1.13563,1.13567,1.13556,1.1356,1.13569,1.13573,1.13562,1.13566,,,,,26
2025-04-17 20:32:00,1.13559,1.13597,1.13558,1.13595,1.13565,1.13603,1.13564,1.13601,,,,,46
2025-04-17 20:33:00,1.13594,1.13607,1.13589,1.13605,1.136,1.13613,1.13595,1.13611,,,,,37
2025-04-17 20:34:00,1.13609,1.13626,1.13609,1.13622,1.13615,1.13632,1.13615,1.13628,,,,,32
2025-04-17 20:35:00,1.13626,1.13631,1.1361,1.13628,1.13632,1.13637,1.13619,1.13637,,,,,49
2025-04-17 20:36:00,1.13629,1.1364,1.13623,1.13629,1.13638,1.13646,1.13629,1.13638,,,,,36
2025-04-17 20:37:00,1.1363,1.13634,1.13623,1.13623,1.13639,1.13643,1.13632,1.13632,,,,,22
2025-04-17 20:38:00,1.13627,1.13628,1.13608,1.13608,1.13636,1.13637,1.13614,1.1362,,,,,28
2025-04-17 20:39:00,1.13607,1.13608,1.1359,1.136,1.13619,1.1362,1.13596,1.13606,,,,,45
2025-04-17 20:40:00,1.13599,1.13616,1.13599,1.13616,1.13605,1.13622,1.13605,1.13622,,,,,26
2025-04-17 20:41:00,1.13617,1.13624,1.13613,1.13621,1.13623,1.1363,1.13619,1.13627,,,,,19
2025-04-17 20:42:00,1.13623,1.13624,1.1359,1.13594,1.13629,1.1363,1.13596,1.136,,,,,24
2025-04-17 20:43:00,1.13596,1.13597,1.13583,1.13589,1.13602,1.13603,1.13592,1.13595,,,,,18
2025-04-17 20:44:00,1.1359,1.13607,1.13586,1.13591,1.13596,1.13613,1.13592,1.13597,,,,,30
2025-04-17 20:45:00,1.1359,1.13609,1.13589,1.13593,1.13596,1.13615,1.13595,1.13599,,,,,26
2025-04-17 20:46:00,1.13589,1.13622,1.13582,1.13607,1.13595,1.13628,1.13588,1.13616,,,,,110
2025-04-17 20:47:00,1.1361,1.13658,1.13608,1.13657,1.13619,1.13664,1.13616,1.13663,,,,,98
2025-04-17 20:48:00,1.13656,1.13674,1.13651,1.1367,1.13662,1.1368,1.13657,1.13679,,,,,79
2025-04-17 20:49:00,1.13669,1.13697,1.13669,1.13696,1.13678,1.13703,1.13678,1.13702,,,,,76
2025-04-17 20:50:00,1.13697,1.13705,1.13674,1.13699,1.13703,1.13711,1.13683,1.13705,,,,,71
2025-04-17 20:51:00,1.13698,1.13733,1.13695,1.1373,1.13704,1.13742,1.13701,1.13736,,,,,91
2025-04-17 20:52:00,1.13731,1.1375,1.13727,1.13733,1.13737,1.13756,1.13733,1.13739,,,,,104
2025-04-17 20:53:00,1.13735,1.13746,1.13725,1.13726,1.13741,1.13752,1.13731,1.13732,,,,,72
2025-04-17 20:54:00,1.13731,1.13732,1.13696,1.137,1.13737,1.13738,1.13702,1.13706,,,,,27
2025-04-17 20:55:00,1.13701,1.13716,1.13701,1.13707,1.13707,1.13722,1.13707,1.13713,,,,,37
2025-04-17 20:56:00,1.13712,1.13717,1.13696,1.13717,1.13718,1.13723,1.13702,1.13723,,,,,44
2025-04-17 20:57:00,1.13719,1.13745,1.13716,1.13718,1.13725,1.13755,1.13722,1.13724,,,,,84
2025-04-17 20:58:00,1.13715,1.13722,1.13707,1.13708,1.13725,1.13729,1.13716,1.13717,,,,,61
2025-04-17 20:59:00,1.13709,1.13747,1.13707,1.13733,1.13718,1.13754,1.13716,1.13739,,,,,120
2025-04-17 21:00:00,1.13731,1.13734,1.13712,1.13734,1.13737,1.1374,1.13718,1.1374,,,,,51
2025-04-17 21:01:00,1.13731,1.13735,1.13725,1.13725,1.13737,1.13741,1.13731,1.13731,,,,,33
2025-04-17 21:02:00,1.13726,1.13733,1.1372,1.13733,1.13732,1.13739,1.13726,1.13739,,,,,31
2025-04-17 21:03:00,1.13732,1.13734,1.1371,1.1371,1.13738,1.1374,1.13716,1.13716,,,,,19
2025-04-17 21:04:00,1.13705,1.13723,1.13691,1.13723,1.13711,1.13729,1.13697,1.13729,,,,,42
2025-04-17 21:05:00,1.13724,1.13724,1.13694,1.13711,1.1373,1.1373,1.13703,1.13717,,,,,32
2025-04-17 21:06:00,1.13701,1.13709,1.1369,1.13707,1.13713,1.13715,1.13696,1.13713,,,,,25
2025-04-17 21:07:00,1.13709,1.13725,1.13707,1.13721,1.13715,1.13731,1.13713,1.13727,,,,,23
2025-04-17 21:08:00,1.1372,1.1372,1.137,1.13705,1.13726,1.13726,1.13706,1.13711,,,,,15
2025-04-17 21:09:00,1.13707,1.13719,1.13705,1.13718,1.13713,1.13725,1.13711,1.13724,,,,,23
2025-04-17 21:10:00,1.1372,1.13751,1.1372,1.13733,1.13726,1.13757,1.13726,1.13739,,,,,47
2025-04-17 21:11:00,1.13732,1.13744,1.13732,1.13744,1.13738,1.1375,1.13738,1.1375,,,,,40
2025-04-17 21:12:00,1.13742,1.13742,1.1372,1.13725,1.13748,1.13748,1.13726,1.13731,,,,,33
2025-04-17 21:13:00,1.13729,1.13729,1.13695,1.13696,1.13735,1.13735,1.13701,1.13702,,,,,48
2025-04-17 21:14:00,1.13695,1.13714,1.13695,1.13696,1.13701,1.1372,1.13701,1.13702,,,,,39
2025-04-17 21:15:00,1.13699,1.137,1.13693,1.13698,1.13705,1.13706,1.13699,1.13704,,,,,22
2025-04-17 21:16:00,1.13691,1.13699,1.13683,1.13697,1.13697,1.13705,1.13689,1.13703,,,,,23
2025-04-17 21:17:00,1.13699,1.13719,1.13696,1.13719,1.13705,1.13725,1.13702,1.13725,,,,,30
2025-04-17 21:18:00,1.1372,1.13725,1.13719,1.13721,1.13726,1.13731,1.13725,1.13727,,,,,20
2025-04-17 21:19:00,1.1372,1.13739,1.13712,1.13739,1.13726,1.13745,1.13718,1.13745,,,,,30
2025-04-17 21:20:00,1.13738,1.13744,1.1373,1.13741,1.13744,1.1375,1.13736,1.13747,,,,,37
2025-04-17 21:21:00,1.1374,1.13744,1.13734,1.13739,1.13746,1.1375,1.1374,1.13745,,,,,16
2025-04-17 21:22:00,1.1374,1.13752,1.13731,1.13752,1.13746,1.13758,1.13737,1.13758,,,,,37
2025-04-17 21:23:00,1.13751,1.13751,1.13733,1.13734,1.13757,1.13757,1.13739,1.1374,,,,,52
2025-04-17 21:24:00,1.13735,1.13744,1.13732,1.13738,1.13741,1.13751,1.13738,1.13744,,,,,46
2025-04-17 21:25:00,1.1374,1.13746,1.13719,1.13719,1.13746,1.13752,1.13725,1.13725,,,,,35
2025-04-17 21:26:00,1.13721,1.13722,1.13712,1.13722,1.13727,1.13728,1.13718,1.13728,,,,,32
2025-04-17 21:27:00,1.13721,1.13723,1.13709,1.13709,1.13727,1.13729,1.13715,1.13715,,,,,35
2025-04-17 21:28:00,1.13714,1.13729,1.1371,1.13714,1.1372,1.13735,1.13716,1.1372,,,,,28
2025-04-17 21:29:00,1.13717,1.13733,1.13717,1.13732,1.13726,1.13739,1.13724,1.13738,,,,,46
2025-04-17 21:30:00,1.13731,1.1375,1.13726,1.13745,1.13737,1.13756,1.13732,1.13751,,,,,49
2025-04-17 21:31:00,1.13743,1.13752,1.13743,1.13747,1.13749,1.13758,1.13749,1.13756,,,,,19
2025-04-17 21:32:00,1.13745,1.13757,1.13745,1.13755,1.13753,1.13763,1.13751,1.13761,,,,,14
2025-04-17 21:33:00,1.13756,1.13756,1.13743,1.13749,1.13762,1.13762,1.13749,1.13755,,,,,23
2025-04-17 21:34:00,1.13746,1.13748,1.13734,1.13739,1.13752,1.13754,1.1374,1.13745,,,,,20
2025-04-17 21:35:00,1.13741,1.13754,1.13741,1.13754,1.13747,1.1376,1.13747,1.1376,,,,,12
2025-04-17 21:36:00,1.13758,1.13759,1.13733,1.13733,1.13764,1.13765,1.13739,1.13739,,,,,22
2025-04-17 21:37:00,1.13729,1.13748,1.13724,1.13747,1.13735,1.13754,1.1373,1.13753,,,,,19
2025-04-17 21:38:00,1.13746,1.13757,1.13746,1.13757,1.13752,1.13763,1.13752,1.13763,,,,,12
2025-04-17 21:39:00,1.13756,1.13756,1.13727,1.13734,1.13762,1.13762,1.13746,1.13754,,,,,29
2025-04-17 21:40:00,1.13733,1.13754,1.13719,1.13749,1.13756,1.13767,1.13738,1.13763,,,,,72
2025-04-17 21:41:00,1.13745,1.1375,1.1374,1.1375,1.13758,1.13763,1.13753,1.13763,,,,,10
2025-04-17 21:42:00,1.13749,1.1375,1.13737,1.13737,1.13762,1.13763,1.13748,1.13748,,,,,14
2025-04-17 21:43:00,1.13751,1.13755,1.13734,1.13735,1.1376,1.13765,1.13755,1.13757,,,,,57
2025-04-17 21:44:00,1.13734,1.13745,1.13734,1.13744,1.13756,1.13764,1.13752,1.13761,,,,,72
2025-04-17 21:45:00,1.13743,1.13743,1.13733,1.13734,1.1376,1.13761,1.13746,1.13748,,,,,36
2025-04-17 21:46:00,1.13731,1.13731,1.13715,1.13724,1.13749,1.13749,1.13728,1.13733,,,,,27
2025-04-17 21:47:00,1.13727,1.13728,1.13713,1.13714,1.13736,1.13737,1.13719,1.1372,,,,,24
2025-04-17 21:48:00,1.13717,1.13722,1.13708,1.13721,1.13723,1.13728,1.13714,1.13727,,,,,21
2025-04-17 21:49:00,1.1372,1.1372,1.13708,1.13708,1.13726,1.13726,1.13714,1.13714,,,,,9
2025-04-17 21:50:00,1.1371,1.13733,1.1371,1.13733,1.13716,1.13739,1.13716,1.13739,,,,,24
2025-04-17 21:51:00,1.13734,1.13734,1.13717,1.13729,1.1374,1.1374,1.13726,1.13738,,,,,36
2025-04-17 21:52:00,1.13732,1.13747,1.13729,1.1374,1.13741,1.13756,1.13738,1.13746,,,,,35
2025-04-17 21:53:00,1.13741,1.13741,1.13736,1.13739,1.13747,1.13747,1.13742,1.13745,,,,,22
2025-04-17 21:54:00,1.1374,1.13741,1.13725,1.13725,1.13746,1.13747,1.13735,1.1374,,,,,25
2025-04-17 21:55:00,1.13737,1.13743,1.13733,1.13735,1.13743,1.13749,1.13739,1.13741,,,,,21
2025-04-17 21:56:00,1.13734,1.13737,1.13718,1.13724,1.1374,1.13743,1.13724,1.1373,,,,,25
2025-04-17 21:57:00,1.13723,1.13731,1.13713,1.1372,1.13729,1.1374,1.13719,1.13726,,,,,35
2025-04-17 21:58:00,1.13719,1.13719,1.13707,1.13713,1.13725,1.13725,1.13713,1.13719,,,,,22
2025-04-17 21:59:00,1.1371,1.13732,1.1371,1.13731,1.13716,1.13738,1.13716,1.13737,,,,,22
2025-04-17 22:00:00,1.1373,1.13732,1.13719,1.13725,1.13736,1.13741,1.13725,1.13731,,,,,27
2025-04-17 22:01:00,1.13724,1.13724,1.13701,1.13705,1.1373,1.1373,1.13709,1.13711,,,,,50
2025-04-17 22:02:00,1.13704,1.13704,1.13695,1.13697,1.1371,1.13712,1.13701,1.13703,,,,,15
2025-04-17 22:03:00,1.13691,1.13709,1.1369,1.13706,1.13705,1.13715,1.13703,1.13712,,,,,12
2025-04-17 22:04:00,1.13705,1.1371,1.13698,1.13704,1.13711,1.13716,1.13707,1.1371,,,,,14
2025-04-17 22:05:00,1.13711,1.13726,1.13711,1.13725,1.13717,1.13732,1.13717,1.13731,,,,,30
2025-04-17 22:06:00,1.13723,1.13727,1.13721,1.13721,1.13729,1.13733,1.13727,1.13727,,,,,13
2025-04-17 22:07:00,1.1372,1.1372,1.13713,1.13714,1.13726,1.13726,1.13719,1.13723,,,,,8
2025-04-17 22:08:00,1.13715,1.13722,1.1371,1.13711,1.1372,1.13735,1.13719,1.13734,,,,,19
2025-04-17 22:09:00,1.1371,1.13721,1.13708,1.13717,1.13732,1.13735,1.13729,1.13731,,,,,37
2025-04-17 22:10:00,1.13718,1.13732,1.13716,1.13731,1.13732,1.13746,1.1373,1.13744,,,,,32
2025-04-17 22:11:00,1.13733,1.13735,1.13714,1.13727,1.13745,1.13748,1.13723,1.13736,,,,,36
2025-04-17 22:12:00,1.13729,1.13729,1.13725,1.13725,1.13738,1.13746,1.13738,1.13742,,,,,31
2025-04-17 22:13:00,1.13728,1.13742,1.13728,1.1374,1.13744,1.13756,1.13744,1.13754,,,,,32
2025-04-17 22:14:00,1.13749,1.13762,1.13749,1.13756,1.13762,1.13771,1.13759,1.13762,,,,,25
2025-04-17 22:15:00,1.13754,1.13755,1.13738,1.13738,1.1376,1.13761,1.13747,1.13747,,,,,20
2025-04-17 22:16:00,1.1374,1.13744,1.13739,1.13741,1.13749,1.13752,1.13745,1.13747,,,,,11
2025-04-17 22:17:00,1.13735,1.13746,1.13735,1.13745,1.1375,1.13753,1.1375,1.13751,,,,,7
2025-04-17 22:18:00,1.13739,1.13742,1.13739,1.13739,1.13755,1.13755,1.13745,1.13745,,,,,5
2025-04-17 22:19:00,1.13741,1.13742,1.13733,1.13735,1.13747,1.1375,1.13745,1.1375,,,,,12
2025-04-17 22:20:00,1.13734,1.13745,1.13734,1.13744,1.13747,1.13754,1.13746,1.13753,,,,,13
2025-04-17 22:21:00,1.13745,1.13757,1.1374,1.13757,1.13754,1.13763,1.13752,1.13763,,,,,22
2025-04-17 22:22:00,1.13756,1.13758,1.13753,1.13756,1.13762,1.13764,1.13762,1.13762,,,,,19
2025-04-17 22:23:00,1.13755,1.13759,1.13745,1.13745,1.13761,1.13768,1.13756,1.1376,,,,,15
2025-04-17 22:24:00,1.13746,1.13752,1.13736,1.13737,1.13758,1.13764,1.13749,1.1375,,,,,27
2025-04-17 22:25:00,1.13731,1.13734,1.13728,1.13728,1.13742,1.13743,1.13738,1.13739,,,,,8
2025-04-17 22:26:00,1.13729,1.13733,1.13729,1.13732,1.13738,1.13742,1.13738,1.13741,,,,,10
2025-04-17 22:27:00,1.13734,1.13735,1.1371,1.1371,1.13743,1.13744,1.13716,1.13716,,,,,16
2025-04-17 22:28:00,1.13708,1.13708,1.13683,1.13684,1.13714,1.13714,1.13692,1.13693,,,,,33
2025-04-17 22:29:00,1.13683,1.13688,1.13681,1.13688,1.13692,1.13697,1.13691,1.13697,,,,,57
2025-04-17 22:30:00,1.13694,1.13695,1.13675,1.13681,1.13703,1.13705,1.13681,1.1369,,,,,33
2025-04-17 22:31:00,1.1368,1.13681,1.13668,1.13668,1.13689,1.13694,1.13685,1.13686,,,,,34
2025-04-17 22:32:00,1.13671,1.13679,1.13671,1.13676,1.13687,1.13691,1.13684,1.13685,,,,,34
2025-04-17 22:33:00,1.13674,1.13677,1.13671,1.13671,1.13687,1.13688,1.13686,1.13688,,,,,9
2025-04-17 22:34:00,1.1367,1.13674,1.13669,1.13672,1.13687,1.13689,1.13687,1.13688,,,,,13
2025-04-17 22:35:00,1.13671,1.13673,1.13666,1.13667,1.13687,1.13688,1.1368,1.13684,,,,,28
2025-04-17 22:36:00,1.13666,1.13672,1.13665,1.13668,1.13683,1.13684,1.13679,1.13682,,,,,21
2025-04-17 22:37:00,1.13671,1.13678,1.13665,1.13672,1.13685,1.13688,1.13682,1.13686,,,,,30
2025-04-17 22:38:00,1.13673,1.13677,1.13669,1.13676,1.13687,1.13694,1.13686,1.13692,,,,,27
2025-04-17 22:39:00,1.13677,1.13679,1.13672,1.13674,1.13693,1.13693,1.13688,1.13688,,,,,35
2025-04-17 22:40:00,1.13675,1.13679,1.13674,1.13679,1.13691,1.13691,1.13685,1.13685,,,,,12
2025-04-17 22:41:00,1.13681,1.13681,1.13674,1.13674,1.13687,1.13687,1.1368,1.1368,,,,,10
2025-04-17 22:42:00,1.13675,1.13676,1.13659,1.13668,1.13681,1.13683,1.13678,1.13683,,,,,11
2025-04-17 22:43:00,1.13666,1.13666,1.13648,1.1365,1.13675,1.13675,1.13654,1.13656,,,,,16
2025-04-17 22:44:00,1.13659,1.1366,1.1365,1.13653,1.13668,1.13669,1.13656,1.13659,,,,,9
2025-04-17 22:45:00,1.1365,1.13659,1.13643,1.13647,1.13656,1.13668,1.13656,1.1366,,,,,25
2025-04-17 22:46:00,1.13646,1.13648,1.13638,1.13638,1.13659,1.13661,1.1365,1.1365,,,,,35
2025-04-17 22:47:00,1.13639,1.13644,1.13639,1.13644,1.13651,1.13655,1.13651,1.13655,,,,,8
2025-04-17 22:48:00,1.13645,1.13681,1.13645,1.1368,1.13656,1.1369,1.13656,1.13689,,,,,36
2025-04-17 22:49:00,1.13676,1.1368,1.13662,1.13671,1.13685,1.13689,1.13671,1.1368,,,,,33
2025-04-17 22:50:00,1.1367,1.13674,1.13663,1.13666,1.13679,1.13683,1.13672,1.13675,,,,,79
2025-04-17 22:51:00,1.13667,1.13669,1.13663,1.13667,1.13676,1.13678,1.13672,1.13676,,,,,24
2025-04-17 22:52:00,1.13668,1.1367,1.13665,1.13667,1.13677,1.13679,1.13674,1.13676,,,,,37
2025-04-17 22:53:00,1.13668,1.13668,1.13655,1.1366,1.13677,1.13677,1.13664,1.13669,,,,,37
2025-04-17 22:54:00,1.13659,1.1366,1.13654,1.13657,1.13668,1.13669,1.13663,1.13666,,,,,75
2025-04-17 22:55:00,1.13654,1.13662,1.13649,1.13651,1.13669,1.13677,1.13664,1.13666,,,,,38
2025-04-17 22:56:00,1.13646,1.13648,1.13635,1.1364,1.13661,1.13663,1.1365,1.13655,,,,,36
2025-04-17 22:57:00,1.13641,1.13641,1.13608,1.13614,1.13656,1.13658,1.13637,1.1364,,,,,87
2025-04-17 22:58:00,1.13615,1.13623,1.13604,1.1362,1.13638,1.13654,1.13632,1.13652,,,,,83
2025-04-17 22:59:00,1.13619,1.13626,1.13598,1.13598,1.13654,1.13677,1.13653,1.13664,,,,,20
2025-04-17 23:01:00,1.13632,1.13632,1.13632,1.13632,1.13698,1.13698,1.13698,1.13698,,,,,1
2025-04-17 23:04:00,1.13633,1.13633,1.13633,1.13633,1.13699,1.13699,1.13699,1.13699,,,,,1
2025-04-17 23:06:00,1.13632,1.1365,1.13632,1.1365,1.13698,1.13716,1.13698,1.13716,,,,,2
2025-04-17 23:07:00,1.13634,1.13634,1.13634,1.13634,1.137,1.137,1.137,1.137,,,,,1
2025-04-17 23:09:00,1.13636,1.13636,1.13636,1.13636,1.13702,1.13702,1.13702,1.13702,,,,,1
2025-04-17 23:12:00,1.13633,1.13633,1.13633,1.13633,1.13699,1.13699,1.13699,1.13699,,,,,1
2025-04-17 23:13:00,1.13637,1.13637,1.13637,1.13637,1.13703,1.13703,1.13703,1.13703,,,,,1
2025-04-17 23:15:00,1.13617,1.13618,1.13596,1.13596,1.13683,1.13684,1.13662,1.13662,,,,,3
2025-04-17 23:16:00,1.1359,1.13612,1.1359,1.13594,1.13656,1.13678,1.13656,1.1366,,,,,3
2025-04-17 23:17:00,1.13591,1.13591,1.13591,1.13591,1.13657,1.13657,1.13657,1.13657,,,,,1
2025-04-17 23:19:00,1.13592,1.13592,1.13592,1.13592,1.13658,1.13658,1.13658,1.13658,,,,,1
2025-04-17 23:20:00,1.13604,1.13604,1.13584,1.13584,1.1367,1.1367,1.1365,1.1365,,,,,2
2025-04-17 23:21:00,1.13594,1.13594,1.13594,1.13594,1.1366,1.1366,1.1366,1.1366,,,,,1
2025-04-17 23:22:00,1.13602,1.13602,1.13602,1.13602,1.13668,1.13668,1.13668,1.13668,,,,,1
2025-04-17 23:23:00,1.13606,1.13618,1.13606,1.13618,1.13672,1.13684,1.13672,1.13684,,,,,2
2025-04-17 23:24:00,1.13594,1.13614,1.13594,1.13614,1.1366,1.1368,1.1366,1.1368,,,,,2
2025-04-17 23:25:00,1.13617,1.13674,1.13617,1.13674,1.13683,1.1374,1.13683,1.1374,,,,,3
2025-04-17 23:26:00,1.13676,1.13678,1.13676,1.13678,1.13742,1.13744,1.13742,1.13744,,,,,2
2025-04-17 23:27:00,1.13677,1.13677,1.13677,1.13677,1.13743,1.13743,1.13743,1.13743,,,,,1
2025-04-17 23:28:00,1.13679,1.13679,1.13679,1.13679,1.13745,1.13745,1.13745,1.13745,,,,,1
2025-04-17 23:30:00,1.13677,1.13677,1.13639,1.13667,1.13743,1.13743,1.13705,1.13733,,,,,6
2025-04-17 23:31:00,1.13677,1.13677,1.13677,1.13677,1.13743,1.13743,1.13743,1.13743,,,,,1
2025-04-17 23:32:00,1.13678,1.13678,1.13678,1.13678,1.13744,1.13744,1.13744,1.13744,,,,,1
2025-04-17 23:33:00,1.13675,1.13675,1.13675,1.13675,1.13741,1.13741,1.13741,1.13741,,,,,1
2025-04-17 23:35:00,1.13669,1.13669,1.13669,1.13669,1.13735,1.13735,1.13735,1.13735,,,,,1
2025-04-17 23:36:00,1.13667,1.13667,1.13667,1.13667,1.13733,1.13733,1.13733,1.13733,,,,,1
2025-04-17 23:37:00,1.13664,1.13664,1.13664,1.13664,1.1373,1.1373,1.1373,1.1373,,,,,1
2025-04-17 23:38:00,1.13662,1.13662,1.13662,1.13662,1.13728,1.13728,1.13728,1.13728,,,,,1
2025-04-17 23:39:00,1.13665,1.13665,1.13665,1.13665,1.13731,1.13731,1.13731,1.13731,,,,,1
2025-04-17 23:40:00,1.13663,1.13663,1.13663,1.13663,1.13729,1.13729,1.13729,1.13729,,,,,1
2025-04-17 23:42:00,1.13664,1.13664,1.13664,1.13664,1.1373,1.1373,1.1373,1.1373,,,,,1
2025-04-17 23:43:00,1.13665,1.13665,1.13665,1.13665,1.13731,1.13731,1.13731,1.13731,,,,,1
2025-04-17 23:44:00,1.13666,1.13666,1.13666,1.13666,1.13732,1.13732,1.13732,1.13732,,,,,1
2025-04-17 23:45:00,1.13668,1.13668,1.13665,1.13665,1.13734,1.13734,1.13731,1.13731,,,,,2
2025-04-17 23:46:00,1.13666,1.13666,1.13666,1.13666,1.13732,1.13732,1.13732,1.13732,,,,,1
2025-04-17 23:48:00,1.13669,1.13669,1.13669,1.13669,1.13735,1.13735,1.13735,1.13735,,,,,1
2025-04-17 23:49:00,1.13668,1.13668,1.13659,1.13659,1.13734,1.13734,1.13725,1.13725,,,,,2
2025-04-17 23:50:00,1.13663,1.13663,1.13663,1.13663,1.13729,1.13729,1.13729,1.13729,,,,,1
2025-04-17 23:52:00,1.13667,1.13667,1.13667,1.13667,1.13733,1.13733,1.13733,1.13733,,,,,1
2025-04-17 23:53:00,1.13666,1.13666,1.13666,1.13666,1.13732,1.13732,1.13732,1.13732,,,,,1
2025-04-17 23:54:00,1.13663,1.13663,1.13663,1.13663,1.13729,1.13729,1.13729,1.13729,,,,,1
2025-04-17 23:55:00,1.13665,1.13665,1.13665,1.13665,1.13731,1.13731,1.13731,1.13731,,,,,1
2025-04-17 23:58:00,1.13667,1.13667,1.13667,1.13667,1.13733,1.13733,1.13733,1.13733,,,,,1
2025-04-17 23:59:00,1.13665,1.13666,1.13661,1.13666,1.13731,1.13732,1.13727,1.13732,,,,,3
2025-04-18 00:00:00,1.13665,1.13676,1.13643,1.13676,1.13731,1.13742,1.13709,1.13742,,,,,3
2025-04-18 00:01:00,1.13643,1.13675,1.13643,1.13675,1.13709,1.13741,1.13709,1.13741,,,,,2
2025-04-18 00:02:00,1.13643,1.13676,1.13643,1.13676,1.13709,1.13742,1.13709,1.13742,,,,,2
2025-04-18 00:03:00,1.13642,1.13676,1.13642,1.13676,1.13708,1.13742,1.13708,1.13742,,,,,2
2025-04-18 00:04:00,1.13643,1.13677,1.13643,1.13677,1.13709,1.13743,1.13709,1.13743,,,,,2
2025-04-18 00:05:00,1.1368,1.1368,1.13646,1.1368,1.1374,1.1374,1.13706,1.1374,,,,,3
2025-04-18 00:06:00,1.13646,1.13646,1.13646,1.13646,1.13706,1.13706,1.13706,1.13706,,,,,1
2025-04-18 00:07:00,1.1368,1.1368,1.13646,1.13665,1.1374,1.1374,1.13706,1.13725,,,,,3
2025-04-18 00:08:00,1.13653,1.13653,1.13634,1.13651,1.13713,1.13713,1.13682,1.13693,,,,,12
2025-04-18 00:09:00,1.13646,1.13685,1.13646,1.13685,1.13701,1.13745,1.13701,1.13745,,,,,5
2025-04-18 00:10:00,1.13686,1.13686,1.13686,1.13686,1.13746,1.13746,1.13746,1.13746,,,,,1
2025-04-18 00:11:00,1.13687,1.13687,1.13687,1.13687,1.13747,1.13747,1.13747,1.13747,,,,,1
2025-04-18 00:12:00,1.13686,1.13686,1.13686,1.13686,1.13746,1.13746,1.13746,1.13746,,,,,1
2025-04-18 00:13:00,1.13663,1.13686,1.13663,1.13686,1.13723,1.13746,1.13723,1.13746,,,,,2
2025-04-18 00:14:00,1.13663,1.13686,1.13663,1.13686,1.13723,1.13746,1.13723,1.13746,,,,,2
2025-04-18 00:16:00,1.13687,1.13687,1.13687,1.13687,1.13747,1.13747,1.13747,1.13747,,,,,1
2025-04-18 00:17:00,1.13686,1.13686,1.13663,1.13683,1.13746,1.13746,1.13723,1.13743,,,,,3
2025-04-18 00:18:00,1.13663,1.13685,1.13663,1.13685,1.13723,1.13745,1.13723,1.13745,,,,,2
2025-04-18 00:19:00,1.13682,1.13685,1.13663,1.13682,1.13742,1.13745,1.13723,1.13742,,,,,4
2025-04-18 00:20:00,1.13663,1.13683,1.13663,1.13683,1.13723,1.13743,1.13723,1.13743,,,,,2
2025-04-18 00:21:00,1.13663,1.13684,1.13663,1.13684,1.13723,1.13744,1.13723,1.13744,,,,,4
2025-04-18 00:22:00,1.13663,1.13688,1.13663,1.13688,1.13723,1.13748,1.13723,1.13748,,,,,4
2025-04-18 00:23:00,1.13662,1.13679,1.13662,1.13662,1.13722,1.13739,1.13722,1.13722,,,,,3
2025-04-18 00:24:00,1.13683,1.13683,1.13662,1.13662,1.13743,1.13743,1.13722,1.13722,,,,,2
2025-04-18 00:25:00,1.1368,1.13689,1.13662,1.13662,1.1374,1.13749,1.13722,1.13722,,,,,4
2025-04-18 00:26:00,1.13683,1.13683,1.13662,1.13663,1.13743,1.13743,1.13722,1.13723,,,,,3
2025-04-18 00:27:00,1.13685,1.13685,1.13663,1.13684,1.13745,1.13745,1.13723,1.13744,,,,,3
2025-04-18 00:28:00,1.13663,1.13684,1.13663,1.13684,1.13723,1.13744,1.13723,1.13744,,,,,2
2025-04-18 00:29:00,1.13674,1.13682,1.13663,1.13682,1.13734,1.13742,1.13723,1.13742,,,,,3
2025-04-18 00:30:00,1.13663,1.13679,1.13662,1.13679,1.13723,1.13739,1.13722,1.13739,,,,,3
2025-04-18 00:31:00,1.13673,1.13678,1.13662,1.13662,1.13733,1.13738,1.13722,1.13722,,,,,4
2025-04-18 00:32:00,1.13679,1.13685,1.13679,1.13684,1.13739,1.13745,1.13739,1.13744,,,,,4
2025-04-18 00:33:00,1.13683,1.13689,1.13662,1.13662,1.13743,1.13749,1.13722,1.13722,,,,,8
2025-04-18 00:34:00,1.13687,1.13687,1.13662,1.13679,1.13747,1.13747,1.13722,1.13739,,,,,3
2025-04-18 00:35:00,1.13687,1.13687,1.13671,1.13674,1.13747,1.13747,1.13731,1.13734,,,,,6
2025-04-18 00:36:00,1.13662,1.13673,1.13662,1.13673,1.13722,1.13733,1.13722,1.13733,,,,,2
2025-04-18 00:37:00,1.13662,1.13673,1.13662,1.13673,1.13722,1.13733,1.13722,1.13733,,,,,2
2025-04-18 00:38:00,1.13653,1.13666,1.13653,1.13654,1.13753,1.13766,1.13753,1.13754,,,,,3
2025-04-18 00:39:00,1.13668,1.13668,1.13655,1.13655,1.13768,1.13768,1.13755,1.13755,,,,,2
2025-04-18 00:40:00,1.13661,1.13661,1.13652,1.13652,1.13761,1.13761,1.13752,1.13752,,,,,2
2025-04-18 00:41:00,1.13663,1.13663,1.13652,1.13652,1.13763,1.13763,1.13752,1.13752,,,,,2
2025-04-18 00:42:00,1.13666,1.13666,1.13642,1.13664,1.13766,1.13766,1.13742,1.13764,,,,,4
2025-04-18 00:43:00,1.13655,1.13655,1.13655,1.13655,1.13755,1.13755,1.13755,1.13755,,,,,1
2025-04-18 00:44:00,1.13642,1.13661,1.13642,1.13642,1.13742,1.13761,1.13742,1.13742,,,,,3
2025-04-18 00:45:00,1.13652,1.13664,1.13652,1.13656,1.13752,1.13764,1.13752,1.13756,,,,,5
2025-04-18 00:46:00,1.13642,1.13659,1.13642,1.13659,1.13742,1.13759,1.13742,1.13759,,,,,2
2025-04-18 00:47:00,1.13642,1.13659,1.13642,1.13642,1.13742,1.13759,1.13742,1.13742,,,,,3
2025-04-18 00:48:00,1.13662,1.13662,1.13661,1.13662,1.13762,1.13762,1.13761,1.13762,,,,,3
2025-04-18 00:49:00,1.13642,1.13661,1.13642,1.13642,1.13742,1.13761,1.13742,1.13742,,,,,3
2025-04-18 00:50:00,1.13661,1.13661,1.13642,1.13642,1.13761,1.13761,1.13742,1.13742,,,,,2
2025-04-18 00:51:00,1.13663,1.13663,1.13642,1.13642,1.13763,1.13763,1.13742,1.13742,,,,,2
2025-04-18 00:52:00,1.1366,1.13665,1.13642,1.13665,1.1376,1.13765,1.13742,1.13765,,,,,3
2025-04-18 00:53:00,1.13642,1.13661,1.13642,1.13661,1.13742,1.13761,1.13742,1.13761,,,,,2
2025-04-18 00:54:00,1.13642,1.13663,1.13642,1.13663,1.13742,1.13763,1.13742,1.13763,,,,,2
2025-04-18 00:55:00,1.13642,1.13661,1.13642,1.13661,1.13742,1.13761,1.13742,1.13761,,,,,2
2025-04-18 00:56:00,1.1366,1.1366,1.13642,1.13651,1.1376,1.1376,1.13742,1.13751,,,,,3
2025-04-18 00:57:00,1.13642,1.13653,1.13642,1.13653,1.13742,1.13753,1.13742,1.13753,,,,,2
2025-04-18 00:58:00,1.13642,1.13653,1.13642,1.13642,1.13742,1.13753,1.13742,1.13742,,,,,3
2025-04-18 00:59:00,1.13652,1.13652,1.13652,1.13652,1.13752,1.13752,1.13752,1.13752,,,,,1
2025-04-18 01:00:00,1.13642,1.13663,1.13642,1.13663,1.13742,1.13763,1.13742,1.13763,,,,,3
2025-04-18 01:01:00,1.13653,1.13653,1.13642,1.13653,1.13753,1.13753,1.13742,1.13753,,,,,3
2025-04-18 01:02:00,1.13652,1.13667,1.13642,1.13655,1.13752,1.13767,1.13742,1.13755,,,,,7
2025-04-18 01:03:00,1.13667,1.13667,1.13642,1.13642,1.13767,1.13767,1.13742,1.13742,,,,,4
2025-04-18 01:04:00,1.13651,1.13703,1.13642,1.13687,1.13751,1.13801,1.13742,1.13787,,,,,12
2025-04-18 01:05:00,1.13674,1.13701,1.13674,1.13679,1.13774,1.13801,1.13774,1.13779,,,,,3
2025-04-18 01:06:00,1.13701,1.13701,1.13685,1.13685,1.13801,1.13801,1.13785,1.13785,,,,,2
2025-04-18 01:07:00,1.13701,1.13701,1.13687,1.13687,1.13801,1.13801,1.13787,1.13787,,,,,2
2025-04-18 01:08:00,1.13701,1.13705,1.13682,1.13682,1.13801,1.13805,1.13782,1.13782,,,,,4
2025-04-18 01:09:00,1.13701,1.13701,1.13683,1.13683,1.13801,1.13801,1.13783,1.13783,,,,,2
2025-04-18 01:10:00,1.13682,1.13701,1.13682,1.13682,1.13782,1.13801,1.13782,1.13782,,,,,8
2025-04-18 01:11:00,1.13701,1.13701,1.13681,1.13682,1.13801,1.13801,1.13781,1.13782,,,,,4
2025-04-18 01:12:00,1.13701,1.13701,1.13683,1.13683,1.13801,1.13801,1.13783,1.13783,,,,,2
2025-04-18 01:13:00,1.13701,1.13701,1.13683,1.13683,1.13801,1.13801,1.13783,1.13783,,,,,2
2025-04-18 01:14:00,1.13701,1.13701,1.13657,1.13657,1.13801,1.13806,1.13767,1.13767,,,,,9
2025-04-18 01:15:00,1.13658,1.1367,1.13658,1.1367,1.13768,1.1378,1.13768,1.1378,,,,,2
2025-04-18 01:16:00,1.13696,1.13696,1.13674,1.13674,1.13806,1.13806,1.13784,1.13784,,,,,2
2025-04-18 01:17:00,1.13645,1.13655,1.1364,1.13655,1.13753,1.13753,1.13735,1.13735,,,,,5
2025-04-18 01:18:00,1.13649,1.13655,1.13649,1.13655,,,,,,,,,2
2025-04-18 01:19:00,1.13649,1.13656,1.13649,1.13649,1.13734,1.13735,1.13734,1.13734,,,,,3
2025-04-18 01:20:00,1.13656,1.13656,1.13649,1.13649,1.13735,1.13739,1.13734,1.13734,,,,,7
2025-04-18 01:21:00,1.13657,1.13657,1.13649,1.13649,1.13737,1.13737,1.13734,1.13735,,,,,3
2025-04-18 01:22:00,1.13657,1.13657,1.13612,1.13649,1.13736,1.13736,1.13722,1.13735,,,,,8
2025-04-18 01:23:00,1.13656,1.13656,1.13649,1.13656,1.13736,1.13736,1.13736,1.13736,,,,,3
2025-04-18 01:24:00,1.13649,1.13656,1.13649,1.13656,1.13735,1.13735,1.13735,1.13735,,,,,2
2025-04-18 01:25:00,1.13648,1.13656,1.13648,1.13656,1.13736,1.13736,1.13736,1.13736,,,,,2
2025-04-18 01:26:00,1.13649,1.13656,1.13649,1.13656,1.13735,1.13735,1.13735,1.13735,,,,,2
2025-04-18 01:27:00,1.13649,1.13656,1.13649,1.13656,1.13736,1.13736,1.13736,1.13736,,,,,2
2025-04-18 01:28:00,1.13677,1.13697,1.13677,1.13688,1.13751,1.13751,1.1373,1.1374,,,,,13
2025-04-18 01:29:00,1.13698,1.13707,1.13685,1.13705,1.13731,1.13742,1.13721,1.13721,,,,,6
2025-04-18 01:30:00,1.13707,1.13708,1.13705,1.13705,1.13723,1.13724,1.13721,1.13721,,,,,4
2025-04-18 01:31:00,1.13686,1.13705,1.13686,1.13705,1.1374,1.1374,1.13721,1.13721,,,,,3
2025-04-18 01:32:00,1.13706,1.13707,1.13692,1.13698,1.1372,1.13733,1.1372,1.13729,,,,,10
2025-04-18 01:33:00,1.13681,1.13698,1.13681,1.13698,1.1375,1.1375,1.1373,1.1373,,,,,2
2025-04-18 01:34:00,1.13681,1.137,1.13681,1.13697,1.1375,1.1375,1.13731,1.13731,,,,,4
2025-04-18 01:35:00,1.13677,1.13698,1.13677,1.13698,1.13751,1.13751,1.13731,1.13731,,,,,3
2025-04-18 01:36:00,1.13678,1.13698,1.13678,1.13698,1.13751,1.13751,1.13731,1.13731,,,,,2
2025-04-18 01:37:00,1.13678,1.13698,1.13678,1.13698,1.13751,1.13751,1.1373,1.1373,,,,,2
2025-04-18 01:38:00,1.13678,1.13698,1.13678,1.13698,1.13751,1.13751,1.1373,1.1373,,,,,2
2025-04-18 01:39:00,1.13678,1.13698,1.13678,1.13698,1.13751,1.13751,1.1373,1.1373,,,,,2
2025-04-18 01:40:00,1.13679,1.13698,1.13679,1.13698,1.13751,1.13751,1.1373,1.1373,,,,,2
2025-04-18 01:41:00,1.13679,1.13698,1.13679,1.13698,1.13751,1.13751,1.1373,1.1373,,,,,2
2025-04-18 01:43:00,1.13678,1.13698,1.13678,1.1368,1.13751,1.13751,1.1373,1.1375,,,,,4
2025-04-18 01:44:00,1.13699,1.13699,1.1366,1.1366,1.13731,1.1377,1.13731,1.1377,,,,,3
2025-04-18 01:45:00,1.13679,1.13699,1.13679,1.13699,1.1375,1.1375,1.13732,1.13732,,,,,4
2025-04-18 01:46:00,1.13679,1.13699,1.13679,1.13699,1.1375,1.1375,1.13732,1.13732,,,,,2
2025-04-18 01:47:00,1.13679,1.13699,1.13679,1.13699,1.1375,1.1375,1.13732,1.13732,,,,,2
2025-04-18 01:48:00,1.1368,1.137,1.13676,1.137,1.13749,1.13749,1.13731,1.13732,,,,,4
2025-04-18 01:49:00,1.1368,1.137,1.1368,1.13699,1.13749,1.13749,1.13733,1.13733,,,,,3
2025-04-18 01:50:00,1.13679,1.13702,1.1366,1.13702,1.13749,1.1377,1.13733,1.13734,,,,,7
2025-04-18 01:51:00,1.13682,1.13703,1.13682,1.13703,1.1375,1.1375,1.13735,1.13735,,,,,2
2025-04-18 01:52:00,1.13678,1.13703,1.13678,1.13703,1.13749,1.13749,1.13736,1.13736,,,,,2
2025-04-18 01:53:00,1.13679,1.13704,1.13679,1.13704,1.13749,1.13749,1.13736,1.13736,,,,,2
2025-04-18 01:54:00,1.13679,1.13722,1.13679,1.13719,1.13749,1.13753,1.13736,1.13748,,,,,5
2025-04-18 01:55:00,1.13713,1.13715,1.1371,1.13714,1.13746,1.13746,1.13746,1.13746,,,,,7
2025-04-18 01:56:00,1.13709,1.13715,1.13708,1.13712,,,,,,,,,16
2025-04-18 01:57:00,1.13709,1.13714,1.13709,1.13714,1.13749,1.13749,1.13746,1.13746,,,,,12
2025-04-18 01:58:00,1.13713,1.13713,1.13691,1.13707,1.13775,1.13775,1.13746,1.1375,,,,,8
2025-04-18 01:59:00,1.13714,1.13714,1.13706,1.13714,1.13746,1.1375,1.13746,1.13746,,,,,14
2025-04-18 02:00:00,1.13716,1.13721,1.13716,1.13721,,,,,,,,,3
2025-04-18 02:01:00,1.13719,1.13722,1.13718,1.13718,,,,,,,,,6
2025-04-18 02:02:00,1.137,1.13724,1.13685,1.13706,1.13756,1.1378,1.13746,1.13754,,,,,16
2025-04-18 02:03:00,1.13713,1.13731,1.13702,1.13722,1.13746,1.13764,1.13746,1.13746,,,,,38
2025-04-18 02:04:00,1.13723,1.13734,1.13713,1.1373,1.13741,1.13764,1.13741,1.13746,,,,,18
2025-04-18 02:05:00,1.13731,1.13745,1.13708,1.13727,1.13763,1.13779,1.13746,1.13779,,,,,29
2025-04-18 02:06:00,1.13745,1.13745,1.13726,1.13733,1.13764,1.1378,1.13764,1.13772,,,,,11
2025-04-18 02:07:00,1.13728,1.13744,1.13718,1.13732,1.13777,1.13779,1.13764,1.13773,,,,,7
2025-04-18 02:08:00,1.13735,1.13745,1.13717,1.13722,1.1377,1.13784,1.13764,1.13779,,,,,16
2025-04-18 02:09:00,1.13707,1.13741,1.13704,1.13722,1.13785,1.13785,1.13764,1.13776,,,,,31
2025-04-18 02:10:00,1.13717,1.13738,1.13717,1.13738,1.13775,1.13784,1.13764,1.13764,,,,,18
2025-04-18 02:11:00,1.13739,1.13741,1.13709,1.13714,1.13781,1.13808,1.13764,1.13803,,,,,28
2025-04-18 02:12:00,1.13731,1.13756,1.13718,1.13721,1.13781,1.13802,1.13766,1.1378,,,,,33
2025-04-18 02:13:00,1.13722,1.13744,1.1372,1.1374,1.13776,1.1378,1.13757,1.13757,,,,,31
2025-04-18 02:14:00,1.13699,1.13735,1.13699,1.13732,1.13773,1.13773,1.13763,1.13769,,,,,20
2025-04-18 02:15:00,1.13733,1.13736,1.13728,1.13728,1.13767,1.1377,1.13764,1.13765,,,,,9
2025-04-18 02:16:00,1.13692,1.13727,1.13692,1.13724,1.13764,1.13782,1.13763,1.13764,,,,,19
2025-04-18 02:17:00,1.13721,1.13724,1.1369,1.13714,1.13763,1.13782,1.1375,1.1375,,,,,16
2025-04-18 02:18:00,1.13713,1.13714,1.13689,1.13713,1.13769,1.13769,1.13751,1.13751,,,,,8
2025-04-18 02:19:00,1.13714,1.13745,1.13694,1.13743,1.13752,1.13781,1.13751,1.13779,,,,,19
2025-04-18 02:20:00,1.13747,1.13747,1.13713,1.13713,1.13782,1.13799,1.13778,1.13799,,,,,3
2025-04-18 02:21:00,1.13743,1.13747,1.13743,1.13747,1.13776,1.13779,1.13776,1.13779,,,,,4
2025-04-18 02:22:00,1.13713,1.13746,1.13713,1.13743,1.138,1.138,1.13775,1.13775,,,,,3
2025-04-18 02:23:00,1.13747,1.13747,1.13713,1.13713,1.13777,1.138,1.13777,1.138,,,,,2
2025-04-18 02:24:00,1.13746,1.13759,1.13746,1.13759,1.13776,1.13777,1.13765,1.13775,,,,,13
2025-04-18 02:25:00,1.13758,1.13797,1.13758,1.13797,1.13774,1.13833,1.13774,1.13833,,,,,27
2025-04-18 02:26:00,1.1379,1.13796,1.13764,1.13783,1.13829,1.13834,1.13823,1.1383,,,,,14
2025-04-18 02:27:00,1.13781,1.1379,1.13774,1.13775,1.13826,1.13833,1.13815,1.13816,,,,,29
2025-04-18 02:28:00,1.13776,1.13776,1.13775,1.13776,1.13817,1.13824,1.13817,1.13821,,,,,6
2025-04-18 02:29:00,1.13778,1.13814,1.13778,1.13802,1.13818,1.13852,1.13818,1.13843,,,,,10
2025-04-18 02:30:00,1.138,1.138,1.13747,1.13748,1.1384,1.13843,1.13816,1.13816,,,,,8
2025-04-18 02:31:00,1.1369,1.13748,1.13689,1.13748,1.138,1.13827,1.13799,1.13816,,,,,17
2025-04-18 02:32:00,1.13689,1.13748,1.13689,1.13748,1.13799,1.13825,1.13799,1.13816,,,,,11
2025-04-18 02:33:00,1.13715,1.13748,1.13715,1.13722,1.13825,1.13832,1.13816,1.13832,,,,,4
2025-04-18 02:34:00,1.13719,1.13774,1.13691,1.13747,1.13829,1.13829,1.13801,1.13809,,,,,33
2025-04-18 02:35:00,1.13746,1.13747,1.13737,1.13747,1.13813,1.13813,1.13777,1.13788,,,,,23
2025-04-18 02:36:00,1.13744,1.13749,1.13741,1.13742,1.13782,1.13788,1.13779,1.13788,,,,,14
2025-04-18 02:37:00,1.13745,1.13748,1.13678,1.13693,1.13797,1.13797,1.13777,1.13784,,,,,27
2025-04-18 02:38:00,1.13692,1.13759,1.13691,1.13759,1.13788,1.13788,1.13788,1.13788,,,,,6
2025-04-18 02:39:00,1.13757,1.13759,1.13695,1.13753,1.13793,1.13793,1.13776,1.13787,,,,,14
2025-04-18 02:40:00,1.13751,1.13759,1.13751,1.13758,1.13784,1.13795,1.13784,1.1379,,,,,23
2025-04-18 02:41:00,1.1376,1.13779,1.13756,1.13779,1.13786,1.13816,1.13783,1.13816,,,,,42
2025-04-18 02:42:00,1.13778,1.13798,1.13765,1.13772,1.13817,1.13826,1.13788,1.13796,,,,,138
2025-04-18 02:43:00,1.1378,1.13782,1.13768,1.13772,1.13792,1.13797,1.13789,1.13789,,,,,85
2025-04-18 02:44:00,1.13771,1.13771,1.13762,1.13769,1.1379,1.1379,1.1378,1.13784,,,,,72
2025-04-18 02:45:00,1.13761,1.13763,1.13756,1.13759,1.13791,1.13799,1.13787,1.13795,,,,,36
2025-04-18 02:46:00,1.13758,1.13762,1.13758,1.13759,1.13791,1.13798,1.13791,1.13795,,,,,13
2025-04-18 02:47:00,1.13758,1.13762,1.13758,1.13758,1.13792,1.13799,1.13787,1.13797,,,,,21
2025-04-18 02:48:00,1.13764,1.13764,1.13758,1.13762,1.13787,1.13803,1.13787,1.13795,,,,,55
2025-04-18 02:49:00,1.13765,1.13783,1.1376,1.13783,1.13801,1.13809,1.13791,1.13809,,,,,43
2025-04-18 02:50:00,1.13788,1.13801,1.13788,1.13793,1.1381,1.13824,1.13808,1.13822,,,,,76
2025-04-18 02:51:00,1.13795,1.13799,1.13789,1.13791,1.13824,1.13826,1.13814,1.13824,,,,,42
2025-04-18 02:52:00,1.13792,1.13801,1.13786,1.13799,1.13821,1.13829,1.13809,1.13814,,,,,96
2025-04-18 02:53:00,1.138,1.13801,1.13787,1.13796,1.13815,1.13826,1.13802,1.13811,,,,,96
2025-04-18 02:54:00,1.13798,1.13798,1.13592,1.13592,1.13812,1.13812,1.13681,1.13702,,,,,119
2025-04-18 02:55:00,1.13596,1.13854,1.1358,1.13729,1.13706,1.13894,1.1369,1.13771,,,,,138
2025-04-18 02:56:00,1.13727,1.13727,1.13683,1.13684,1.13769,1.13781,1.13765,1.13765,,,,,30
2025-04-18 02:57:00,1.13705,1.13705,1.13684,1.13705,1.13766,1.13766,1.13751,1.13751,,,,,4
2025-04-18 02:58:00,1.13684,1.13705,1.13684,1.13705,1.13761,1.13763,1.13756,1.13756,,,,,4
2025-04-18 02:59:00,1.13701,1.13719,1.13697,1.13719,1.13753,1.13769,1.13742,1.13762,,,,,47
2025-04-18 03:00:00,1.13716,1.13716,1.13704,1.13711,1.13764,1.13766,1.13764,1.13764,,,,,6
2025-04-18 03:01:00,1.13704,1.13722,1.13704,1.13722,1.13765,1.13775,1.13765,1.13772,,,,,10
2025-04-18 03:02:00,1.13727,1.13734,1.137,1.137,1.13774,1.13783,1.13771,1.13777,,,,,43
2025-04-18 03:03:00,1.13698,1.1372,1.13691,1.13714,1.13771,1.13771,1.13755,1.13755,,,,,8
2025-04-18 03:04:00,1.13688,1.13699,1.13681,1.13681,1.13757,1.13757,1.13738,1.13752,,,,,8
2025-04-18 03:05:00,1.13705,1.13721,1.13705,1.13721,1.13751,1.13762,1.13751,1.13762,,,,,7
2025-04-18 03:06:00,1.13717,1.13725,1.13717,1.13723,1.13768,1.13774,1.13764,1.13773,,,,,22
2025-04-18 03:07:00,,,,,1.13772,1.13772,1.13769,1.1377,,,,,21
2025-04-18 03:08:00,1.13734,1.13734,1.13723,1.13723,1.13775,1.13775,1.13767,1.13775,,,,,23
2025-04-18 03:09:00,,,,,1.13772,1.13782,1.13772,1.13772,,,,,54
2025-04-18 03:10:00,1.13731,1.13733,1.1372,1.13721,1.13773,1.13787,1.13767,1.13767,,,,,42
2025-04-18 03:11:00,1.13726,1.13732,1.13719,1.13732,1.13776,1.13776,1.13767,1.13768,,,,,13
2025-04-18 03:12:00,1.13734,1.13747,1.13719,1.13733,1.13777,1.1378,1.13765,1.13765,,,,,30
2025-04-18 03:13:00,1.13723,1.13733,1.13723,1.13723,1.13767,1.13767,1.13765,1.13765,,,,,4
2025-04-18 03:14:00,1.13718,1.13726,1.13716,1.13723,1.13754,1.1376,1.13754,1.13754,,,,,8
2025-04-18 03:15:00,1.13718,1.13723,1.13718,1.13718,1.13761,1.13761,1.13754,1.13761,,,,,3
2025-04-18 03:16:00,1.13723,1.13723,1.13718,1.13718,1.13754,1.13761,1.13754,1.13761,,,,,2
2025-04-18 03:17:00,1.13723,1.13723,1.13718,1.13718,1.13754,1.13761,1.13754,1.13761,,,,,2
2025-04-18 03:18:00,1.13713,1.13718,1.13676,1.13697,1.13764,1.13764,1.13741,1.13741,,,,,20
2025-04-18 03:19:00,1.13701,1.13701,1.13675,1.13679,1.1372,1.13744,1.13714,1.13714,,,,,41
2025-04-18 03:20:00,1.13676,1.13676,1.13676,1.13676,1.13733,1.13733,1.13733,1.13733,,,,,1
2025-04-18 03:21:00,1.13679,1.13679,1.13673,1.13673,1.13714,1.13733,1.13714,1.13714,,,,,4
2025-04-18 03:22:00,,,,,1.13733,1.13736,1.13726,1.1373,,,,,100
2025-04-18 03:23:00,1.1367,1.13681,1.13663,1.13681,1.13733,1.13739,1.13722,1.13735,,,,,151
2025-04-18 03:24:00,1.1368,1.13681,1.1368,1.13681,1.13738,1.13741,1.13725,1.1374,,,,,27
2025-04-18 03:25:00,1.13687,1.13693,1.13687,1.13693,1.13746,1.13752,1.13746,1.13752,,,,,4
2025-04-18 03:26:00,1.13701,1.13701,1.13697,1.13701,1.13743,1.13754,1.13743,1.13749,,,,,4
2025-04-18 03:27:00,1.13697,1.13697,1.13697,1.13697,1.13754,1.13754,1.13754,1.13754,,,,,1
2025-04-18 03:28:00,1.13692,1.13705,1.13692,1.13699,1.13758,1.13758,1.13743,1.13751,,,,,6
2025-04-18 03:29:00,1.13705,1.13718,1.13705,1.13718,1.13754,1.13758,1.13754,1.13758,,,,,4
2025-04-18 03:30:00,1.13721,1.13723,1.13721,1.13723,,,,,,,,,2
2025-04-18 03:31:00,1.13717,1.13723,1.13678,1.13693,1.13762,1.13762,1.13722,1.13728,,,,,27
2025-04-18 03:32:00,1.13689,1.13708,1.13687,1.13696,1.13719,1.13726,1.13715,1.13716,,,,,111
2025-04-18 03:33:00,1.13706,1.13708,1.13685,1.13688,1.13717,1.13731,1.13715,1.13728,,,,,150
2025-04-18 03:34:00,1.13685,1.13687,1.13677,1.13679,1.13722,1.13728,1.13716,1.13717,,,,,24
2025-04-18 03:35:00,1.1368,1.13684,1.13674,1.13684,1.13716,1.13724,1.13716,1.13717,,,,,24
2025-04-18 03:36:00,1.13677,1.13684,1.13672,1.13683,1.13729,1.13729,1.13713,1.13716,,,,,23
2025-04-18 03:37:00,1.1368,1.13684,1.13679,1.13684,,,,,,,,,4
2025-04-18 03:38:00,1.13678,1.13683,1.13678,1.13683,,,,,,,,,5
2025-04-18 03:39:00,1.13677,1.13684,1.13677,1.13677,1.13719,1.13719,1.13715,1.13719,,,,,3
2025-04-18 03:40:00,1.13684,1.13684,1.13677,1.13677,1.13716,1.13718,1.13716,1.13718,,,,,7
2025-04-18 03:41:00,1.13672,1.13689,1.13672,1.13689,1.13716,1.13716,1.13712,1.13712,,,,,12
2025-04-18 03:42:00,1.13677,1.13689,1.13677,1.13688,1.13725,1.13725,1.13716,1.13717,,,,,12
2025-04-18 03:43:00,1.13679,1.13711,1.13675,1.13704,1.13721,1.13759,1.13715,1.13752,,,,,50
2025-04-18 03:44:00,1.13707,1.13713,1.13704,1.13713,1.13758,1.13758,1.13742,1.13742,,,,,51
2025-04-18 03:45:00,1.13701,1.13713,1.13701,1.13709,1.1375,1.1375,1.13722,1.13728,,,,,107
2025-04-18 03:46:00,1.1371,1.13713,1.13703,1.13713,1.1373,1.13732,1.13722,1.13727,,,,,97
2025-04-18 03:47:00,1.13696,1.13714,1.13696,1.13711,1.13737,1.13739,1.13727,1.13735,,,,,49
2025-04-18 03:48:00,1.13712,1.13728,1.13706,1.13706,1.13737,1.13737,1.13731,1.13732,,,,,61
2025-04-18 03:49:00,1.13698,1.13706,1.13698,1.13706,1.13741,1.13741,1.13732,1.13732,,,,,8
2025-04-18 03:50:00,1.13704,1.13706,1.13685,1.13702,,,,,,,,,55
2025-04-18 03:51:00,1.13704,1.13706,1.13691,1.13705,,,,,,,,,69
2025-04-18 03:52:00,1.13691,1.13706,1.13675,1.13691,1.13718,1.13736,1.13714,1.13714,,,,,63
2025-04-18 03:53:00,1.13696,1.13696,1.13673,1.13691,1.13713,1.13717,1.13708,1.13714,,,,,32
2025-04-18 03:54:00,1.1369,1.1371,1.13686,1.13691,1.13715,1.13737,1.13712,1.13713,,,,,133
2025-04-18 03:55:00,1.13693,1.13707,1.13691,1.13702,1.13734,1.13738,1.13706,1.13711,,,,,77
2025-04-18 03:56:00,1.13703,1.13723,1.13684,1.137,1.13712,1.1377,1.13711,1.13754,,,,,122
2025-04-18 03:57:00,1.13695,1.13717,1.13688,1.13691,1.13755,1.13755,1.13721,1.13739,,,,,124
2025-04-18 03:58:00,1.13711,1.13712,1.13687,1.1371,1.13722,1.13744,1.13721,1.13733,,,,,23
2025-04-18 03:59:00,1.13706,1.13709,1.13688,1.13691,1.13738,1.13745,1.13735,1.13745,,,,,6
2025-04-18 04:00:00,1.13694,1.13708,1.13693,1.13706,1.13747,1.13752,1.1374,1.13749,,,,,15
2025-04-18 04:01:00,1.13708,1.13719,1.13697,1.13708,1.13746,1.13751,1.13738,1.13743,,,,,28
2025-04-18 04:02:00,1.13702,1.13723,1.13697,1.13721,1.13736,1.13741,1.13729,1.13736,,,,,137
2025-04-18 04:03:00,1.13722,1.13724,1.13711,1.13722,1.13739,1.13749,1.13735,1.13744,,,,,64
2025-04-18 04:04:00,1.13727,1.13727,1.13713,1.13727,1.13747,1.13749,1.13743,1.13747,,,,,40
2025-04-18 04:05:00,1.13723,1.13727,1.1372,1.1372,1.1375,1.13764,1.13748,1.13764,,,,,15
2025-04-18 04:06:00,1.13718,1.13723,1.13713,1.13723,1.13767,1.13767,1.13763,1.13763,,,,,4
2025-04-18 04:07:00,1.13724,1.13729,1.13722,1.13726,1.13759,1.13776,1.13759,1.13776,,,,,16
2025-04-18 04:08:00,1.13729,1.13729,1.13721,1.13729,1.13769,1.13775,1.13756,1.13767,,,,,22
2025-04-18 04:09:00,1.13725,1.13776,1.13725,1.13775,1.13758,1.13797,1.13758,1.13788,,,,,42
2025-04-18 04:10:00,1.13776,1.13778,1.13721,1.13727,1.13789,1.13796,1.1377,1.1377,,,,,99
2025-04-18 04:11:00,1.13729,1.13748,1.13718,1.13721,1.13768,1.13768,1.13753,1.13762,,,,,32
2025-04-18 04:12:00,1.13745,1.13749,1.13718,1.13726,1.13754,1.13763,1.13751,1.13758,,,,,129
2025-04-18 04:13:00,1.13728,1.13728,1.13726,1.13726,1.13754,1.13768,1.13754,1.13756,,,,,3
2025-04-18 04:14:00,1.13721,1.13743,1.13711,1.13711,1.13757,1.13763,1.13747,1.13752,,,,,79
2025-04-18 04:15:00,,,,,1.1375,1.1375,1.1375,1.1375,,,,,1
2025-04-18 04:16:00,1.1372,1.1372,1.13703,1.13703,1.13751,1.13768,1.13751,1.1376,,,,,6
2025-04-18 04:17:00,1.13712,1.13717,1.13709,1.13717,1.13764,1.13765,1.13762,1.13765,,,,,4
2025-04-18 04:18:00,1.13714,1.13714,1.1371,1.13713,1.13757,1.13764,1.13757,1.13763,,,,,3
2025-04-18 04:19:00,1.13693,1.13711,1.1369,1.13693,1.13796,1.138,1.1376,1.13797,,,,,7
2025-04-18 04:20:00,1.13711,1.1372,1.13692,1.13692,1.13765,1.13795,1.13765,1.13795,,,,,3
2025-04-18 04:21:00,1.13711,1.13738,1.13711,1.13736,1.13765,1.13775,1.13765,1.13772,,,,,6
2025-04-18 04:22:00,1.13729,1.13733,1.13729,1.13733,1.13774,1.13774,1.13774,1.13774,,,,,2
2025-04-18 04:23:00,1.13732,1.13771,1.13708,1.13708,1.13768,1.13804,1.13768,1.13804,,,,,78
2025-04-18 04:24:00,1.13701,1.13706,1.13664,1.13679,1.13811,1.13811,1.13771,1.13789,,,,,12
2025-04-18 04:25:00,1.13693,1.13699,1.13693,1.13694,1.13762,1.13762,1.13755,1.13759,,,,,10
2025-04-18 04:26:00,1.13711,1.13711,1.13689,1.13707,1.13741,1.13759,1.13739,1.13747,,,,,16
2025-04-18 04:27:00,1.13699,1.13705,1.13696,1.13697,1.13758,1.13758,1.13747,1.13751,,,,,18
2025-04-18 04:28:00,1.13705,1.13713,1.13695,1.13704,1.13749,1.13762,1.13745,1.13754,,,,,27
2025-04-18 04:29:00,1.13697,1.13704,1.13697,1.13704,1.13753,1.13759,1.13752,1.13758,,,,,8
2025-04-18 04:30:00,1.13702,1.13706,1.13695,1.13703,1.13756,1.13761,1.13754,1.13758,,,,,12
2025-04-18 04:31:00,1.13704,1.13705,1.13701,1.13702,1.13756,1.1376,1.13755,1.13759,,,,,8
2025-04-18 04:32:00,1.13712,1.13718,1.137,1.13718,1.13752,1.1376,1.13742,1.13754,,,,,6
2025-04-18 04:33:00,1.13713,1.13718,1.13708,1.13718,1.13755,1.13755,1.13754,1.13754,,,,,10
2025-04-18 04:34:00,1.13706,1.13718,1.13706,1.13718,1.13757,1.13757,1.13745,1.13754,,,,,7
2025-04-18 04:35:00,1.13706,1.13718,1.13706,1.13718,1.13757,1.13757,1.13745,1.13754,,,,,4
2025-04-18 04:36:00,1.13706,1.13718,1.13706,1.13718,1.13757,1.13757,1.13754,1.13754,,,,,2
2025-04-18 04:38:00,1.13706,1.13718,1.13693,1.13713,1.13757,1.13757,1.13754,1.13754,,,,,8
2025-04-18 04:39:00,1.13706,1.13713,1.13706,1.13713,1.13757,1.13757,1.13749,1.13754,,,,,4
2025-04-18 04:40:00,1.13723,1.13738,1.13681,1.13696,1.13757,1.13774,1.13729,1.13737,,,,,87
2025-04-18 04:41:00,1.1369,1.13725,1.1369,1.13702,1.1373,1.13752,1.1373,1.13752,,,,,26
2025-04-18 04:42:00,1.13699,1.13705,1.13699,1.13705,1.1374,1.13752,1.1374,1.13752,,,,,4
2025-04-18 04:43:00,1.13708,1.13711,1.13701,1.13701,1.13754,1.13755,1.13739,1.13739,,,,,9
2025-04-18 04:44:00,1.13705,1.13733,1.13699,1.13713,1.13751,1.13766,1.13739,1.13752,,,,,66
2025-04-18 04:45:00,1.13704,1.13704,1.13697,1.13697,1.13761,1.13762,1.13749,1.13749,,,,,10
2025-04-18 04:46:00,1.13699,1.13699,1.13693,1.13693,1.1375,1.1375,1.13744,1.13744,,,,,7
2025-04-18 04:47:00,1.13689,1.13697,1.13689,1.13697,1.1374,1.13748,1.1374,1.13748,,,,,3
2025-04-18 04:48:00,1.13692,1.13692,1.13688,1.1369,1.13743,1.13747,1.13739,1.13739,,,,,4
2025-04-18 04:49:00,1.13691,1.13691,1.13676,1.1368,1.13752,1.13752,1.13735,1.13744,,,,,41
2025-04-18 04:50:00,1.13679,1.13694,1.13678,1.13691,1.13741,1.13744,1.13734,1.13742,,,,,31
2025-04-18 04:51:00,1.13696,1.13706,1.13679,1.13702,1.13747,1.13749,1.13733,1.13748,,,,,25
2025-04-18 04:52:00,1.13704,1.13723,1.13702,1.1372,1.13746,1.13761,1.13745,1.1376,,,,,36
2025-04-18 04:53:00,1.1373,1.13734,1.13691,1.13691,1.13758,1.13761,1.13728,1.13728,,,,,31
2025-04-18 04:54:00,1.13689,1.13689,1.13679,1.13681,1.1373,1.13733,1.1373,1.1373,,,,,20
2025-04-18 04:55:00,1.13685,1.13687,1.1368,1.13682,1.13731,1.13738,1.1373,1.13736,,,,,22
2025-04-18 04:56:00,1.13688,1.1373,1.13688,1.13699,1.13734,1.13773,1.13734,1.13749,,,,,67
2025-04-18 04:57:00,1.13697,1.137,1.13679,1.13696,1.13727,1.13748,1.13727,1.13742,,,,,23
2025-04-18 04:58:00,1.13693,1.1371,1.1369,1.13697,1.13746,1.13758,1.1374,1.13746,,,,,37
2025-04-18 04:59:00,1.13696,1.13703,1.13696,1.13703,1.13743,1.13752,1.13743,1.13746,,,,,3
2025-04-18 05:00:00,1.13709,1.13721,1.13703,1.13721,1.13743,1.13763,1.13743,1.13756,,,,,19
2025-04-18 05:01:00,1.13726,1.1374,1.13723,1.13732,1.13753,1.13773,1.13753,1.13773,,,,,14
2025-04-18 05:02:00,1.13723,1.13728,1.13714,1.13726,1.13769,1.13782,1.13768,1.13771,,,,,12
2025-04-18 05:03:00,1.13725,1.13726,1.13724,1.13726,1.13768,1.13771,1.13767,1.13771,,,,,7
2025-04-18 05:04:00,1.13717,1.13722,1.13714,1.13722,1.13775,1.13786,1.13768,1.13775,,,,,12
2025-04-18 05:05:00,1.1372,1.13732,1.1372,1.13722,1.13772,1.13781,1.13772,1.13774,,,,,4
2025-04-18 05:06:00,1.1372,1.13725,1.13707,1.13711,1.13773,1.13773,1.13765,1.13771,,,,,21
2025-04-18 05:07:00,1.13708,1.13729,1.13707,1.13729,1.13765,1.13771,1.13752,1.13766,,,,,23
2025-04-18 05:08:00,1.13713,1.13713,1.13692,1.13693,1.13756,1.13756,1.13742,1.13747,,,,,31
2025-04-18 05:09:00,1.13689,1.13689,1.13687,1.13689,1.13738,1.13744,1.1373,1.13744,,,,,6
2025-04-18 05:10:00,1.13687,1.13695,1.13676,1.13676,1.13734,1.13744,1.13731,1.13741,,,,,9
2025-04-18 05:11:00,1.13687,1.13687,1.13676,1.13676,1.13734,1.13741,1.13734,1.13741,,,,,2
2025-04-18 05:12:00,1.13687,1.13687,1.13678,1.13682,1.13734,1.13749,1.13734,1.13749,,,,,4
2025-04-18 05:13:00,1.13687,1.13687,1.13682,1.13682,1.13734,1.13753,1.13734,1.13753,,,,,3
2025-04-18 05:14:00,1.13687,1.13697,1.13687,1.13697,1.13738,1.13755,1.13738,1.13755,,,,,4
2025-04-18 05:15:00,1.13703,1.13703,1.13697,1.13697,1.13742,1.13755,1.13742,1.13755,,,,,2
2025-04-18 05:16:00,1.13703,1.13703,1.13694,1.13697,1.13746,1.13757,1.13735,1.13735,,,,,6
2025-04-18 05:17:00,1.13681,1.13695,1.13681,1.13681,1.13742,1.13751,1.13739,1.13746,,,,,41
2025-04-18 05:18:00,1.13678,1.13706,1.13678,1.13678,1.13743,1.13751,1.13742,1.13742,,,,,5
2025-04-18 05:19:00,1.13679,1.13679,1.13679,1.13679,1.13738,1.13745,1.13738,1.1374,,,,,6
2025-04-18 05:20:00,1.13684,1.13684,1.13676,1.13676,1.13731,1.13743,1.13731,1.1374,,,,,6
2025-04-18 05:21:00,1.13684,1.13684,1.13684,1.13684,1.13743,1.13743,1.13731,1.13731,,,,,3
2025-04-18 05:22:00,1.13675,1.13715,1.13675,1.13713,1.1374,1.1376,1.1374,1.13754,,,,,27
2025-04-18 05:23:00,1.13703,1.13715,1.13702,1.1371,1.13757,1.13763,1.13754,1.13757,,,,,13
2025-04-18 05:24:00,1.13708,1.13708,1.13669,1.1369,1.13769,1.13781,1.13757,1.13757,,,,,7
2025-04-18 05:25:00,1.13701,1.13701,1.1369,1.1369,1.13745,1.13757,1.13745,1.13753,,,,,3
2025-04-18 05:26:00,1.13701,1.13701,1.1369,1.1369,1.13745,1.13754,1.13745,1.13754,,,,,2
2025-04-18 05:27:00,1.13701,1.13701,1.1369,1.1369,1.13745,1.13757,1.13745,1.13757,,,,,2
2025-04-18 05:28:00,1.13701,1.13701,1.1369,1.1369,1.13745,1.13757,1.13745,1.13757,,,,,2
2025-04-18 05:29:00,1.13688,1.1369,1.13679,1.13686,1.13753,1.13753,1.13722,1.13723,,,,,136
2025-04-18 05:30:00,1.13687,1.13703,1.13686,1.137,1.13725,1.13731,1.13723,1.13728,,,,,144
2025-04-18 05:31:00,1.13701,1.13703,1.13676,1.13676,1.13729,1.13739,1.13728,1.13729,,,,,60
2025-04-18 05:32:00,1.13689,1.13689,1.13683,1.13685,1.13731,1.13737,1.13725,1.13728,,,,,100
2025-04-18 05:33:00,1.13692,1.13697,1.13684,1.13696,1.13737,1.13757,1.13727,1.13751,,,,,36
2025-04-18 05:34:00,1.13701,1.13701,1.13693,1.13693,1.13745,1.13753,1.13743,1.13746,,,,,7
2025-04-18 05:35:00,1.13687,1.13693,1.13687,1.13693,1.13752,1.13752,1.13743,1.13749,,,,,14
2025-04-18 05:36:00,1.13694,1.13712,1.13694,1.13712,1.13754,1.13755,1.13738,1.13749,,,,,6
2025-04-18 05:37:00,1.13708,1.13712,1.13671,1.13671,1.13746,1.13773,1.13746,1.13773,,,,,4
2025-04-18 05:38:00,1.13701,1.13701,1.13665,1.13665,1.13738,1.13775,1.13738,1.13775,,,,,2
2025-04-18 05:39:00,1.13701,1.13701,1.13671,1.13701,1.13738,1.13778,1.13738,1.13743,,,,,4
2025-04-18 05:40:00,1.1367,1.1367,1.13669,1.13669,1.13777,1.13779,1.13777,1.13779,,,,,2
2025-04-18 05:41:00,1.13671,1.13671,1.13668,1.13668,1.13781,1.13781,1.13778,1.13778,,,,,2
2025-04-18 05:42:00,1.13694,1.13694,1.13665,1.13665,1.13743,1.13775,1.13743,1.13775,,,,,2
2025-04-18 05:43:00,1.13694,1.13694,1.13665,1.13665,1.13743,1.13774,1.13743,1.13774,,,,,2
2025-04-18 05:44:00,1.13694,1.13694,1.13656,1.13656,1.13743,1.13769,1.13731,1.13766,,,,,5
2025-04-18 05:45:00,1.13681,1.13681,1.13654,1.13656,1.13731,1.13766,1.13731,1.13766,,,,,3
2025-04-18 05:46:00,1.13655,1.13656,1.13655,1.13656,1.13765,1.13766,1.13765,1.13766,,,,,2
2025-04-18 05:47:00,1.13692,1.13692,1.13658,1.13679,1.13735,1.13768,1.13732,1.13732,,,,,7
2025-04-18 05:48:00,1.13692,1.13701,1.13683,1.13683,1.13735,1.13735,1.13732,1.13732,,,,,3
2025-04-18 05:49:00,1.1368,1.13709,1.13659,1.13677,1.1373,1.13772,1.1373,1.13757,,,,,14
2025-04-18 05:50:00,1.13701,1.13701,1.13679,1.13682,1.13735,1.13758,1.13735,1.13758,,,,,4
2025-04-18 05:51:00,1.13707,1.13707,1.13686,1.13686,1.13738,1.13762,1.13738,1.13762,,,,,2
2025-04-18 05:52:00,1.13707,1.13707,1.13683,1.13683,1.13738,1.13762,1.13738,1.13762,,,,,3
2025-04-18 05:53:00,1.13702,1.13702,1.13681,1.13681,1.13738,1.13762,1.13738,1.13762,,,,,3
2025-04-18 05:54:00,1.13702,1.13702,1.13683,1.13702,1.13742,1.13764,1.13742,1.13742,,,,,3
2025-04-18 05:55:00,1.1368,1.13702,1.1368,1.13702,1.13761,1.13761,1.13742,1.13742,,,,,2
2025-04-18 05:56:00,1.1368,1.13702,1.1368,1.13702,1.13761,1.13761,1.13742,1.13742,,,,,2
2025-04-18 05:57:00,1.1368,1.13715,1.1368,1.13691,1.13761,1.13767,1.13745,1.13767,,,,,4
2025-04-18 05:58:00,1.13695,1.1373,1.13695,1.13703,1.13768,1.13774,1.13747,1.13771,,,,,9
2025-04-18 05:59:00,1.13702,1.13702,1.13702,1.13702,1.13769,1.13769,1.13769,1.13769,,,,,1
2025-04-18 06:00:00,1.13681,1.13705,1.13672,1.13705,1.13791,1.13791,1.1375,1.1375,,,,,8
2025-04-18 06:01:00,1.1367,1.13686,1.13669,1.13686,1.1378,1.1378,1.13766,1.13766,,,,,3
2025-04-18 06:02:00,1.13668,1.13676,1.13661,1.13676,1.13778,1.13778,1.13756,1.13756,,,,,7
2025-04-18 06:03:00,1.1366,1.13673,1.13659,1.13673,1.1377,1.1377,1.13754,1.13754,,,,,3
2025-04-18 06:04:00,1.13699,1.13699,1.1366,1.13673,1.13732,1.13771,1.13732,1.13755,,,,,6
2025-04-18 06:05:00,1.13694,1.13694,1.13656,1.13657,1.13751,1.13767,1.13728,1.13767,,,,,5
2025-04-18 06:06:00,1.1367,1.1367,1.13656,1.13656,1.13754,1.13766,1.13754,1.13766,,,,,2
2025-04-18 06:07:00,1.13668,1.13688,1.13668,1.13688,1.13754,1.13754,1.13733,1.13733,,,,,2
2025-04-18 06:08:00,1.1367,1.13688,1.13656,1.1367,1.13753,1.13766,1.13733,1.13753,,,,,4
2025-04-18 06:09:00,1.13688,1.13688,1.13657,1.13671,1.13733,1.13767,1.13733,1.13754,,,,,3
2025-04-18 06:10:00,1.13688,1.13688,1.13657,1.13657,1.13733,1.13767,1.13733,1.13767,,,,,2
2025-04-18 06:11:00,1.13672,1.13672,1.1366,1.1366,1.13758,1.1377,1.13758,1.1377,,,,,2
2025-04-18 06:12:00,1.13672,1.13678,1.13663,1.13663,1.13756,1.13775,1.13756,1.13773,,,,,5
2025-04-18 06:13:00,1.13673,1.13673,1.13663,1.13663,1.13758,1.13773,1.13758,1.13773,,,,,2
2025-04-18 06:14:00,1.13691,1.13691,1.13663,1.13663,1.13739,1.13773,1.13739,1.13773,,,,,3
2025-04-18 06:15:00,1.13691,1.13691,1.13663,1.13663,1.13739,1.13773,1.13739,1.13773,,,,,3
2025-04-18 06:16:00,1.13675,1.13691,1.13663,1.13663,1.1376,1.13773,1.13739,1.13773,,,,,3
2025-04-18 06:17:00,1.13676,1.13676,1.13663,1.13663,1.13761,1.13773,1.13761,1.13773,,,,,2
2025-04-18 06:18:00,1.13675,1.13675,1.13661,1.13661,1.1376,1.13771,1.1376,1.13771,,,,,2
2025-04-18 06:19:00,1.13676,1.13676,1.13663,1.13663,1.13761,1.13773,1.13761,1.13773,,,,,2
2025-04-18 06:20:00,1.13675,1.13675,1.13675,1.13675,1.1376,1.1376,1.1376,1.1376,,,,,1
2025-04-18 06:21:00,1.13662,1.13674,1.13662,1.13674,1.13772,1.13772,1.13759,1.13759,,,,,2
2025-04-18 06:22:00,1.13663,1.13679,1.13663,1.13679,1.13773,1.13775,1.1376,1.1376,,,,,3
2025-04-18 06:23:00,1.13665,1.13665,1.13664,1.13664,1.13775,1.13775,1.13774,1.13774,,,,,2
2025-04-18 06:24:00,1.13676,1.13695,1.13662,1.13662,1.13759,1.13772,1.13739,1.13772,,,,,3
2025-04-18 06:25:00,1.13695,1.13695,1.13676,1.13695,1.13739,1.13759,1.13739,1.13739,,,,,3
2025-04-18 06:26:00,1.13679,1.13679,1.13665,1.13669,1.13762,1.13779,1.13762,1.13779,,,,,4
2025-04-18 06:27:00,1.13686,1.13707,1.13667,1.13667,1.13766,1.13779,1.13744,1.13777,,,,,4
2025-04-18 06:28:00,1.13679,1.13679,1.13666,1.13666,1.13763,1.13776,1.13763,1.13776,,,,,2
2025-04-18 06:29:00,1.1368,1.1368,1.1368,1.1368,1.13763,1.13763,1.13763,1.13763,,,,,1
2025-04-18 06:30:00,1.13666,1.13699,1.13664,1.13681,1.13776,1.13776,1.13742,1.13764,,,,,8
2025-04-18 06:31:00,1.13668,1.13699,1.13668,1.13699,1.13778,1.13778,1.13744,1.13744,,,,,2
2025-04-18 06:38:00,1.1371,1.1371,1.1371,1.1371,1.13749,1.13753,1.13749,1.13753,,,,,2
2025-04-18 06:39:00,,,,,1.13758,1.13758,1.13758,1.13758,,,,,1
2025-04-18 06:40:00,,,,,1.13764,1.13764,1.13764,1.13764,,,,,1
2025-04-18 06:54:00,1.13704,1.13704,1.13704,1.13704,1.13752,1.13752,1.13743,1.13744,,,,,4
2025-04-18 06:55:00,,,,,1.13747,1.13752,1.13745,1.13749,,,,,24
2025-04-18 06:56:00,1.137,1.137,1.13696,1.13696,1.1375,1.13752,1.1373,1.1373,,,,,6
2025-04-18 06:57:00,1.13691,1.13691,1.13686,1.13686,1.13736,1.13736,1.13725,1.13725,,,,,4
2025-04-18 06:59:00,1.13691,1.13691,1.13681,1.13681,1.13719,1.13719,1.13719,1.13719,,,,,6
2025-04-18 07:00:00,1.13678,1.13686,1.13678,1.13686,1.13703,1.13735,1.13702,1.13735,,,,,12
2025-04-18 07:01:00,1.13699,1.13699,1.13699,1.13699,1.1374,1.13746,1.1374,1.13746,,,,,3
2025-04-18 07:02:00,1.13711,1.13711,1.13711,1.13711,1.1375,1.13754,1.1375,1.13754,,,,,3
2025-04-18 07:03:00,,,,,1.13759,1.13759,1.13759,1.13759,,,,,1
2025-04-18 07:04:00,1.13723,1.13723,1.13723,1.13723,1.13766,1.13766,1.13766,1.13766,,,,,2
2025-04-18 07:11:00,1.13713,1.13713,1.13713,1.13713,1.13753,1.13753,1.13753,1.13753,,,,,1
2025-04-18 07:12:00,1.13705,1.13705,1.13705,1.13705,,,,,,,,,1
2025-04-18 07:13:00,1.13697,1.13697,1.13691,1.13691,1.13741,1.13741,1.13741,1.13741,,,,,3
2025-04-18 07:14:00,1.13685,1.13685,1.1368,1.1368,,,,,,,,,2
2025-04-18 07:15:00,1.13674,1.13674,1.13674,1.13674,1.13728,1.13728,1.13728,1.13728,,,,,2
2025-04-18 07:18:00,1.13686,1.13686,1.13686,1.13686,1.13734,1.13734,1.13734,1.13734,,,,,2
2025-04-18 07:19:00,1.13698,1.13698,1.1369,1.1369,,,,,,,,,2
2025-04-18 07:23:00,,,,,1.1374,1.1374,1.1374,1.1374,,,,,1
2025-04-18 07:26:00,1.137,1.137,1.137,1.137,,,,,,,,,1
2025-04-18 07:27:00,1.13694,1.13694,1.13688,1.13688,,,,,,,,,2
2025-04-18 07:30:00,1.13684,1.13684,1.1367,1.1367,1.13734,1.13736,1.13732,1.13736,,,,,7
2025-04-18 07:31:00,1.13678,1.13678,1.13678,1.13678,1.13707,1.13707,1.13703,1.13703,,,,,3
2025-04-18 07:32:00,1.13682,1.13682,1.13682,1.13682,1.13705,1.13705,1.13705,1.13705,,,,,2
2025-04-18 07:34:00,1.13676,1.13676,1.13649,1.13649,1.1371,1.1371,1.13683,1.13689,,,,,22
2025-04-18 07:35:00,1.13657,1.13661,1.13657,1.13661,,,,,,,,,2
2025-04-18 07:36:00,1.13657,1.1366,1.13649,1.1366,1.13683,1.13684,1.13679,1.13684,,,,,21
2025-04-18 07:37:00,1.13658,1.13658,1.13658,1.13658,1.13686,1.13686,1.13683,1.13685,,,,,4
2025-04-18 07:38:00,1.13653,1.13659,1.13649,1.13659,1.13684,1.13684,1.13684,1.13684,,,,,6
2025-04-18 07:39:00,1.13653,1.13666,1.13649,1.13664,1.1369,1.13721,1.1369,1.13721,,,,,10
2025-04-18 07:47:00,1.13678,1.13678,1.13678,1.13678,1.13734,1.13734,1.13734,1.13734,,,,,1
2025-04-18 07:49:00,1.1367,1.1367,1.1367,1.1367,,,,,,,,,1
2025-04-18 07:50:00,,,,,1.13721,1.13721,1.13721,1.13721,,,,,1
2025-04-18 07:52:00,1.13679,1.13692,1.13679,1.13692,1.13726,1.13732,1.13726,1.13732,,,,,3
2025-04-18 07:53:00,1.13705,1.13705,1.13692,1.13692,1.13736,1.13741,1.13736,1.13741,,,,,5
2025-04-18 07:54:00,1.13704,1.13713,1.13704,1.13708,1.13746,1.13746,1.13746,1.13746,,,,,4
2025-04-18 07:56:00,1.13702,1.13702,1.13697,1.13697,1.13742,1.13746,1.13725,1.13725,,,,,10
2025-04-18 07:57:00,1.13701,1.13705,1.13697,1.13697,1.13721,1.13741,1.13719,1.13727,,,,,15
2025-04-18 07:58:00,1.13704,1.13704,1.13704,1.13704,1.13725,1.13743,1.13725,1.13743,,,,,12
2025-04-18 07:59:00,1.13698,1.13698,1.13698,1.13698,1.13732,1.13732,1.13724,1.13724,,,,,10
2025-04-18 08:00:00,1.13695,1.13695,1.13689,1.13689,1.13718,1.13737,1.13712,1.13737,,,,,12
2025-04-18 08:02:00,1.137,1.137,1.137,1.137,1.13729,1.13737,1.13727,1.13737,,,,,9
2025-04-18 08:03:00,,,,,1.13726,1.13726,1.13726,1.13726,,,,,1
2025-04-18 08:04:00,1.13698,1.13698,1.13692,1.13694,1.13715,1.13731,1.13715,1.13731,,,,,11
2025-04-18 08:05:00,1.13701,1.13701,1.13697,1.13697,1.13723,1.1373,1.13723,1.1373,,,,,4
2025-04-18 08:07:00,1.13695,1.13695,1.13692,1.13692,,,,,,,,,2
2025-04-18 08:08:00,1.13699,1.13699,1.13699,1.13699,1.13736,1.13736,1.13736,1.13736,,,,,2
2025-04-18 08:10:00,1.1371,1.1371,1.13705,1.13705,1.13739,1.13739,1.13739,1.13739,,,,,4
2025-04-18 08:12:00,1.13716,1.13716,1.13716,1.13716,1.13746,1.13754,1.13746,1.13754,,,,,3
2025-04-18 08:13:00,1.13725,1.13725,1.13708,1.13708,1.13758,1.13766,1.13758,1.13766,,,,,4
2025-04-18 08:14:00,1.13719,1.13719,1.13719,1.13719,1.13774,1.13784,1.13772,1.13772,,,,,4
2025-04-18 08:15:00,1.1371,1.1371,1.13692,1.13692,1.13761,1.13761,1.13761,1.13761,,,,,4
2025-04-18 08:16:00,,,,,1.13769,1.13769,1.13758,1.13758,,,,,2
2025-04-18 08:17:00,1.13694,1.13696,1.13692,1.13692,1.13767,1.13774,1.1376,1.1377,,,,,77
2025-04-18 08:18:00,1.13695,1.13712,1.13692,1.13701,1.13763,1.13785,1.13763,1.13785,,,,,147
2025-04-18 08:19:00,1.13704,1.13705,1.13692,1.13692,,,,,,,,,217
2025-04-18 08:20:00,1.13699,1.13703,1.13692,1.13692,,,,,,,,,206
2025-04-18 08:21:00,1.13701,1.13753,1.13692,1.13743,,,,,,,,,51
2025-04-18 08:22:00,1.13747,1.13747,1.13739,1.13739,1.13774,1.13774,1.13765,1.13765,,,,,11
2025-04-18 08:23:00,1.1374,1.1374,1.1374,1.1374,1.13768,1.13772,1.13768,1.13772,,,,,3
2025-04-18 08:25:00,1.13736,1.13736,1.13684,1.13684,1.13777,1.13777,1.13777,1.13777,,,,,7
2025-04-18 08:27:00,1.13702,1.13702,1.13702,1.13702,1.13744,1.13751,1.13744,1.13751,,,,,3
2025-04-18 08:28:00,1.13694,1.13694,1.13694,1.13694,1.1376,1.1376,1.1376,1.1376,,,,,2
2025-04-18 08:29:00,1.13686,1.13686,1.13686,1.13686,1.13749,1.13758,1.1374,1.1374,,,,,4
2025-04-18 08:30:00,1.13676,1.13676,1.13676,1.13676,1.13758,1.13758,1.13747,1.13747,,,,,3
2025-04-18 08:31:00,1.1369,1.13703,1.13674,1.13674,1.13756,1.13756,1.1373,1.13752,,,,,11
2025-04-18 08:32:00,1.13664,1.13683,1.13664,1.13683,1.13736,1.13745,1.13736,1.13745,,,,,4
2025-04-18 08:33:00,,,,,1.13755,1.13755,1.13755,1.13755,,,,,1
2025-04-18 08:34:00,,,,,1.13763,1.13763,1.13751,1.13751,,,,,2
2025-04-18 08:36:00,1.13678,1.13678,1.13667,1.13667,1.1374,1.1374,1.1374,1.1374,,,,,4
2025-04-18 08:37:00,1.13681,1.13681,1.13681,1.13681,,,,,,,,,1
2025-04-18 08:38:00,,,,,1.13748,1.13748,1.13748,1.13748,,,,,1
2025-04-18 08:39:00,1.1369,1.1369,1.1368,1.1368,1.13722,1.13729,1.13722,1.13729,,,,,6
2025-04-18 08:40:00,1.13689,1.1369,1.13676,1.1368,1.13721,1.13721,1.13721,1.13721,,,,,22
2025-04-18 08:41:00,1.13672,1.1369,1.1367,1.13682,1.13714,1.13724,1.13708,1.13708,,,,,36
2025-04-18 08:42:00,1.13669,1.13691,1.13662,1.13662,1.13703,1.13718,1.13703,1.13718,,,,,24
2025-04-18 08:43:00,1.1369,1.1369,1.1368,1.1368,1.13711,1.13734,1.13711,1.13734,,,,,8
2025-04-18 08:44:00,,,,,1.1372,1.13726,1.1372,1.13726,,,,,2
2025-04-18 08:47:00,1.13674,1.13674,1.13668,1.13668,1.13716,1.13716,1.13716,1.13716,,,,,3
2025-04-18 08:48:00,1.13679,1.13679,1.13679,1.13679,1.1373,1.1373,1.1373,1.1373,,,,,2
2025-04-18 08:49:00,1.13669,1.13669,1.13669,1.13669,1.13743,1.13743,1.13731,1.13731,,,,,3
2025-04-18 08:50:00,1.13682,1.13682,1.13674,1.13674,1.13737,1.13737,1.13725,1.13725,,,,,4
2025-04-18 08:51:00,,,,,1.13733,1.13733,1.13733,1.13733,,,,,1
2025-04-18 08:52:00,1.13667,1.1369,1.13667,1.1369,1.13721,1.13725,1.13721,1.13725,,,,,5
2025-04-18 08:53:00,1.13696,1.13696,1.13682,1.13692,1.13735,1.13735,1.13735,1.13735,,,,,5
2025-04-18 08:54:00,1.137,1.137,1.13663,1.13686,1.13745,1.13745,1.13734,1.13743,,,,,11
2025-04-18 08:55:00,1.13697,1.13697,1.1367,1.1367,1.13753,1.13753,1.13753,1.13753,,,,,16
2025-04-18 08:56:00,1.1366,1.13677,1.13626,1.13631,1.13737,1.13755,1.13723,1.13741,,,,,40
2025-04-18 08:57:00,1.13638,1.13653,1.13616,1.13622,1.13748,1.13748,1.137,1.137,,,,,78
2025-04-18 08:58:00,1.13636,1.13636,1.13593,1.13593,1.13699,1.13699,1.13655,1.13655,,,,,12
2025-04-18 08:59:00,,,,,1.137,1.137,1.13655,1.13656,,,,,25
2025-04-18 09:00:00,1.13574,1.1364,1.13559,1.13559,1.13651,1.1375,1.13638,1.13638,,,,,11
2025-04-18 09:01:00,1.13555,1.13636,1.13555,1.1361,1.13642,1.13738,1.13642,1.1372,,,,,256
2025-04-18 09:02:00,1.13602,1.13636,1.13573,1.13636,1.13712,1.13746,1.13683,1.13746,,,,,440
2025-04-18 09:03:00,1.13644,1.13655,1.13589,1.13594,1.13754,1.13765,1.13699,1.13704,,,,,88
2025-04-18 09:04:00,1.13615,1.13637,1.13615,1.13617,1.13725,1.13747,1.13725,1.13727,,,,,59
2025-04-18 09:05:00,1.13618,1.1364,1.13604,1.1364,1.13728,1.13746,1.13701,1.13701,,,,,27
2025-04-18 09:07:00,,,,,1.1369,1.13701,1.1369,1.13701,,,,,2
2025-04-18 09:08:00,1.1366,1.1366,1.1366,1.1366,,,,,,,,,1
2025-04-18 09:13:00,1.13642,1.13666,1.1364,1.13666,1.13728,1.13752,1.13716,1.13752,,,,,30
2025-04-18 09:14:00,1.13658,1.13726,1.13658,1.13685,1.13751,1.13773,1.13741,1.13745,,,,,108
2025-04-18 09:15:00,1.1373,1.1373,1.13685,1.13685,1.13754,1.13779,1.13743,1.13779,,,,,168
2025-04-18 09:16:00,1.13686,1.13686,1.13685,1.13685,,,,,,,,,24
2025-04-18 09:17:00,1.13686,1.13686,1.13685,1.13685,1.13771,1.13778,1.1377,1.13776,,,,,74
2025-04-18 09:18:00,1.13689,1.1373,1.13685,1.1372,1.13764,1.13773,1.13764,1.13773,,,,,92
2025-04-18 09:19:00,1.13732,1.13732,1.13721,1.13722,1.13761,1.13773,1.1376,1.13764,,,,,16
2025-04-18 09:21:00,1.13729,1.13729,1.13723,1.13728,1.13756,1.13756,1.13751,1.13751,,,,,5
2025-04-18 09:22:00,1.13724,1.13732,1.13719,1.13725,1.13753,1.13761,1.13751,1.13754,,,,,27
2025-04-18 09:23:00,1.1373,1.13732,1.13716,1.13716,1.13759,1.13766,1.13752,1.13766,,,,,8
2025-04-18 09:24:00,,,,,1.13753,1.13758,1.13753,1.13758,,,,,2
2025-04-18 09:26:00,1.13724,1.13724,1.13724,1.13724,,,,,,,,,1
2025-04-18 09:27:00,1.13713,1.13723,1.13713,1.13723,1.13751,1.13763,1.13751,1.13763,,,,,5
2025-04-18 09:28:00,1.13716,1.13728,1.13712,1.13726,1.13753,1.1376,1.13752,1.13757,,,,,13
2025-04-18 09:29:00,1.13719,1.13719,1.13719,1.13719,,,,,,,,,1
2025-04-18 09:30:00,1.1371,1.1371,1.1371,1.1371,1.13764,1.13764,1.13764,1.13764,,,,,2
2025-04-18 09:31:00,,,,,1.13753,1.1376,1.13753,1.1376,,,,,2
2025-04-18 09:33:00,1.13697,1.13697,1.13697,1.13697,1.13737,1.13757,1.13737,1.13756,,,,,27
2025-04-18 09:34:00,1.13673,1.13697,1.13673,1.13697,1.13783,1.13783,1.13746,1.13756,,,,,22
2025-04-18 09:35:00,1.13716,1.13716,1.13716,1.13716,1.13746,1.13758,1.13746,1.13747,,,,,74
2025-04-18 09:36:00,1.1372,1.1372,1.13716,1.13716,1.13758,1.13772,1.13747,1.13765,,,,,103
2025-04-18 09:37:00,,,,,1.13766,1.13771,1.1376,1.13763,,,,,116
2025-04-18 09:38:00,1.13731,1.13731,1.13731,1.13731,1.13767,1.13767,1.13758,1.13758,,,,,116
2025-04-18 09:39:00,1.13736,1.13736,1.13715,1.13715,1.13762,1.13769,1.1375,1.13758,,,,,81
2025-04-18 09:40:00,,,,,1.13763,1.13763,1.13759,1.1376,,,,,138
2025-04-18 09:41:00,,,,,1.13763,1.13763,1.1376,1.13761,,,,,125
2025-04-18 09:43:00,1.13707,1.13707,1.13707,1.13707,1.1375,1.13767,1.1375,1.1376,,,,,21
2025-04-18 09:44:00,1.13723,1.13737,1.13723,1.13735,1.13765,1.13776,1.1376,1.13776,,,,,163
2025-04-18 09:45:00,1.13729,1.13742,1.13701,1.13711,1.13764,1.13764,1.13739,1.13754,,,,,99
2025-04-18 09:46:00,1.13704,1.13711,1.13701,1.1371,,,,,,,,,71
2025-04-18 09:47:00,1.13702,1.1371,1.13701,1.13701,,,,,,,,,69
2025-04-18 09:48:00,1.13707,1.13708,1.13701,1.13701,,,,,,,,,31
2025-04-18 09:49:00,1.13704,1.1371,1.13701,1.13703,1.13743,1.13743,1.13743,1.13743,,,,,33
2025-04-18 09:50:00,1.1371,1.1371,1.1369,1.13706,1.13749,1.13749,1.13727,1.13742,,,,,158
2025-04-18 09:51:00,1.13699,1.13707,1.13698,1.13699,1.13748,1.13748,1.13748,1.13748,,,,,84
2025-04-18 09:52:00,1.13698,1.13708,1.13698,1.13698,1.13737,1.13737,1.13729,1.13733,,,,,147
2025-04-18 09:53:00,1.13703,1.13707,1.13698,1.13698,1.1374,1.13747,1.1374,1.13747,,,,,130
2025-04-18 09:54:00,1.13705,1.13705,1.13683,1.13683,1.1373,1.13756,1.13721,1.13756,,,,,33
2025-04-18 09:55:00,1.13698,1.13698,1.13698,1.13698,1.13739,1.13739,1.13739,1.13739,,,,,2
2025-04-18 09:56:00,,,,,1.1373,1.1373,1.1373,1.1373,,,,,1
2025-04-18 09:57:00,,,,,1.13734,1.13734,1.13734,1.13734,,,,,1
2025-04-18 09:58:00,1.13706,1.13706,1.13703,1.13703,,,,,,,,,2
2025-04-18 09:59:00,1.137,1.137,1.13688,1.13689,1.13726,1.13726,1.13716,1.1372,,,,,47
2025-04-18 10:00:00,1.13692,1.13694,1.13685,1.13685,1.13724,1.13725,1.13713,1.13725,,,,,12
2025-04-18 10:01:00,1.13687,1.137,1.13685,1.13687,1.13716,1.13728,1.1371,1.1371,,,,,64
2025-04-18 10:02:00,1.13682,1.13688,1.13682,1.13687,,,,,,,,,5
2025-04-18 10:03:00,1.13683,1.13683,1.13683,1.13683,1.13713,1.13717,1.13709,1.13711,,,,,5
2025-04-18 10:04:00,1.1368,1.13695,1.13676,1.13676,1.13715,1.13753,1.13704,1.13704,,,,,30
2025-04-18 10:05:00,1.13672,1.13672,1.13672,1.13672,1.13706,1.13706,1.13706,1.13706,,,,,2
2025-04-18 10:06:00,1.13681,1.13689,1.13672,1.13684,1.13713,1.13757,1.13713,1.1372,,,,,70
2025-04-18 10:07:00,1.13672,1.13693,1.13665,1.13691,1.13726,1.13748,1.13722,1.13744,,,,,158
2025-04-18 10:08:00,1.13687,1.13694,1.13665,1.13673,1.13732,1.13739,1.13723,1.13739,,,,,41
2025-04-18 10:09:00,1.13677,1.13682,1.13677,1.13677,1.13727,1.13736,1.13727,1.13736,,,,,9
2025-04-18 10:10:00,1.13668,1.13668,1.13668,1.13668,1.13722,1.13729,1.13712,1.13719,,,,,5
2025-04-18 10:11:00,1.13674,1.13674,1.13664,1.13664,1.137,1.13717,1.137,1.13717,,,,,5
2025-04-18 10:12:00,1.13675,1.13677,1.13666,1.13677,1.13725,1.13735,1.13725,1.13735,,,,,48
2025-04-18 10:13:00,1.13669,1.13684,1.13669,1.13684,1.13725,1.13741,1.13703,1.13731,,,,,232
2025-04-18 10:14:00,,,,,1.13723,1.13731,1.13709,1.13731,,,,,133
2025-04-18 10:15:00,1.13676,1.13698,1.13676,1.13694,1.13715,1.13732,1.13707,1.13732,,,,,244
2025-04-18 10:16:00,1.1369,1.13694,1.1369,1.1369,1.13721,1.13721,1.13721,1.13721,,,,,6
2025-04-18 10:17:00,1.13685,1.13687,1.13685,1.13685,,,,,,,,,9
2025-04-18 10:18:00,1.1368,1.13682,1.1368,1.1368,1.13715,1.13715,1.13715,1.13715,,,,,50
2025-04-18 10:19:00,1.13684,1.13689,1.1368,1.1368,1.1372,1.1372,1.1372,1.1372,,,,,56
2025-04-18 10:20:00,1.13682,1.13683,1.1368,1.1368,,,,,,,,,223
2025-04-18 10:21:00,1.13682,1.13687,1.1368,1.13684,1.13713,1.13718,1.13713,1.13718,,,,,265
2025-04-18 10:22:00,1.13683,1.13684,1.13683,1.13683,,,,,,,,,59
2025-04-18 10:23:00,1.13687,1.13687,1.13687,1.13687,,,,,,,,,1
2025-04-18 10:24:00,1.1369,1.13699,1.13684,1.13684,1.1371,1.13741,1.1371,1.13724,,,,,43
2025-04-18 10:25:00,1.13675,1.13675,1.13675,1.13675,1.13733,1.13735,1.13713,1.13723,,,,,45
2025-04-18 10:26:00,1.13681,1.13681,1.13681,1.13681,1.13714,1.13714,1.13707,1.13707,,,,,3
2025-04-18 10:27:00,1.13678,1.13681,1.13669,1.13669,1.13712,1.13722,1.1371,1.13717,,,,,10
2025-04-18 10:28:00,1.13678,1.13678,1.13678,1.13678,1.13724,1.13724,1.13713,1.13713,,,,,3
2025-04-18 10:29:00,1.13672,1.13672,1.13672,1.13672,,,,,,,,,1
2025-04-18 10:30:00,,,,,1.13723,1.13723,1.13723,1.13723,,,,,1
2025-04-18 10:31:00,1.13664,1.13664,1.13664,1.13664,1.13722,1.13723,1.13722,1.13723,,,,,3
2025-04-18 10:32:00,1.13678,1.13678,1.13678,1.13678,,,,,,,,,1
2025-04-18 10:33:00,1.13669,1.13669,1.13669,1.13669,1.13731,1.13738,1.13731,1.13738,,,,,16
2025-04-18 10:34:00,1.13685,1.13685,1.13685,1.13685,1.13734,1.1375,1.13731,1.1374,,,,,226
2025-04-18 10:35:00,1.13678,1.13678,1.13678,1.13678,1.13749,1.13749,1.13726,1.13726,,,,,6
2025-04-18 10:36:00,,,,,1.13734,1.13749,1.13721,1.13736,,,,,59
2025-04-18 10:37:00,1.13669,1.13669,1.13654,1.13654,1.13739,1.13745,1.137,1.13739,,,,,81
2025-04-18 10:38:00,1.1368,1.13719,1.13662,1.1367,1.13738,1.13757,1.13734,1.13757,,,,,134
2025-04-18 10:39:00,1.13654,1.13672,1.13654,1.13672,1.13742,1.13742,1.13742,1.13742,,,,,5
2025-04-18 10:40:00,1.13654,1.13672,1.13654,1.13672,,,,,,,,,18
2025-04-18 10:41:00,1.1367,1.13685,1.1367,1.13685,1.1375,1.1375,1.13709,1.13735,,,,,11
2025-04-18 10:42:00,,,,,1.13742,1.13742,1.13726,1.1374,,,,,6
2025-04-18 10:43:00,1.13675,1.13675,1.13675,1.13675,1.13728,1.13737,1.13717,1.13737,,,,,5
2025-04-18 10:44:00,,,,,1.13707,1.13739,1.13707,1.13739,,,,,5
2025-04-18 10:45:00,1.13677,1.13683,1.13677,1.13677,1.13728,1.13728,1.13728,1.13728,,,,,40
2025-04-18 10:46:00,1.13683,1.13684,1.13676,1.13678,,,,,,,,,64
2025-04-18 10:47:00,1.13684,1.13684,1.13676,1.13678,,,,,,,,,62
2025-04-18 10:49:00,1.13641,1.13682,1.13637,1.13675,1.13751,1.13754,1.13728,1.13728,,,,,120
2025-04-18 10:50:00,1.13679,1.13681,1.13675,1.13675,,,,,,,,,211
2025-04-18 10:51:00,1.1368,1.13683,1.13675,1.13675,,,,,,,,,160
2025-04-18 10:52:00,1.13676,1.13683,1.13675,1.13678,1.137,1.13728,1.137,1.13727,,,,,115
2025-04-18 10:53:00,1.13675,1.1368,1.13675,1.13675,,,,,,,,,126
2025-04-18 10:54:00,1.1368,1.1368,1.13649,1.13675,1.13759,1.13759,1.13727,1.13727,,,,,12
2025-04-18 10:55:00,1.13682,1.13686,1.13675,1.13686,,,,,,,,,80
2025-04-18 10:56:00,1.13687,1.13687,1.13648,1.13686,1.13762,1.13768,1.13727,1.13731,,,,,49
2025-04-18 10:57:00,1.13688,1.13688,1.13686,1.13688,,,,,,,,,97
2025-04-18 10:58:00,1.13686,1.13695,1.13686,1.13695,1.13721,1.13728,1.13721,1.13721,,,,,87
2025-04-18 10:59:00,1.13699,1.13699,1.13684,1.13693,1.13724,1.13748,1.13719,1.13721,,,,,157
2025-04-18 11:00:00,1.13686,1.13691,1.1368,1.13691,1.13724,1.13744,1.13719,1.13744,,,,,94
2025-04-18 11:01:00,1.1368,1.1368,1.1368,1.1368,,,,,,,,,1
2025-04-18 11:02:00,1.13684,1.1371,1.1368,1.13698,1.13749,1.13749,1.13749,1.13749,,,,,43
2025-04-18 11:03:00,1.13696,1.13701,1.13653,1.13686,1.1373,1.13768,1.13716,1.13727,,,,,31
2025-04-18 11:04:00,1.1369,1.13695,1.13686,1.13695,,,,,,,,,68
2025-04-18 11:05:00,1.1369,1.1369,1.13683,1.13683,,,,,,,,,23
2025-04-18 11:06:00,1.13689,1.13689,1.13683,1.13689,,,,,,,,,36
2025-04-18 11:07:00,1.13698,1.13698,1.13685,1.13685,1.13737,1.13737,1.13737,1.13737,,,,,46
2025-04-18 11:08:00,1.13691,1.13692,1.13685,1.13686,,,,,,,,,233
2025-04-18 11:09:00,1.13692,1.13692,1.13686,1.13686,,,,,,,,,245
2025-04-18 11:10:00,1.13691,1.13692,1.13685,1.13691,1.13726,1.13726,1.13726,1.13726,,,,,259
2025-04-18 11:11:00,1.13686,1.13691,1.13685,1.13686,,,,,,,,,220
2025-04-18 11:12:00,1.1369,1.13692,1.13682,1.13685,,,,,,,,,112
2025-04-18 11:15:00,1.1364,1.1364,1.13637,1.13638,1.1375,1.1375,1.13747,1.13748,,,,,5
2025-04-18 11:16:00,1.13637,1.1368,1.13631,1.13677,1.13747,1.13748,1.13726,1.13726,,,,,48
2025-04-18 11:17:00,1.13638,1.1368,1.13638,1.13677,1.13748,1.13751,1.13726,1.13726,,,,,50
2025-04-18 11:18:00,1.1368,1.1368,1.1364,1.13677,1.1375,1.13753,1.13726,1.13726,,,,,57
2025-04-18 11:19:00,1.13678,1.13682,1.13677,1.13677,,,,,,,,,105
2025-04-18 11:20:00,1.13681,1.13683,1.13677,1.13677,1.13713,1.13727,1.13713,1.13727,,,,,177
2025-04-18 11:21:00,1.13682,1.13687,1.13677,1.13687,1.13718,1.13718,1.13718,1.13718,,,,,204
2025-04-18 11:22:00,1.13679,1.13682,1.13679,1.13682,1.13726,1.13726,1.13726,1.13726,,,,,59
2025-04-18 11:23:00,1.13679,1.13683,1.13645,1.13682,1.1376,1.13763,1.13726,1.13726,,,,,80
2025-04-18 11:24:00,1.13679,1.13683,1.13646,1.13679,1.13756,1.13757,1.13726,1.13726,,,,,33
2025-04-18 11:25:00,1.13682,1.13682,1.13644,1.13679,1.13754,1.13757,1.13726,1.13726,,,,,20
2025-04-18 11:26:00,1.13681,1.13682,1.13642,1.13679,1.13757,1.13758,1.13726,1.13726,,,,,60
2025-04-18 11:27:00,1.13641,1.13681,1.1364,1.13679,1.13751,1.13756,1.13726,1.13726,,,,,44
2025-04-18 11:28:00,1.13646,1.13682,1.13641,1.13647,1.13756,1.13759,1.13726,1.13757,,,,,62
2025-04-18 11:29:00,1.13644,1.13682,1.13638,1.13676,1.13754,1.13758,1.13726,1.13726,,,,,47
2025-04-18 11:30:00,1.1365,1.13682,1.13643,1.13647,1.1376,1.1376,1.13726,1.13757,,,,,53
2025-04-18 11:31:00,1.13649,1.13681,1.13642,1.13675,1.13759,1.1376,1.13726,1.13726,,,,,50
2025-04-18 11:32:00,1.13648,1.13681,1.13643,1.13677,1.13758,1.13761,1.13726,1.13726,,,,,44
2025-04-18 11:33:00,1.13642,1.13682,1.13641,1.13676,1.13752,1.13752,1.13726,1.13726,,,,,34
2025-04-18 11:34:00,1.13681,1.13682,1.13676,1.13676,,,,,,,,,71
2025-04-18 11:35:00,1.13682,1.13682,1.13676,1.13676,,,,,,,,,110
2025-04-18 11:36:00,1.13646,1.13681,1.13644,1.13675,1.13756,1.13757,1.13726,1.13726,,,,,10
2025-04-18 11:37:00,1.1368,1.1368,1.13672,1.13674,,,,,,,,,100
2025-04-18 11:38:00,1.1368,1.1368,1.13631,1.13672,1.13754,1.13754,1.13702,1.13702,,,,,38
2025-04-18 11:39:00,1.13635,1.13672,1.13623,1.13643,1.13706,1.13754,1.13706,1.13753,,,,,103
2025-04-18 11:40:00,1.13644,1.13677,1.13634,1.13672,1.13754,1.13754,1.13719,1.13726,,,,,69
2025-04-18 11:41:00,1.13677,1.13677,1.13672,1.13672,1.13714,1.13722,1.13714,1.13722,,,,,66
2025-04-18 11:42:00,1.13639,1.13677,1.13638,1.13644,1.13749,1.13755,1.13722,1.13754,,,,,75
2025-04-18 11:43:00,1.13642,1.13677,1.13622,1.13672,1.13752,1.13752,1.13722,1.13722,,,,,137
2025-04-18 11:44:00,1.13677,1.13677,1.13638,1.13675,1.13711,1.13757,1.13711,1.13728,,,,,78
2025-04-18 11:45:00,1.13672,1.13676,1.13672,1.13672,1.13717,1.13726,1.13717,1.13726,,,,,108
2025-04-18 11:46:00,1.13639,1.13674,1.13638,1.13641,1.13749,1.13754,1.13714,1.13751,,,,,23
2025-04-18 11:47:00,1.13642,1.13674,1.13639,1.13672,1.13752,1.13754,1.13731,1.13731,,,,,74
2025-04-18 11:48:00,1.13674,1.13674,1.13672,1.13672,,,,,,,,,64
2025-04-18 11:49:00,1.13674,1.13683,1.13671,1.13671,1.13716,1.13731,1.13712,1.13719,,,,,142
2025-04-18 11:50:00,,,,,1.13715,1.13719,1.13715,1.13719,,,,,122
2025-04-18 11:51:00,1.13682,1.13682,1.13676,1.13676,1.13715,1.13719,1.13713,1.13718,,,,,158
2025-04-18 11:52:00,,,,,1.13722,1.13725,1.13709,1.13709,,,,,92
2025-04-18 11:53:00,1.13673,1.13673,1.13673,1.13673,1.13714,1.13722,1.13714,1.13722,,,,,3
2025-04-18 11:55:00,1.13666,1.13666,1.13666,1.13666,1.13719,1.13722,1.13705,1.13705,,,,,9
2025-04-18 11:56:00,1.13677,1.13677,1.13677,1.13677,1.13715,1.13715,1.13712,1.13714,,,,,207
2025-04-18 11:57:00,1.1367,1.1367,1.1367,1.1367,1.13715,1.13715,1.13712,1.13715,,,,,183
2025-04-18 11:58:00,,,,,1.13712,1.13721,1.13712,1.13715,,,,,137
2025-04-18 11:59:00,,,,,1.1372,1.13722,1.13713,1.13719,,,,,226
2025-04-18 12:00:00,,,,,1.13714,1.1372,1.13713,1.13718,,,,,31
2025-04-18 12:01:00,1.13681,1.13681,1.13681,1.13681,1.1372,1.1372,1.13714,1.1372,,,,,23
2025-04-18 12:02:00,1.13674,1.13674,1.13674,1.13674,1.13714,1.1372,1.13714,1.1372,,,,,138
2025-04-18 12:03:00,1.13689,1.137,1.13689,1.137,1.13715,1.13734,1.13715,1.13734,,,,,5
2025-04-18 12:07:00,1.13663,1.13702,1.13662,1.13702,1.13773,1.13775,1.13734,1.13734,,,,,5
2025-04-18 12:11:00,1.13661,1.13702,1.13656,1.13662,1.13771,1.13773,1.13734,1.13772,,,,,14
2025-04-18 12:12:00,1.13661,1.13702,1.13659,1.13702,1.13771,1.13775,1.13734,1.13734,,,,,26
2025-04-18 12:13:00,1.13661,1.13702,1.13661,1.13702,1.13771,1.13774,1.13734,1.13734,,,,,6
2025-04-18 12:15:00,1.13709,1.13709,1.13709,1.13709,1.13737,1.13737,1.13733,1.13733,,,,,3
2025-04-18 12:16:00,,,,,1.13735,1.13735,1.13735,1.13735,,,,,1
2025-04-18 12:18:00,,,,,1.13731,1.13731,1.13731,1.13731,,,,,1
2025-04-18 12:19:00,1.13705,1.13705,1.13705,1.13705,1.13734,1.13734,1.13734,1.13734,,,,,1
2025-04-18 12:20:00,1.13711,1.13711,1.13711,1.13711,1.13731,1.13731,1.13731,1.13731,,,,,2
2025-04-18 12:21:00,,,,,1.13734,1.13737,1.13733,1.13736,,,,,4
2025-04-18 12:22:00,1.13708,1.13712,1.13703,1.13708,1.13732,1.13763,1.13732,1.13763,,,,,11
2025-04-18 12:23:00,1.13722,1.13722,1.13713,1.13713,1.13753,1.13773,1.13753,1.13769,,,,,7
2025-04-18 12:24:00,,,,,1.13776,1.13776,1.13765,1.13773,,,,,3
2025-04-18 12:25:00,1.13726,1.13726,1.1372,1.1372,1.1376,1.1376,1.1376,1.1376,,,,,3
2025-04-18 12:26:00,1.13726,1.13726,1.13726,1.13726,1.13752,1.13755,1.1375,1.1375,,,,,4
2025-04-18 12:27:00,,,,,1.13753,1.13753,1.13753,1.13753,,,,,1
2025-04-18 12:28:00,1.13724,1.13724,1.13724,1.13724,,,,,,,,,1
2025-04-18 12:31:00,1.13721,1.13721,1.13721,1.13721,1.13748,1.13748,1.13748,1.13748,,,,,2
2025-04-18 12:32:00,1.13708,1.13719,1.13708,1.13719,1.13754,1.13754,1.13754,1.13754,,,,,3
2025-04-18 12:33:00,,,,,1.13756,1.13756,1.13756,1.13756,,,,,1
2025-04-18 12:34:00,1.13714,1.13714,1.13714,1.13714,,,,,,,,,1
2025-04-18 12:36:00,1.13671,1.13714,1.13671,1.13714,1.13781,1.13783,1.13756,1.13756,,,,,4
2025-04-18 12:37:00,1.13673,1.13714,1.13673,1.13714,1.13783,1.13784,1.13756,1.13756,,,,,3
2025-04-18 12:38:00,1.1372,1.1372,1.13717,1.13717,1.13748,1.13752,1.13748,1.13752,,,,,4
2025-04-18 12:39:00,1.13724,1.13724,1.13724,1.13724,,,,,,,,,1
2025-04-18 12:40:00,1.13721,1.13721,1.13721,1.13721,1.13756,1.13761,1.13756,1.13756,,,,,4
2025-04-18 12:41:00,1.13683,1.13729,1.13683,1.13725,1.13793,1.13793,1.13751,1.13756,,,,,6
2025-04-18 12:42:00,,,,,1.13751,1.13756,1.13751,1.13756,,,,,2
2025-04-18 12:43:00,,,,,1.1376,1.1376,1.13755,1.13755,,,,,2
2025-04-18 12:44:00,1.13729,1.13729,1.13729,1.13729,1.1375,1.13754,1.1375,1.13754,,,,,3
2025-04-18 12:45:00,1.13726,1.13727,1.1367,1.13727,1.13749,1.13786,1.13749,1.13752,,,,,18
2025-04-18 12:46:00,1.13724,1.13724,1.13724,1.13724,1.13756,1.13756,1.13756,1.13756,,,,,2
2025-04-18 12:47:00,1.13729,1.13729,1.13726,1.13726,1.13752,1.13756,1.13751,1.13756,,,,,6
2025-04-18 12:52:00,1.13727,1.13727,1.13727,1.13727,1.13751,1.13756,1.13751,1.13756,,,,,2
2025-04-18 12:53:00,1.13724,1.13724,1.13724,1.13724,,,,,,,,,1
2025-04-18 12:54:00,1.13727,1.13728,1.13723,1.13723,,,,,,,,,4
2025-04-18 12:56:00,1.13726,1.13726,1.13726,1.13726,1.13751,1.13754,1.13751,1.13754,,,,,2
2025-04-18 12:57:00,1.13732,1.13733,1.13728,1.13733,1.13757,1.1376,1.13754,1.13758,,,,,12
2025-04-18 12:58:00,1.13736,1.13736,1.1373,1.13734,,,,,,,,,4
2025-04-18 12:59:00,1.13736,1.13736,1.13736,1.13736,1.13754,1.13758,1.13754,1.13756,,,,,5
2025-04-18 13:00:00,1.13734,1.13746,1.13732,1.13745,1.13761,1.13768,1.13755,1.13763,,,,,109
2025-04-18 13:01:00,1.13739,1.1375,1.13739,1.13745,1.13765,1.1377,1.13756,1.1377,,,,,46
2025-04-18 13:02:00,1.13754,1.13758,1.13744,1.13744,1.13772,1.1378,1.13772,1.1378,,,,,7
2025-04-18 13:03:00,1.13732,1.13738,1.1372,1.13725,,,,,,,,,7
2025-04-18 13:04:00,1.13718,1.13736,1.13718,1.13725,,,,,,,,,6
2025-04-18 13:08:00,1.1372,1.13732,1.1372,1.13732,1.13769,1.13769,1.13769,1.13769,,,,,2
2025-04-18 13:09:00,1.13721,1.1376,1.13721,1.1374,1.13786,1.13795,1.13779,1.13795,,,,,13
2025-04-18 13:10:00,1.1373,1.13741,1.1373,1.13741,1.13779,1.13779,1.13779,1.13779,,,,,3
2025-04-18 13:11:00,1.13734,1.13738,1.13725,1.13738,,,,,,,,,3
2025-04-18 13:12:00,1.13731,1.13734,1.13722,1.13723,,,,,,,,,6
2025-04-18 13:16:00,1.13738,1.13738,1.13738,1.13738,1.13768,1.13779,1.13768,1.13779,,,,,2
2025-04-18 13:17:00,1.13731,1.13731,1.13724,1.13724,1.13767,1.13774,1.13767,1.13774,,,,,4
2025-04-18 13:18:00,1.13733,1.13733,1.13726,1.13726,1.13763,1.13763,1.13763,1.13763,,,,,3
2025-04-18 13:19:00,1.13718,1.13718,1.13718,1.13718,,,,,,,,,1
2025-04-18 13:20:00,1.13732,1.1374,1.13732,1.1374,1.13757,1.13766,1.13757,1.13766,,,,,4
2025-04-18 13:21:00,1.13687,1.13689,1.13685,1.13689,1.1376,1.13797,1.13754,1.13797,,,,,9
2025-04-18 13:22:00,1.1374,1.1374,1.1374,1.1374,1.13762,1.13768,1.13755,1.13763,,,,,10
2025-04-18 13:25:00,1.13742,1.13742,1.13742,1.13742,1.13765,1.13765,1.13765,1.13765,,,,,1
2025-04-18 13:26:00,1.1374,1.1374,1.13721,1.13732,1.13774,1.13774,1.13765,1.13765,,,,,13
2025-04-18 13:27:00,1.13724,1.13733,1.13724,1.13733,,,,,,,,,10
2025-04-18 13:28:00,1.13699,1.13733,1.13699,1.13726,1.13798,1.138,1.1376,1.13773,,,,,31
2025-04-18 13:29:00,1.13729,1.13729,1.13729,1.13729,1.13762,1.13777,1.13761,1.13763,,,,,16
2025-04-18 13:30:00,1.13722,1.13732,1.13722,1.13724,1.1377,1.13771,1.13757,1.13767,,,,,13
2025-04-18 13:31:00,1.13734,1.13734,1.13724,1.13734,1.13761,1.1377,1.13758,1.13762,,,,,19
2025-04-18 13:32:00,1.13728,1.13728,1.13709,1.13715,1.13758,1.13758,1.1374,1.1374,,,,,17
2025-04-18 13:33:00,1.13721,1.13721,1.13721,1.13721,1.13745,1.13745,1.13745,1.13745,,,,,2
2025-04-18 13:34:00,1.13717,1.13733,1.13715,1.13728,1.13753,1.13768,1.13753,1.13756,,,,,27
2025-04-18 13:35:00,1.13722,1.1373,1.13714,1.13714,1.13768,1.13768,1.13756,1.13757,,,,,29
2025-04-18 13:36:00,1.13707,1.13712,1.13686,1.13688,1.13798,1.13801,1.13757,1.13798,,,,,18
2025-04-18 13:37:00,1.13712,1.13726,1.13712,1.13726,1.13757,1.13782,1.13757,1.13782,,,,,5
2025-04-18 13:38:00,1.13738,1.13764,1.13738,1.13761,1.13786,1.13792,1.13783,1.13787,,,,,13
2025-04-18 13:39:00,1.13719,1.13785,1.13719,1.13785,1.13829,1.13832,1.13787,1.13812,,,,,11
2025-04-18 13:40:00,1.1378,1.1378,1.1378,1.1378,,,,,,,,,1
2025-04-18 13:41:00,1.13796,1.13813,1.13796,1.13808,1.13818,1.13842,1.13818,1.13842,,,,,16
2025-04-18 13:42:00,1.13816,1.13817,1.13785,1.13785,1.13845,1.13845,1.13825,1.13835,,,,,16
2025-04-18 13:43:00,1.13759,1.138,1.13757,1.13796,1.13869,1.13869,1.13824,1.13824,,,,,11
2025-04-18 13:44:00,1.13786,1.13807,1.13785,1.13807,1.13829,1.13836,1.13829,1.13836,,,,,9
2025-04-18 13:45:00,1.13804,1.13805,1.13782,1.13782,1.13828,1.13829,1.13824,1.13827,,,,,40
2025-04-18 13:46:00,1.13774,1.1378,1.13773,1.13776,1.13828,1.13828,1.13825,1.13826,,,,,159
2025-04-18 13:47:00,,,,,1.13828,1.13828,1.13825,1.13826,,,,,136
2025-04-18 13:48:00,,,,,1.13828,1.13828,1.13814,1.13814,,,,,91
2025-04-18 13:54:00,1.13795,1.13797,1.1379,1.13797,1.13816,1.13823,1.13816,1.13823,,,,,9
2025-04-18 13:55:00,1.13801,1.1381,1.13797,1.13797,1.13827,1.1383,1.13824,1.13824,,,,,16
2025-04-18 13:56:00,1.13801,1.13801,1.13797,1.13797,1.1382,1.13822,1.1382,1.13822,,,,,4
2025-04-18 13:57:00,1.138,1.138,1.13798,1.13798,,,,,,,,,2
2025-04-18 13:58:00,1.13796,1.138,1.13796,1.13796,,,,,,,,,6
2025-04-18 14:00:00,1.13798,1.13798,1.13798,1.13798,1.13821,1.13822,1.13821,1.13822,,,,,2
2025-04-18 14:01:00,1.13795,1.13795,1.13795,1.13795,,,,,,,,,1
2025-04-18 14:02:00,1.13801,1.13806,1.13801,1.13806,1.13824,1.1383,1.13823,1.1383,,,,,7
2025-04-18 14:03:00,,,,,1.13833,1.13833,1.13833,1.13833,,,,,1
2025-04-18 14:04:00,1.1381,1.13838,1.13802,1.13829,1.13825,1.13876,1.13824,1.13866,,,,,30
2025-04-18 14:05:00,1.13838,1.13843,1.13836,1.13836,1.13868,1.13868,1.13863,1.13863,,,,,9
2025-04-18 14:06:00,1.13843,1.13843,1.13796,1.13826,1.1386,1.13867,1.13855,1.13855,,,,,11
2025-04-18 14:07:00,1.13823,1.13823,1.13823,1.13823,1.13857,1.13862,1.13854,1.13854,,,,,4
2025-04-18 14:08:00,,,,,1.1384,1.1384,1.1384,1.1384,,,,,1
2025-04-18 14:09:00,1.13821,1.13825,1.13819,1.13823,1.13842,1.13842,1.1384,1.1384,,,,,11
2025-04-18 14:10:00,1.13821,1.13823,1.13817,1.13819,,,,,,,,,11
2025-04-18 14:11:00,1.1378,1.13824,1.1378,1.13811,1.1389,1.1389,1.1384,1.1384,,,,,14
2025-04-18 14:12:00,1.13769,1.13811,1.13766,1.13811,1.13879,1.13882,1.1384,1.1384,,,,,60
2025-04-18 14:13:00,1.13767,1.13816,1.13766,1.13814,1.13877,1.13882,1.1384,1.1384,,,,,50
2025-04-18 14:14:00,1.13769,1.13818,1.13769,1.13818,1.13879,1.13883,1.1384,1.1384,,,,,24
2025-04-18 14:15:00,1.13816,1.13816,1.13773,1.13816,1.13883,1.13885,1.1384,1.1384,,,,,13
2025-04-18 14:16:00,1.13773,1.13816,1.13772,1.13809,1.13883,1.13883,1.13833,1.13833,,,,,7
2025-04-18 14:17:00,1.13807,1.13807,1.13795,1.13795,1.13837,1.13837,1.13837,1.13837,,,,,4
2025-04-18 14:18:00,1.13805,1.13805,1.13805,1.13805,,,,,,,,,1
2025-04-18 14:19:00,1.13811,1.13812,1.13805,1.13812,,,,,,,,,5
2025-04-18 14:20:00,1.13815,1.13815,1.1378,1.13812,1.1384,1.13843,1.1384,1.13843,,,,,4
2025-04-18 14:21:00,1.1381,1.1381,1.13764,1.13768,1.13877,1.13879,1.13843,1.13878,,,,,35
2025-04-18 14:22:00,1.13766,1.13772,1.13764,1.13771,1.13876,1.13882,1.13874,1.13881,,,,,183
2025-04-18 14:23:00,1.1377,1.13802,1.13767,1.13772,1.1388,1.13884,1.13843,1.13882,,,,,133
2025-04-18 14:24:00,1.13771,1.13802,1.13768,1.13802,1.13881,1.13883,1.13843,1.13843,,,,,77
2025-04-18 14:25:00,1.13766,1.13802,1.13766,1.13802,1.13876,1.13881,1.13823,1.1385,,,,,8
2025-04-18 14:26:00,1.13817,1.13817,1.1381,1.1381,,,,,,,,,2
2025-04-18 14:27:00,1.13819,1.13827,1.13819,1.13822,1.13853,1.13858,1.13853,1.13858,,,,,4
2025-04-18 14:29:00,1.13828,1.13845,1.13828,1.13845,1.13853,1.13875,1.13853,1.13875,,,,,13
2025-04-18 14:30:00,1.1385,1.1385,1.1385,1.1385,1.1388,1.1388,1.1388,1.1388,,,,,2
2025-04-18 14:31:00,1.13848,1.13848,1.13848,1.13848,1.13874,1.13874,1.13874,1.13874,,,,,2
2025-04-18 14:32:00,1.13845,1.13849,1.13842,1.13844,,,,,,,,,10
2025-04-18 14:33:00,,,,,1.13869,1.13869,1.13869,1.13869,,,,,1
2025-04-18 14:34:00,,,,,1.13872,1.13872,1.13872,1.13872,,,,,1
2025-04-18 14:35:00,1.13849,1.13864,1.13845,1.13856,1.13869,1.13881,1.13869,1.13875,,,,,37
2025-04-18 14:36:00,1.13855,1.13859,1.13849,1.13849,1.13872,1.13877,1.13872,1.13873,,,,,13
2025-04-18 14:37:00,1.13847,1.13848,1.13843,1.13845,1.13869,1.13872,1.13869,1.13872,,,,,7
2025-04-18 14:38:00,1.13842,1.13846,1.13841,1.13841,1.13867,1.13867,1.13867,1.13867,,,,,5
2025-04-18 14:39:00,1.13845,1.13847,1.13836,1.13836,1.13864,1.13864,1.13856,1.13856,,,,,14
2025-04-18 14:40:00,1.13839,1.13841,1.13834,1.13834,1.13859,1.13859,1.13859,1.13859,,,,,32
2025-04-18 14:41:00,1.13839,1.13841,1.13835,1.13835,1.13861,1.13862,1.13857,1.13858,,,,,17
2025-04-18 14:42:00,1.1383,1.1383,1.13817,1.13817,1.1385,1.1385,1.1385,1.1385,,,,,5
2025-04-18 14:43:00,1.13815,1.13815,1.13815,1.13815,1.13837,1.13837,1.13837,1.13837,,,,,2
2025-04-18 14:44:00,1.13817,1.13817,1.13815,1.13815,,,,,,,,,2
2025-04-18 14:47:00,1.13812,1.13816,1.13807,1.13814,1.13834,1.1384,1.13831,1.13835,,,,,27
2025-04-18 14:48:00,1.13811,1.13817,1.13811,1.13813,,,,,,,,,6
2025-04-18 14:49:00,1.13817,1.13817,1.13815,1.13815,1.13838,1.13841,1.13838,1.13841,,,,,4
2025-04-18 14:50:00,1.13818,1.13818,1.13815,1.13815,,,,,,,,,3
2025-04-18 14:51:00,1.13819,1.13819,1.13816,1.13816,1.13845,1.13845,1.13845,1.13845,,,,,3
2025-04-18 14:59:00,1.13822,1.13822,1.1377,1.13822,1.13848,1.13886,1.13848,1.13848,,,,,58
2025-04-18 15:00:00,1.13819,1.13819,1.13771,1.13771,1.13852,1.13882,1.13852,1.13881,,,,,4
2025-04-18 15:01:00,1.13773,1.13819,1.13769,1.13771,1.13883,1.13883,1.13852,1.13881,,,,,14
2025-04-18 15:02:00,1.13769,1.13819,1.13768,1.13819,1.13879,1.1388,1.13852,1.13852,,,,,6
2025-04-18 15:03:00,1.13799,1.13799,1.1378,1.1378,1.1384,1.1384,1.1384,1.1384,,,,,16
2025-04-18 15:04:00,,,,,1.13827,1.13827,1.13827,1.13827,,,,,1
2025-04-18 15:05:00,1.13737,1.1378,1.13733,1.1378,1.13847,1.13847,1.13827,1.13827,,,,,20
2025-04-18 15:06:00,1.13733,1.1378,1.13731,1.13736,1.13843,1.13846,1.13796,1.13846,,,,,19
2025-04-18 15:07:00,1.13734,1.1378,1.13729,1.1378,1.13844,1.1385,1.1382,1.1382,,,,,25
2025-04-18 15:08:00,1.13729,1.1378,1.13725,1.1378,1.13833,1.13845,1.1381,1.1381,,,,,43
2025-04-18 15:09:00,1.13777,1.13777,1.13767,1.13776,1.13836,1.13836,1.13808,1.13816,,,,,8
2025-04-18 15:10:00,1.13761,1.1377,1.13728,1.1377,1.1384,1.1384,1.13814,1.13822,,,,,9
2025-04-18 15:11:00,1.13732,1.1377,1.13721,1.13727,1.13842,1.13842,1.13822,1.13837,,,,,99
2025-04-18 15:12:00,1.13729,1.13779,1.13716,1.1377,1.13839,1.13842,1.13811,1.1382,,,,,46
2025-04-18 15:13:00,,,,,1.1383,1.1383,1.13818,1.13825,,,,,3
2025-04-18 15:17:00,1.13762,1.13762,1.13762,1.13762,1.13821,1.13821,1.13821,1.13821,,,,,1
2025-04-18 15:18:00,1.13731,1.13772,1.13727,1.1375,1.13841,1.13882,1.13837,1.1386,,,,,60
2025-04-18 15:19:00,1.13738,1.13738,1.13737,1.13737,1.13848,1.13848,1.13847,1.13847,,,,,2
2025-04-18 15:21:00,1.13754,1.13772,1.13754,1.13772,1.13864,1.13882,1.13864,1.13882,,,,,2
2025-04-18 15:22:00,1.1371,1.13743,1.1371,1.13722,1.13812,1.13853,1.13812,1.13832,,,,,45
2025-04-18 15:23:00,1.13716,1.13744,1.13716,1.13736,1.13826,1.13854,1.13826,1.13846,,,,,68
2025-04-18 15:24:00,1.13737,1.13745,1.13714,1.1374,1.13847,1.13855,1.13824,1.1385,,,,,90
2025-04-18 15:25:00,1.13744,1.13749,1.13729,1.13746,1.13854,1.13859,1.13839,1.13856,,,,,63
2025-04-18 15:26:00,1.13748,1.1378,1.13746,1.13748,1.13858,1.13872,1.13826,1.13836,,,,,128
2025-04-18 15:27:00,1.13737,1.13742,1.13736,1.13736,1.13839,1.13851,1.13831,1.13846,,,,,48
2025-04-18 15:28:00,1.13737,1.13754,1.13736,1.13745,1.13847,1.13864,1.13846,1.13855,,,,,53
2025-04-18 15:29:00,1.1375,1.13771,1.1375,1.13763,1.1386,1.13881,1.13848,1.13873,,,,,78
2025-04-18 15:30:00,1.138,1.138,1.13755,1.13756,1.13871,1.13871,1.13844,1.13866,,,,,37
2025-04-18 15:31:00,1.13755,1.138,1.13741,1.13755,1.13865,1.13874,1.13851,1.13865,,,,,66
2025-04-18 15:32:00,1.13756,1.138,1.13756,1.138,1.13866,1.1388,1.13866,1.1388,,,,,23
2025-04-18 15:33:00,1.13751,1.13807,1.13742,1.13802,1.13861,1.13872,1.13814,1.13836,,,,,68
2025-04-18 15:34:00,1.13763,1.13802,1.13759,1.13763,1.13873,1.13875,1.13836,1.13873,,,,,26
2025-04-18 15:35:00,1.13764,1.13802,1.13761,1.13798,1.13874,1.13877,1.13829,1.13829,,,,,31
2025-04-18 15:36:00,1.13793,1.13793,1.13786,1.13786,,,,,,,,,2
2025-04-18 15:37:00,1.13764,1.13808,1.13758,1.13806,1.1382,1.13865,1.1382,1.13828,,,,,23
2025-04-18 15:38:00,1.13809,1.13809,1.13784,1.13784,1.13835,1.13835,1.13827,1.13827,,,,,8
2025-04-18 15:41:00,1.13777,1.13777,1.13777,1.13777,1.13815,1.13815,1.13815,1.13815,,,,,2
2025-04-18 15:42:00,1.13796,1.13803,1.13773,1.13773,1.13821,1.13827,1.13816,1.13816,,,,,14
2025-04-18 15:45:00,1.13806,1.13806,1.13773,1.13791,1.13825,1.13825,1.13813,1.13813,,,,,17
2025-04-18 15:46:00,1.13793,1.13796,1.1377,1.1377,1.13815,1.13815,1.13803,1.13803,,,,,27
2025-04-18 15:47:00,1.13757,1.1377,1.13756,1.1377,1.13819,1.1382,1.13803,1.13808,,,,,8
2025-04-18 15:49:00,1.13767,1.13771,1.13767,1.1377,1.13802,1.13825,1.13802,1.13802,,,,,15
2025-04-18 15:50:00,1.13754,1.1377,1.1375,1.1377,1.13843,1.13843,1.13806,1.13806,,,,,18
2025-04-18 15:51:00,1.13779,1.13779,1.13776,1.13776,1.13801,1.13804,1.13801,1.13804,,,,,4
2025-04-18 15:52:00,,,,,1.13798,1.13805,1.13798,1.13805,,,,,7
2025-04-18 15:53:00,1.13773,1.13773,1.13773,1.13773,1.13799,1.13803,1.13799,1.13803,,,,,2
2025-04-18 15:55:00,1.13761,1.13773,1.13758,1.13773,1.13823,1.13824,1.13803,1.13803,,,,,10
2025-04-18 15:56:00,,,,,1.13798,1.138,1.13795,1.138,,,,,4
2025-04-18 15:57:00,,,,,1.13803,1.13803,1.13803,1.13803,,,,,1
2025-04-18 15:58:00,1.13745,1.13773,1.13744,1.13773,1.13848,1.13849,1.13803,1.13803,,,,,13
2025-04-18 15:59:00,1.13747,1.13773,1.13747,1.13773,1.13805,1.13845,1.13805,1.13805,,,,,4
2025-04-18 16:00:00,1.13784,1.13793,1.13784,1.13793,1.13818,1.13825,1.13818,1.13825,,,,,3
2025-04-18 16:01:00,1.1381,1.1381,1.1381,1.1381,1.13828,1.13834,1.13828,1.13834,,,,,3
2025-04-18 16:02:00,1.13817,1.13817,1.13815,1.13815,1.13838,1.13838,1.13838,1.13838,,,,,2
2025-04-18 16:03:00,1.13824,1.13824,1.13824,1.13824,1.13852,1.13852,1.13852,1.13852,,,,,2
2025-04-18 16:04:00,1.13828,1.13828,1.13824,1.13826,1.13846,1.13852,1.13846,1.13848,,,,,5
2025-04-18 16:05:00,1.13829,1.13829,1.13824,1.13827,1.13845,1.13851,1.13845,1.13851,,,,,15
2025-04-18 16:06:00,1.13823,1.13845,1.13823,1.13844,1.13855,1.13868,1.13847,1.13864,,,,,25
2025-04-18 16:07:00,,,,,1.13866,1.13869,1.13866,1.13869,,,,,2
2025-04-18 16:09:00,1.13849,1.13849,1.13849,1.13849,1.13873,1.13881,1.13873,1.13881,,,,,3
2025-04-18 16:10:00,1.13857,1.13862,1.13857,1.13859,1.13884,1.13884,1.13884,1.13884,,,,,4
2025-04-18 16:16:00,1.13854,1.13856,1.13853,1.13856,1.13879,1.13882,1.13876,1.13876,,,,,14
2025-04-18 16:17:00,1.13853,1.13856,1.13852,1.13856,1.13881,1.13881,1.13874,1.13875,,,,,20
2025-04-18 16:18:00,1.13853,1.13856,1.13853,1.13856,1.1388,1.1388,1.13873,1.13874,,,,,46
2025-04-18 16:19:00,1.13853,1.13856,1.13827,1.13827,1.13873,1.13881,1.1386,1.13881,,,,,38
2025-04-18 16:20:00,1.13826,1.13852,1.13825,1.13852,1.13884,1.13885,1.13868,1.13871,,,,,17
2025-04-18 16:21:00,1.13857,1.13857,1.13851,1.13852,1.13872,1.13877,1.1387,1.13871,,,,,22
2025-04-18 16:22:00,1.13853,1.13853,1.13852,1.13852,1.13873,1.13876,1.13868,1.13873,,,,,47
2025-04-18 16:23:00,,,,,1.13871,1.13875,1.13867,1.13871,,,,,34
2025-04-18 16:24:00,1.13862,1.13866,1.13832,1.13832,1.13873,1.13894,1.1387,1.1388,,,,,87
2025-04-18 16:25:00,1.13834,1.13847,1.13831,1.13844,1.13881,1.13881,1.13856,1.13858,,,,,102
2025-04-18 16:26:00,1.13847,1.13848,1.13837,1.13846,1.13861,1.13862,1.13851,1.13861,,,,,386
2025-04-18 16:27:00,1.13842,1.13846,1.13834,1.13843,1.13856,1.13863,1.13853,1.13857,,,,,346
2025-04-18 16:28:00,1.13842,1.13846,1.1383,1.13839,1.13856,1.13874,1.13855,1.13865,,,,,247
2025-04-18 16:29:00,1.13846,1.13851,1.13831,1.13851,1.13861,1.13876,1.1386,1.13868,,,,,190
2025-04-18 16:30:00,1.13852,1.13852,1.13848,1.13851,1.13866,1.13872,1.13863,1.13867,,,,,286
2025-04-18 16:31:00,1.1385,1.13851,1.13846,1.13851,1.13865,1.1387,1.1386,1.13867,,,,,405
2025-04-18 16:32:00,1.1385,1.13851,1.13846,1.13849,1.13864,1.13867,1.1386,1.13865,,,,,427
2025-04-18 16:33:00,1.13848,1.13851,1.13845,1.13851,1.13867,1.13867,1.13859,1.13865,,,,,300
2025-04-18 16:34:00,1.13849,1.13851,1.13845,1.13851,1.13866,1.13869,1.1386,1.13866,,,,,430
2025-04-18 16:35:00,1.13842,1.13851,1.13834,1.13849,1.13877,1.13879,1.13861,1.13863,,,,,66
2025-04-18 16:36:00,1.13848,1.13851,1.13843,1.13847,1.13862,1.13866,1.13858,1.13861,,,,,108
2025-04-18 16:37:00,1.13845,1.13849,1.13841,1.13846,1.1386,1.13864,1.13856,1.1386,,,,,330
2025-04-18 16:38:00,1.13847,1.13849,1.1383,1.13838,1.13861,1.13871,1.13856,1.13868,,,,,163
2025-04-18 16:39:00,1.13836,1.13842,1.13835,1.13839,1.13866,1.13872,1.13866,1.13869,,,,,121
2025-04-18 16:40:00,1.13842,1.13845,1.13833,1.13838,1.13872,1.13874,1.13862,1.13869,,,,,205
2025-04-18 16:41:00,1.13836,1.13843,1.13834,1.13842,1.13866,1.13875,1.13864,1.13872,,,,,183
2025-04-18 16:42:00,1.13839,1.13846,1.13837,1.13839,1.13869,1.13875,1.13867,1.13869,,,,,153
2025-04-18 16:43:00,1.13842,1.13844,1.13839,1.13844,1.13872,1.13881,1.13868,1.13873,,,,,178
2025-04-18 16:44:00,1.13842,1.13846,1.1384,1.13844,1.13875,1.13877,1.1387,1.13874,,,,,167
2025-04-18 16:45:00,1.13845,1.13855,1.13839,1.13852,1.13877,1.13877,1.13867,1.13869,,,,,244
2025-04-18 16:46:00,1.13844,1.1386,1.13843,1.13846,1.13876,1.13887,1.13872,1.13882,,,,,106
2025-04-18 16:47:00,1.13847,1.13848,1.13842,1.13848,1.13879,1.13884,1.13876,1.13881,,,,,157
2025-04-18 16:48:00,1.13846,1.13856,1.13845,1.13853,1.13878,1.13887,1.13875,1.13882,,,,,129
2025-04-18 16:49:00,1.13855,1.13874,1.13852,1.13869,1.13883,1.13901,1.13882,1.13901,,,,,148
2025-04-18 16:50:00,1.13868,1.1389,1.13855,1.1389,1.13899,1.13907,1.13887,1.13904,,,,,240
2025-04-18 16:51:00,1.13891,1.13904,1.13891,1.13898,1.13908,1.13937,1.13906,1.13932,,,,,40
2025-04-18 16:52:00,1.13895,1.1391,1.13895,1.13903,1.1393,1.13939,1.1392,1.13932,,,,,55
2025-04-18 16:53:00,1.13909,1.13909,1.13898,1.13901,1.13937,1.1394,1.13929,1.13935,,,,,53
2025-04-18 16:54:00,1.13904,1.13915,1.13902,1.13915,1.13937,1.13942,1.13932,1.1394,,,,,41
2025-04-18 16:55:00,1.1393,1.1393,1.13902,1.13911,1.13943,1.13975,1.13939,1.13966,,,,,62
2025-04-18 16:56:00,1.13923,1.13943,1.13923,1.13943,1.13967,1.1399,1.13961,1.1399,,,,,12
2025-04-18 16:57:00,1.13947,1.13947,1.13939,1.13941,1.13993,1.13994,1.13989,1.13991,,,,,14
2025-04-18 16:58:00,1.13938,1.13942,1.13931,1.13942,1.13985,1.13988,1.13981,1.13983,,,,,12
2025-04-18 16:59:00,1.1394,1.13957,1.13937,1.1395,1.1398,1.13996,1.13976,1.13984,,,,,36
2025-04-18 17:00:00,1.13949,1.1395,1.13919,1.13919,1.13975,1.13975,1.13936,1.13936,,,,,187
2025-04-18 17:01:00,1.13921,1.13929,1.13915,1.13921,1.13939,1.13948,1.13935,1.13935,,,,,176
2025-04-18 17:02:00,1.13924,1.13927,1.13916,1.13923,1.13939,1.13942,1.13934,1.13937,,,,,245
2025-04-18 17:03:00,1.13924,1.13929,1.13904,1.13922,1.13939,1.1395,1.13919,1.13948,,,,,185
2025-04-18 17:04:00,1.1392,1.13925,1.13897,1.13905,1.13946,1.13955,1.13938,1.1395,,,,,91
2025-04-18 17:05:00,1.13902,1.13913,1.13902,1.13908,1.13949,1.13952,1.13942,1.13947,,,,,125
2025-04-18 17:06:00,1.13906,1.13908,1.13897,1.13898,1.13946,1.13948,1.13928,1.13933,,,,,57
2025-04-18 17:07:00,1.13896,1.13904,1.13875,1.13875,1.1393,1.13932,1.13918,1.13921,,,,,50
2025-04-18 17:08:00,1.13878,1.13878,1.13858,1.13868,1.1392,1.13921,1.13909,1.13916,,,,,38
2025-04-18 17:09:00,1.1387,1.13885,1.13864,1.1387,1.13914,1.13919,1.13897,1.13914,,,,,66
2025-04-18 17:10:00,1.13867,1.1387,1.13864,1.13868,1.13917,1.13917,1.13911,1.13916,,,,,8
2025-04-18 17:11:00,1.13867,1.13881,1.13863,1.13877,1.13914,1.13914,1.13892,1.13895,,,,,52
2025-04-18 17:12:00,1.13878,1.13878,1.13867,1.13877,1.13893,1.13908,1.13892,1.13902,,,,,55
2025-04-18 17:13:00,1.13878,1.13881,1.13878,1.13881,1.13904,1.13906,1.13904,1.13906,,,,,8
2025-04-18 17:14:00,1.13883,1.13887,1.13876,1.13885,1.13904,1.13908,1.139,1.13905,,,,,104
2025-04-18 17:15:00,1.13883,1.13888,1.13864,1.13883,1.13903,1.1392,1.13898,1.13899,,,,,104
2025-04-18 17:16:00,1.13881,1.13889,1.13868,1.13884,1.13901,1.13908,1.13894,1.13901,,,,,134
2025-04-18 17:17:00,1.13879,1.13887,1.13872,1.13886,1.13904,1.13911,1.13898,1.13908,,,,,72
2025-04-18 17:18:00,1.13883,1.13889,1.13881,1.13883,1.13906,1.13911,1.139,1.13901,,,,,130
2025-04-18 17:19:00,1.13881,1.13888,1.13881,1.13886,1.13899,1.13902,1.13897,1.13901,,,,,125
2025-04-18 17:20:00,1.13885,1.13887,1.13874,1.13877,1.13899,1.13908,1.13897,1.13906,,,,,132
2025-04-18 17:21:00,1.13874,1.13888,1.13872,1.13888,1.13903,1.1392,1.13902,1.13918,,,,,36
2025-04-18 17:22:00,1.13887,1.13891,1.13887,1.13889,1.1392,1.13922,1.13917,1.13919,,,,,16
2025-04-18 17:23:00,1.13887,1.13898,1.13883,1.13883,1.13917,1.13926,1.13912,1.13926,,,,,60
2025-04-18 17:24:00,1.13887,1.13889,1.1388,1.13884,1.13925,1.13927,1.13908,1.13918,,,,,44
2025-04-18 17:25:00,1.13882,1.13888,1.1388,1.13885,1.13921,1.13924,1.13914,1.13921,,,,,39
2025-04-18 17:26:00,1.13888,1.13891,1.13882,1.13883,1.13924,1.13927,1.13916,1.13925,,,,,35
2025-04-18 17:27:00,1.13885,1.13887,1.13876,1.13883,1.13924,1.13927,1.13913,1.13916,,,,,40
2025-04-18 17:28:00,1.13879,1.13883,1.13876,1.13878,1.1392,1.13923,1.13907,1.13909,,,,,44
2025-04-18 17:29:00,1.13879,1.13883,1.13873,1.13873,1.13906,1.13912,1.13901,1.13906,,,,,49
2025-04-18 17:30:00,1.13872,1.13886,1.13869,1.13884,1.13904,1.13909,1.13896,1.13899,,,,,66
2025-04-18 17:31:00,1.13886,1.13889,1.13879,1.13885,1.139,1.13903,1.13896,1.13899,,,,,154
2025-04-18 17:32:00,1.13883,1.13888,1.13875,1.13879,1.13897,1.13912,1.13897,1.13909,,,,,57
2025-04-18 17:33:00,1.13882,1.13882,1.13871,1.13877,1.13912,1.13912,1.13902,1.13906,,,,,47
2025-04-18 17:34:00,1.1388,1.13881,1.13874,1.13881,1.13908,1.13911,1.13906,1.1391,,,,,33
2025-04-18 17:35:00,1.13883,1.13894,1.13879,1.13889,1.13912,1.13916,1.13906,1.13908,,,,,56
2025-04-18 17:36:00,1.13891,1.13897,1.1388,1.13883,1.13907,1.13914,1.13903,1.13913,,,,,111
2025-04-18 17:37:00,1.13885,1.13893,1.13885,1.1389,1.13916,1.13923,1.13914,1.13921,,,,,13
2025-04-18 17:38:00,1.13889,1.13896,1.13889,1.13894,1.13922,1.13926,1.13921,1.13924,,,,,38
2025-04-18 17:39:00,1.13896,1.139,1.13894,1.139,1.13926,1.13931,1.13924,1.13929,,,,,32
2025-04-18 17:40:00,1.13903,1.13903,1.13897,1.13897,1.1393,1.1393,1.13926,1.13926,,,,,9
2025-04-18 17:41:00,1.13899,1.13906,1.13897,1.13904,1.13924,1.13927,1.13921,1.13924,,,,,126
2025-04-18 17:42:00,1.13902,1.13916,1.13898,1.139,1.13923,1.13947,1.1392,1.13925,,,,,159
2025-04-18 17:43:00,1.13902,1.13921,1.1389,1.13918,1.13927,1.1395,1.13919,1.13941,,,,,96
2025-04-18 17:44:00,1.13921,1.13927,1.13907,1.13908,1.13942,1.13949,1.1394,1.13941,,,,,54
2025-04-18 17:45:00,1.13911,1.13918,1.1391,1.13918,1.13939,1.13944,1.13937,1.13943,,,,,83
2025-04-18 17:46:00,1.1392,1.13922,1.13916,1.13918,1.13945,1.13947,1.1394,1.13942,,,,,85
2025-04-18 17:47:00,1.1392,1.13922,1.13906,1.1392,1.13944,1.13945,1.13935,1.13939,,,,,119
2025-04-18 17:48:00,1.13921,1.13921,1.13914,1.13916,1.1394,1.1394,1.13933,1.13936,,,,,164
2025-04-18 17:49:00,1.13914,1.1392,1.13911,1.13911,1.13935,1.13942,1.13932,1.13942,,,,,205
2025-04-18 17:50:00,1.13914,1.13914,1.13908,1.1391,1.13945,1.13945,1.13939,1.13941,,,,,21
2025-04-18 17:51:00,1.13907,1.13913,1.13901,1.13904,1.13938,1.13942,1.13932,1.13932,,,,,61
2025-04-18 17:52:00,1.13903,1.13914,1.13901,1.13913,1.1393,1.13939,1.13928,1.13937,,,,,54
2025-04-18 17:53:00,1.13911,1.13913,1.13884,1.13911,1.13935,1.13936,1.13912,1.13929,,,,,80
2025-04-18 17:54:00,1.13913,1.13915,1.13897,1.13902,1.1393,1.13936,1.13913,1.13923,,,,,117
2025-04-18 17:55:00,1.13901,1.13909,1.13897,1.13904,1.13921,1.13933,1.13921,1.13933,,,,,36
2025-04-18 17:56:00,1.13901,1.13904,1.139,1.139,1.13931,1.13935,1.1393,1.13935,,,,,8
2025-04-18 17:57:00,1.13905,1.13917,1.13902,1.13907,1.13934,1.13937,1.13923,1.13936,,,,,17
2025-04-18 17:58:00,1.1391,1.1391,1.13907,1.13907,1.13938,1.13938,1.13936,1.13936,,,,,2
2025-04-18 17:59:00,1.139,1.13909,1.139,1.139,1.1394,1.1394,1.13936,1.1394,,,,,5
2025-04-18 18:00:00,1.13911,1.13916,1.13901,1.13909,1.13939,1.13939,1.13926,1.13928,,,,,89
2025-04-18 18:01:00,1.1391,1.13914,1.13907,1.13912,1.13929,1.1393,1.13923,1.13926,,,,,155
2025-04-18 18:02:00,1.13911,1.13914,1.13905,1.13907,1.13927,1.1393,1.13921,1.13926,,,,,160
2025-04-18 18:03:00,1.13909,1.1391,1.13882,1.13886,1.13924,1.13924,1.13908,1.13915,,,,,120
2025-04-18 18:04:00,1.1389,1.13893,1.13865,1.13871,1.13908,1.13908,1.13888,1.13894,,,,,79
2025-04-18 18:05:00,1.13865,1.13886,1.13865,1.13876,1.13892,1.13903,1.13887,1.13896,,,,,41
2025-04-18 18:06:00,1.13872,1.13876,1.13871,1.13875,1.13895,1.13898,1.1389,1.13895,,,,,20
2025-04-18 18:07:00,1.13876,1.13881,1.13874,1.13877,1.13893,1.13895,1.13888,1.13892,,,,,122
2025-04-18 18:08:00,1.13878,1.13881,1.13873,1.13874,1.13893,1.13895,1.13887,1.13888,,,,,82
2025-04-18 18:09:00,1.13872,1.13879,1.13872,1.13874,1.13887,1.13895,1.13887,1.13888,,,,,78
2025-04-18 18:10:00,1.13875,1.1388,1.1387,1.13876,1.1389,1.13895,1.13884,1.13891,,,,,120
2025-04-18 18:11:00,1.13877,1.13878,1.1387,1.13876,1.1389,1.13893,1.13886,1.1389,,,,,158
2025-04-18 18:12:00,1.13877,1.13877,1.13865,1.13871,1.13891,1.13899,1.13887,1.13896,,,,,56
2025-04-18 18:13:00,1.13873,1.13873,1.13866,1.13869,1.13897,1.13905,1.13894,1.13901,,,,,29
2025-04-18 18:14:00,1.13871,1.13879,1.1387,1.13878,1.13903,1.13907,1.13899,1.13906,,,,,31
2025-04-18 18:15:00,1.13876,1.13898,1.13875,1.13896,1.13905,1.13935,1.13903,1.13928,,,,,31
2025-04-18 18:16:00,1.13897,1.13901,1.1389,1.1389,1.13927,1.13935,1.13918,1.13935,,,,,11
2025-04-18 18:17:00,1.13893,1.13904,1.13886,1.13904,1.13941,1.13941,1.13918,1.1392,,,,,39
2025-04-18 18:18:00,1.13898,1.13903,1.13895,1.13902,1.13925,1.13929,1.13923,1.13929,,,,,25
2025-04-18 18:19:00,1.13899,1.13901,1.1389,1.1389,1.13926,1.1393,1.13922,1.13922,,,,,31
2025-04-18 18:20:00,1.13893,1.13896,1.1389,1.13895,1.13924,1.1393,1.13921,1.13924,,,,,51
2025-04-18 18:21:00,1.13894,1.13895,1.13891,1.13895,1.13927,1.1393,1.13923,1.13928,,,,,50
2025-04-18 18:22:00,1.13894,1.13895,1.1389,1.13892,1.13926,1.13929,1.1392,1.1392,,,,,65
2025-04-18 18:23:00,1.13895,1.13895,1.13888,1.13895,1.13923,1.13928,1.1392,1.13928,,,,,61
2025-04-18 18:24:00,1.13889,1.13895,1.13889,1.13895,1.13925,1.13934,1.13921,1.13934,,,,,36
2025-04-18 18:25:00,1.13892,1.13895,1.1389,1.13895,1.1393,1.13938,1.13925,1.13938,,,,,20
2025-04-18 18:26:00,1.13898,1.13911,1.13895,1.13903,1.13945,1.13953,1.13943,1.13949,,,,,5
2025-04-18 18:27:00,1.13911,1.13911,1.13895,1.13903,1.13953,1.13953,1.13937,1.13946,,,,,4
2025-04-18 18:28:00,1.13902,1.13907,1.13902,1.13902,1.13931,1.13949,1.13929,1.13943,,,,,20
2025-04-18 18:29:00,1.13911,1.13911,1.13901,1.13903,1.13953,1.13953,1.13942,1.13944,,,,,12
2025-04-18 18:30:00,1.13902,1.13917,1.13901,1.13904,1.13939,1.13953,1.13939,1.13942,,,,,51
2025-04-18 18:31:00,1.13906,1.13906,1.13896,1.13906,1.13949,1.13949,1.13931,1.13941,,,,,12
2025-04-18 18:32:00,1.13905,1.13905,1.13903,1.13905,1.13939,1.1394,1.13932,1.13939,,,,,19
2025-04-18 18:33:00,1.13903,1.13908,1.13895,1.13908,1.13934,1.1394,1.13924,1.13924,,,,,57
2025-04-18 18:34:00,1.13895,1.13901,1.13891,1.13898,1.13926,1.1393,1.13917,1.13922,,,,,124
2025-04-18 18:35:00,1.13899,1.13915,1.13887,1.13914,1.13925,1.13942,1.13918,1.1394,,,,,34
2025-04-18 18:36:00,1.13911,1.13921,1.13911,1.13914,1.13938,1.13952,1.13938,1.13948,,,,,29
2025-04-18 18:37:00,1.13916,1.13921,1.13913,1.13913,1.13951,1.13954,1.13945,1.13945,,,,,16
2025-04-18 18:38:00,1.13914,1.13916,1.13911,1.13916,1.13942,1.13947,1.13942,1.13947,,,,,6
2025-04-18 18:39:00,1.13918,1.13926,1.13914,1.13918,1.13949,1.13956,1.13945,1.13949,,,,,23
2025-04-18 18:40:00,1.13916,1.13916,1.1391,1.13913,1.13947,1.13947,1.13941,1.13941,,,,,15
2025-04-18 18:41:00,1.13915,1.13916,1.13909,1.13911,1.13943,1.13944,1.13936,1.13939,,,,,27
2025-04-18 18:42:00,1.13914,1.13915,1.13909,1.1391,1.13942,1.13942,1.13937,1.13938,,,,,17
2025-04-18 18:43:00,1.13912,1.13915,1.13909,1.13912,1.1394,1.13942,1.13936,1.1394,,,,,25
2025-04-18 18:44:00,1.13914,1.13918,1.13911,1.13913,1.13942,1.13945,1.13938,1.13939,,,,,22
2025-04-18 18:45:00,1.13911,1.13917,1.13896,1.13896,1.13938,1.13948,1.13921,1.13921,,,,,31
2025-04-18 18:46:00,1.13894,1.13896,1.13892,1.13892,1.13918,1.1392,1.13915,1.13915,,,,,11
2025-04-18 18:47:00,1.13894,1.13895,1.1389,1.1389,1.13917,1.13922,1.13914,1.13922,,,,,19
2025-04-18 18:48:00,1.13891,1.13901,1.13891,1.13901,1.13923,1.13936,1.13923,1.13934,,,,,13
2025-04-18 18:49:00,1.13902,1.13902,1.139,1.13902,1.1393,1.13935,1.1393,1.13935,,,,,3
2025-04-18 18:50:00,1.13901,1.13903,1.13901,1.13902,1.13933,1.13938,1.13933,1.13937,,,,,9
2025-04-18 18:51:00,1.13901,1.13906,1.13901,1.13904,1.13935,1.13937,1.13935,1.13937,,,,,12
2025-04-18 18:52:00,1.13902,1.13924,1.13902,1.1392,1.13935,1.13955,1.13935,1.13951,,,,,30
2025-04-18 18:53:00,1.13923,1.13925,1.13915,1.13919,1.13954,1.13961,1.13948,1.13957,,,,,18
2025-04-18 18:54:00,1.13922,1.13925,1.13919,1.13921,1.13958,1.13958,1.13951,1.13951,,,,,16
2025-04-18 18:55:00,1.13923,1.13927,1.1392,1.13922,1.13953,1.13957,1.13951,1.13951,,,,,9
2025-04-18 18:56:00,1.13924,1.13927,1.13922,1.13922,1.13954,1.13956,1.13951,1.13951,,,,,22
2025-04-18 18:57:00,1.13924,1.13927,1.13918,1.13918,1.13953,1.1396,1.13952,1.13956,,,,,10
2025-04-18 18:58:00,1.13921,1.13922,1.13918,1.13922,1.13959,1.1396,1.13956,1.1396,,,,,3
2025-04-18 18:59:00,1.13918,1.13922,1.13916,1.13916,1.13956,1.13958,1.13952,1.13952,,,,,4
2025-04-18 19:00:00,1.13922,1.13922,1.13914,1.13917,1.1396,1.1396,1.13952,1.13955,,,,,5
2025-04-18 19:01:00,1.13922,1.13922,1.13917,1.13917,1.1396,1.1396,1.13955,1.13955,,,,,2
2025-04-18 19:02:00,1.13922,1.1393,1.13919,1.1393,1.1396,1.1396,1.13944,1.13944,,,,,3
2025-04-18 19:03:00,1.13929,1.1393,1.13927,1.13927,1.13945,1.13945,1.13942,1.13943,,,,,13
2025-04-18 19:04:00,1.13928,1.13928,1.13922,1.13926,1.13944,1.13944,1.13937,1.1394,,,,,80
2025-04-18 19:05:00,1.13924,1.13925,1.13917,1.13919,1.13939,1.13939,1.13931,1.13934,,,,,109
2025-04-18 19:06:00,1.13921,1.13923,1.13914,1.13916,1.13935,1.13941,1.13934,1.13938,,,,,44
2025-04-18 19:07:00,1.13918,1.13923,1.13916,1.13921,1.1394,1.13945,1.13938,1.13944,,,,,29
2025-04-18 19:08:00,1.13923,1.13924,1.13918,1.13922,1.13945,1.13947,1.1394,1.13945,,,,,28
2025-04-18 19:09:00,1.13924,1.13926,1.1392,1.13924,1.13946,1.13949,1.13942,1.13947,,,,,15
2025-04-18 19:10:00,1.13922,1.13927,1.13917,1.1392,1.13945,1.13947,1.13935,1.1394,,,,,76
2025-04-18 19:11:00,1.13921,1.13922,1.13907,1.13907,1.13941,1.13954,1.13939,1.13944,,,,,30
2025-04-18 19:12:00,1.13908,1.13918,1.13903,1.13906,1.13948,1.13955,1.13932,1.13944,,,,,20
2025-04-18 19:13:00,1.13909,1.1392,1.13907,1.13916,1.1395,1.13951,1.13931,1.13931,,,,,96
2025-04-18 19:14:00,1.13917,1.13921,1.13905,1.13905,1.13932,1.1395,1.13931,1.13947,,,,,70
2025-04-18 19:15:00,1.13911,1.13911,1.13893,1.13895,1.13945,1.13947,1.13935,1.13937,,,,,9
2025-04-18 19:16:00,1.13897,1.13903,1.13897,1.13898,1.13935,1.13937,1.13931,1.13931,,,,,5
2025-04-18 19:17:00,1.13903,1.13903,1.13898,1.13899,1.13926,1.13933,1.13926,1.13931,,,,,8
2025-04-18 19:18:00,1.13898,1.13904,1.13897,1.13902,1.13929,1.13936,1.13929,1.13931,,,,,29
2025-04-18 19:19:00,1.139,1.13902,1.13897,1.139,1.13928,1.1393,1.13926,1.13928,,,,,13
2025-04-18 19:20:00,1.13898,1.139,1.13897,1.13898,1.13926,1.13927,1.13925,1.13926,,,,,7
2025-04-18 19:21:00,1.13897,1.13899,1.13896,1.13897,1.13927,1.13928,1.13924,1.13927,,,,,18
2025-04-18 19:22:00,1.13898,1.13901,1.13896,1.13899,1.13925,1.13931,1.13925,1.13927,,,,,27
2025-04-18 19:23:00,1.13898,1.139,1.13897,1.139,1.13925,1.13927,1.13924,1.13925,,,,,23
2025-04-18 19:24:00,1.13899,1.139,1.13898,1.13899,1.13926,1.13927,1.13924,1.13926,,,,,27
2025-04-18 19:25:00,1.139,1.13901,1.13897,1.139,1.13925,1.13928,1.13923,1.13927,,,,,28
2025-04-18 19:26:00,1.13901,1.13906,1.13899,1.13905,1.13926,1.13935,1.13926,1.13933,,,,,24
2025-04-18 19:27:00,1.13904,1.13919,1.13904,1.13915,1.13935,1.13961,1.13935,1.13958,,,,,37
2025-04-18 19:28:00,1.13913,1.13932,1.13911,1.1393,1.13954,1.13967,1.13947,1.13949,,,,,28
2025-04-18 19:29:00,1.13929,1.1393,1.139,1.13906,1.13947,1.13957,1.13936,1.13936,,,,,46
2025-04-18 19:30:00,1.13905,1.13912,1.13903,1.13912,1.13934,1.13937,1.13927,1.13927,,,,,9
2025-04-18 19:31:00,1.13913,1.13913,1.13896,1.13896,1.13928,1.13936,1.13925,1.13928,,,,,27
2025-04-18 19:32:00,1.13898,1.13901,1.13896,1.13897,1.13927,1.13929,1.13923,1.13927,,,,,29
2025-04-18 19:33:00,1.13895,1.13906,1.13894,1.13904,1.13928,1.13928,1.13918,1.13922,,,,,26
2025-04-18 19:34:00,1.13905,1.13907,1.13896,1.13896,1.13923,1.13929,1.13921,1.13929,,,,,24
2025-04-18 19:35:00,1.13898,1.139,1.13896,1.13898,1.1393,1.1393,1.13925,1.13926,,,,,12
2025-04-18 19:36:00,1.13897,1.13898,1.13895,1.13896,1.13929,1.13929,1.13925,1.13928,,,,,15
2025-04-18 19:37:00,1.13899,1.13899,1.13894,1.13897,1.13925,1.1393,1.13925,1.1393,,,,,15
2025-04-18 19:38:00,1.13896,1.13898,1.13893,1.13897,1.13929,1.13929,1.13924,1.13925,,,,,14
2025-04-18 19:39:00,1.13898,1.13904,1.13898,1.13903,1.13926,1.13927,1.13919,1.13921,,,,,8
2025-04-18 19:40:00,1.13904,1.13904,1.13896,1.13896,1.13919,1.13927,1.13919,1.13925,,,,,17
2025-04-18 19:41:00,1.13898,1.13904,1.13896,1.13904,1.13922,1.13925,1.13917,1.13919,,,,,22
2025-04-18 19:42:00,1.13903,1.13903,1.13896,1.13898,1.13918,1.1393,1.13918,1.1393,,,,,18
2025-04-18 19:43:00,1.13899,1.13906,1.13898,1.13906,1.13932,1.13936,1.13931,1.13934,,,,,17
2025-04-18 19:44:00,1.13905,1.13914,1.13903,1.13904,1.13935,1.13938,1.13927,1.13938,,,,,18
2025-04-18 19:45:00,1.13905,1.13914,1.13904,1.13914,1.13936,1.13936,1.13925,1.13929,,,,,22
2025-04-18 19:46:00,1.13911,1.13914,1.13908,1.13914,1.13931,1.13936,1.13929,1.1393,,,,,22
2025-04-18 19:47:00,1.13913,1.13914,1.13913,1.13914,1.13931,1.13933,1.13929,1.13931,,,,,17
2025-04-18 19:48:00,1.13912,1.13914,1.13908,1.13908,1.13933,1.13936,1.13929,1.13936,,,,,22
2025-04-18 19:49:00,1.13914,1.13914,1.13906,1.13914,1.13929,1.13939,1.13928,1.13933,,,,,26
2025-04-18 19:50:00,1.13912,1.13914,1.13909,1.13912,1.13931,1.13934,1.13928,1.1393,,,,,43
2025-04-18 19:51:00,1.13913,1.13914,1.13907,1.13913,1.13932,1.13934,1.13928,1.13928,,,,,24
2025-04-18 19:52:00,1.13911,1.13914,1.1391,1.1391,1.1393,1.13937,1.13929,1.13937,,,,,25
2025-04-18 19:53:00,1.13912,1.13914,1.13909,1.13912,1.13935,1.13937,1.13931,1.13936,,,,,17
2025-04-18 19:54:00,1.13913,1.13915,1.13906,1.13915,1.13934,1.13941,1.13934,1.13941,,,,,11
2025-04-18 19:55:00,1.13917,1.13917,1.13914,1.13914,1.1394,1.1394,1.13934,1.13934,,,,,3
2025-04-18 19:56:00,1.13915,1.13915,1.13914,1.13914,1.13937,1.1394,1.13933,1.13933,,,,,6
2025-04-18 19:57:00,,,,,1.13931,1.13933,1.1393,1.13931,,,,,5
2025-04-18 19:58:00,1.13912,1.13914,1.13912,1.13914,1.1394,1.1394,1.13931,1.13932,,,,,12
2025-04-18 19:59:00,1.13915,1.13915,1.13914,1.13914,1.13934,1.13937,1.13934,1.13935,,,,,5
2025-04-18 20:00:00,1.13915,1.13935,1.13914,1.13932,1.13933,1.13964,1.13933,1.13948,,,,,27
2025-04-18 20:01:00,1.13934,1.13934,1.13916,1.1392,1.13949,1.1397,1.13945,1.1397,,,,,49
2025-04-18 20:02:00,1.13919,1.1393,1.13917,1.13929,1.13966,1.13967,1.13943,1.13944,,,,,30
2025-04-18 20:03:00,1.13919,1.13924,1.13916,1.13917,1.13959,1.1396,1.13946,1.1396,,,,,13
2025-04-18 20:04:00,1.13919,1.13919,1.13916,1.13916,1.13958,1.13959,1.13955,1.13959,,,,,8
2025-04-18 20:05:00,1.13918,1.13918,1.13915,1.13916,1.13962,1.13964,1.13962,1.13964,,,,,4
2025-04-18 20:06:00,1.13926,1.13926,1.13919,1.13921,1.13953,1.13957,1.13948,1.13949,,,,,17
2025-04-18 20:07:00,1.13918,1.13931,1.13918,1.13927,1.13948,1.13955,1.13945,1.13949,,,,,30
2025-04-18 20:08:00,1.13929,1.13929,1.139,1.13912,1.13951,1.13951,1.13922,1.13931,,,,,22
2025-04-18 20:09:00,1.13913,1.13932,1.13909,1.13929,1.13934,1.13948,1.13926,1.13944,,,,,45
2025-04-18 20:10:00,1.13923,1.13923,1.13923,1.13923,1.13943,1.13952,1.13943,1.1395,,,,,5
2025-04-18 20:11:00,1.13921,1.13924,1.13921,1.13924,1.13948,1.13952,1.13948,1.1395,,,,,8
2025-04-18 20:12:00,1.13921,1.13924,1.13921,1.13924,1.13947,1.1395,1.13947,1.1395,,,,,2
2025-04-18 20:13:00,1.13925,1.13925,1.13924,1.13924,1.13958,1.13958,1.1395,1.1395,,,,,3
2025-04-18 20:14:00,1.13925,1.13925,1.13924,1.13924,1.13958,1.13958,1.13951,1.13951,,,,,2
2025-04-18 20:15:00,1.13925,1.13925,1.13925,1.13925,1.13954,1.13958,1.13951,1.13958,,,,,3
2025-04-18 20:16:00,1.13924,1.13934,1.13924,1.13924,1.13951,1.13967,1.13951,1.13955,,,,,28
2025-04-18 20:17:00,1.13927,1.13927,1.13924,1.13924,1.13953,1.13958,1.13951,1.13953,,,,,5
2025-04-18 20:18:00,1.13927,1.13928,1.13924,1.13924,1.13958,1.13958,1.13953,1.13953,,,,,4
2025-04-18 20:19:00,,,,,1.13951,1.13954,1.13951,1.13954,,,,,4
2025-04-18 20:20:00,1.13925,1.13925,1.13925,1.13925,1.13957,1.13957,1.13954,1.13954,,,,,2
2025-04-18 20:21:00,1.13929,1.13929,1.13926,1.13926,1.13959,1.13959,1.13957,1.13957,,,,,2
2025-04-18 20:22:00,1.13934,1.1394,1.13932,1.1394,1.13962,1.13962,1.13955,1.13957,,,,,26
2025-04-18 20:23:00,1.13938,1.13941,1.13928,1.13929,1.13956,1.13958,1.13943,1.13944,,,,,44
2025-04-18 20:24:00,1.13935,1.13938,1.13919,1.13921,1.13959,1.13959,1.13942,1.13948,,,,,17
2025-04-18 20:25:00,1.13919,1.13923,1.13905,1.13921,1.13946,1.13963,1.13946,1.13946,,,,,16
2025-04-18 20:26:00,1.13919,1.13924,1.13919,1.13919,1.13949,1.13953,1.13947,1.1395,,,,,15
2025-04-18 20:27:00,1.13921,1.13921,1.13916,1.1392,1.13951,1.13952,1.13949,1.13952,,,,,18
2025-04-18 20:28:00,1.13918,1.13928,1.13916,1.13925,1.1395,1.13966,1.1395,1.13951,,,,,13
2025-04-18 20:29:00,1.13927,1.1393,1.13927,1.1393,1.13953,1.13953,1.1395,1.13951,,,,,40
2025-04-18 20:30:00,1.13928,1.13931,1.13925,1.13927,1.1395,1.13953,1.13946,1.1395,,,,,30
2025-04-18 20:31:00,1.13925,1.13929,1.13924,1.13929,1.13949,1.13952,1.13948,1.13952,,,,,19
2025-04-18 20:32:00,1.13927,1.13927,1.13922,1.13922,1.1395,1.1395,1.13946,1.13946,,,,,19
2025-04-18 20:33:00,1.13924,1.13928,1.13918,1.1392,1.13948,1.13953,1.13944,1.13953,,,,,40
2025-04-18 20:34:00,1.13918,1.13921,1.13916,1.13916,1.1395,1.13966,1.1395,1.13966,,,,,8
2025-04-18 20:35:00,1.13921,1.13929,1.13918,1.13924,1.13953,1.13963,1.13951,1.13957,,,,,11
2025-04-18 20:36:00,1.13926,1.13931,1.13924,1.13924,1.13955,1.13958,1.13955,1.13958,,,,,7
2025-04-18 20:37:00,1.1393,1.1393,1.13922,1.13923,1.13962,1.13962,1.13952,1.1396,,,,,14
2025-04-18 20:38:00,1.13921,1.13924,1.13916,1.13924,1.13964,1.13964,1.1395,1.13952,,,,,21
2025-04-18 20:39:00,1.13926,1.1393,1.13925,1.13927,1.13954,1.13956,1.13951,1.13953,,,,,19
2025-04-18 20:40:00,1.13925,1.13933,1.13922,1.1393,1.13951,1.13959,1.1395,1.13956,,,,,24
2025-04-18 20:41:00,1.13932,1.13932,1.13923,1.13926,1.13959,1.13959,1.13952,1.13958,,,,,12
2025-04-18 20:42:00,1.13923,1.13928,1.13922,1.13927,1.13955,1.1396,1.13955,1.1396,,,,,11
2025-04-18 20:43:00,1.13924,1.13925,1.13922,1.13922,1.13957,1.13957,1.13954,1.13955,,,,,8
2025-04-18 20:44:00,1.1392,1.13922,1.13915,1.13915,1.13952,1.13954,1.1395,1.1395,,,,,29
2025-04-18 20:45:00,1.13918,1.13924,1.13918,1.13921,1.13952,1.13955,1.1395,1.13952,,,,,10
2025-04-18 20:46:00,1.13916,1.13927,1.13916,1.1392,1.13953,1.13956,1.13947,1.13956,,,,,29
2025-04-18 20:47:00,1.13917,1.13925,1.13916,1.13925,1.13953,1.13966,1.13953,1.13966,,,,,13
2025-04-18 20:48:00,1.13924,1.13925,1.13921,1.13922,1.13963,1.13964,1.13957,1.13958,,,,,13
2025-04-18 20:49:00,1.13925,1.13925,1.13919,1.13922,1.13961,1.13961,1.13955,1.13958,,,,,8
2025-04-18 20:50:00,1.1392,1.13925,1.1392,1.13924,1.13955,1.13962,1.13955,1.13959,,,,,14
2025-04-18 20:51:00,1.13921,1.13921,1.13917,1.1392,1.13957,1.13957,1.13953,1.13956,,,,,13
2025-04-18 20:52:00,1.13918,1.13922,1.13914,1.13922,1.13953,1.13956,1.13948,1.13952,,,,,19
2025-04-18 20:53:00,1.13919,1.13922,1.13909,1.13911,1.1395,1.13953,1.13944,1.13944,,,,,67
2025-04-18 20:54:00,1.13913,1.1392,1.13909,1.13913,1.13945,1.1395,1.1394,1.1394,,,,,29
2025-04-18 20:55:00,1.1391,1.13911,1.13903,1.13903,1.13937,1.13942,1.13931,1.1394,,,,,72
2025-04-18 20:56:00,1.13906,1.13911,1.13906,1.13908,1.13942,1.13948,1.13942,1.13945,,,,,10
2025-04-18 20:57:00,1.13905,1.1391,1.13905,1.13908,1.13946,1.13951,1.13942,1.13948,,,,,6
2025-04-18 20:58:00,1.1391,1.1391,1.13908,1.13908,1.13949,1.1395,1.13949,1.1395,,,,,4
2025-04-18 20:59:00,1.13913,1.13924,1.13913,1.13921,1.13949,1.13957,1.13949,1.13957,,,,,8
2025-04-18 21:00:00,1.13926,1.13926,1.13924,1.13926,1.13954,1.13956,1.13954,1.13956,,,,,3
2025-04-18 21:01:00,1.13923,1.13923,1.13921,1.13921,1.13955,1.13955,1.13953,1.13953,,,,,3
2025-04-18 21:02:00,1.13924,1.13935,1.13923,1.13927,1.13957,1.13967,1.13956,1.13956,,,,,12
2025-04-18 21:03:00,1.13929,1.13932,1.13927,1.13932,1.13955,1.13955,1.13955,1.13955,,,,,9
2025-04-18 21:04:00,1.1393,1.13932,1.13926,1.13926,1.13956,1.13964,1.13955,1.13964,,,,,6
2025-04-18 21:05:00,1.13928,1.1393,1.13928,1.13928,1.13966,1.13966,1.13966,1.13966,,,,,3
2025-04-18 21:06:00,1.1393,1.1393,1.13929,1.13929,,,,,,,,,2
2025-04-18 21:07:00,1.1393,1.1393,1.13929,1.13929,,,,,,,,,2
2025-04-18 21:08:00,1.1393,1.1393,1.1393,1.1393,,,,,,,,,1
2025-04-18 21:09:00,1.13928,1.1393,1.13928,1.1393,1.13964,1.13966,1.13964,1.13966,,,,,2
2025-04-18 21:10:00,1.13928,1.1393,1.13928,1.1393,1.13965,1.13966,1.13965,1.13966,,,,,2
2025-04-18 21:11:00,1.13927,1.13928,1.13927,1.13927,1.13965,1.13965,1.13962,1.13962,,,,,4
2025-04-18 21:12:00,1.1393,1.1393,1.13927,1.13927,1.1396,1.13962,1.1396,1.13962,,,,,2
2025-04-18 21:13:00,1.1393,1.1393,1.13928,1.13928,1.1396,1.13962,1.1396,1.13962,,,,,2
2025-04-18 21:14:00,1.1393,1.1393,1.13926,1.13926,1.1396,1.13962,1.1396,1.13962,,,,,2
2025-04-18 21:15:00,1.1393,1.1393,1.13926,1.13926,1.1396,1.13963,1.1396,1.13963,,,,,2
2025-04-18 21:16:00,1.1393,1.1393,1.13926,1.1393,1.1396,1.13963,1.1396,1.1396,,,,,3
2025-04-18 21:17:00,1.13926,1.1393,1.13926,1.1393,1.13963,1.13963,1.1396,1.1396,,,,,2
2025-04-18 21:18:00,1.13926,1.13926,1.13926,1.13926,1.13963,1.13963,1.13963,1.13963,,,,,1
2025-04-18 21:19:00,1.1393,1.1393,1.13926,1.1393,1.1396,1.13963,1.1396,1.1396,,,,,3
2025-04-18 21:20:00,1.13926,1.13927,1.13926,1.13927,1.13963,1.13963,1.13963,1.13963,,,,,2
2025-04-18 21:21:00,1.1393,1.1393,1.13928,1.13929,1.1396,1.13963,1.1396,1.13963,,,,,3
2025-04-18 21:22:00,1.1393,1.13931,1.13929,1.1393,1.1396,1.13965,1.1396,1.13965,,,,,5
2025-04-18 21:23:00,1.13929,1.1393,1.13929,1.1393,1.13964,1.13964,1.13963,1.13963,,,,,5
2025-04-18 21:24:00,1.13931,1.13931,1.1393,1.1393,1.13964,1.13964,1.13963,1.13963,,,,,2
2025-04-18 21:25:00,1.13931,1.13931,1.13929,1.13929,1.13964,1.13964,1.13964,1.13964,,,,,3
2025-04-18 21:26:00,1.1393,1.13932,1.1393,1.13932,1.13963,1.13964,1.13963,1.13964,,,,,2
2025-04-18 21:27:00,1.1393,1.13943,1.1393,1.13931,1.13963,1.13965,1.13951,1.13963,,,,,9
2025-04-18 21:28:00,1.13934,1.13934,1.1393,1.1393,1.13965,1.13966,1.13963,1.13963,,,,,6
2025-04-18 21:29:00,1.13935,1.13935,1.13932,1.13932,1.13966,1.13966,1.13963,1.13963,,,,,4
2025-04-18 21:30:00,1.13934,1.13934,1.13932,1.13932,1.13965,1.13965,1.13962,1.13962,,,,,4
2025-04-18 21:31:00,1.1393,1.13934,1.1393,1.1393,1.13963,1.13964,1.13962,1.13963,,,,,4
2025-04-18 21:32:00,1.13931,1.13934,1.13931,1.13934,1.13962,1.13964,1.13962,1.13964,,,,,4
2025-04-18 21:33:00,1.13937,1.13942,1.13933,1.13941,1.13966,1.13975,1.13966,1.13973,,,,,8
2025-04-18 21:34:00,1.13942,1.13942,1.13935,1.13935,1.13972,1.13972,1.13967,1.13968,,,,,5
2025-04-18 21:35:00,1.13936,1.13936,1.13935,1.13935,1.13969,1.13969,1.13967,1.13967,,,,,3
2025-04-18 21:36:00,1.13936,1.13936,1.13935,1.13935,1.13969,1.13969,1.13968,1.13968,,,,,3
2025-04-18 21:37:00,1.13934,1.13935,1.13934,1.13935,1.13967,1.13969,1.13967,1.13969,,,,,3
2025-04-18 21:38:00,1.13936,1.13936,1.13925,1.13925,1.13968,1.13971,1.13958,1.13959,,,,,17
2025-04-18 21:39:00,1.13931,1.13931,1.13921,1.13927,1.13972,1.13972,1.13953,1.13959,,,,,23
2025-04-18 21:40:00,1.13925,1.13931,1.13925,1.13929,1.1396,1.13961,1.13958,1.1396,,,,,13
2025-04-18 21:41:00,1.13925,1.13929,1.13917,1.13917,1.13966,1.13966,1.13951,1.13951,,,,,5
2025-04-18 21:42:00,1.13914,1.13925,1.13914,1.13916,1.13948,1.13966,1.13948,1.13964,,,,,15
2025-04-18 21:43:00,1.13918,1.13919,1.13918,1.13919,1.13966,1.13966,1.13966,1.13966,,,,,2
2025-04-18 21:44:00,1.13916,1.13918,1.13916,1.13916,1.13964,1.13966,1.13964,1.13964,,,,,3
2025-04-18 21:45:00,1.1392,1.1392,1.13916,1.13916,1.13966,1.13966,1.13964,1.13964,,,,,2
2025-04-18 21:46:00,1.13918,1.13926,1.13918,1.13926,1.13965,1.13965,1.13958,1.13958,,,,,3
2025-04-18 21:47:00,1.13922,1.13926,1.13922,1.13926,1.13962,1.13966,1.1396,1.1396,,,,,6
2025-04-18 21:48:00,1.13922,1.13926,1.13922,1.13926,1.13963,1.13965,1.13961,1.13964,,,,,6
2025-04-18 21:49:00,1.13925,1.13925,1.13923,1.13923,1.13965,1.13965,1.13964,1.13964,,,,,2
2025-04-18 21:50:00,1.13924,1.13926,1.1392,1.1392,1.13965,1.13972,1.13965,1.13967,,,,,12
2025-04-18 21:51:00,1.13878,1.13921,1.13878,1.13921,1.13988,1.13988,1.13966,1.13966,,,,,2
2025-04-18 21:52:00,1.13882,1.13921,1.13878,1.13921,1.13992,1.13992,1.13967,1.13967,,,,,3
2025-04-18 21:53:00,1.13925,1.13925,1.13917,1.1392,1.13969,1.1397,1.13953,1.13958,,,,,19
2025-04-18 21:54:00,1.13915,1.13921,1.13915,1.13918,1.1396,1.1396,1.13954,1.13958,,,,,12
2025-04-18 21:55:00,1.1392,1.1392,1.13918,1.13918,1.13959,1.13959,1.13951,1.13959,,,,,3
2025-04-18 21:56:00,1.1392,1.13922,1.13915,1.13922,1.1396,1.13961,1.13956,1.13961,,,,,12
2025-04-18 21:57:00,1.1392,1.13921,1.13919,1.13921,1.13955,1.13961,1.13955,1.13961,,,,,4
2025-04-18 21:58:00,1.1392,1.1393,1.1392,1.13927,1.13955,1.13961,1.13955,1.13961,,,,,5
2025-04-18 21:59:00,1.13921,1.1393,1.13919,1.1393,1.1396,1.13961,1.13955,1.13961,,,,,13
2025-04-18 22:00:00,1.13922,1.13926,1.1392,1.13925,1.13963,1.13963,1.13958,1.13963,,,,,9
2025-04-18 22:01:00,1.1392,1.13922,1.1392,1.13922,1.13958,1.13961,1.13958,1.13961,,,,,2
2025-04-18 22:02:00,1.1392,1.13929,1.1392,1.13929,1.13958,1.13963,1.13958,1.13963,,,,,9
2025-04-18 22:03:00,1.1392,1.13936,1.1392,1.13932,1.13958,1.1396,1.13954,1.13958,,,,,10
2025-04-18 22:04:00,1.13934,1.13937,1.13932,1.13935,1.13957,1.1396,1.13954,1.13954,,,,,7
2025-04-18 22:05:00,1.1392,1.13937,1.13911,1.13914,1.13958,1.13958,1.13926,1.13929,,,,,63
2025-04-18 22:06:00,1.13913,1.13914,1.139,1.13906,1.13927,1.13929,1.13916,1.13922,,,,,38
2025-04-18 22:07:00,1.13905,1.13913,1.13902,1.13911,1.13923,1.13927,1.13917,1.13925,,,,,121
2025-04-18 22:08:00,1.13912,1.13913,1.13902,1.13908,1.13926,1.13927,1.13917,1.13922,,,,,105
2025-04-18 22:09:00,1.13906,1.13912,1.13904,1.13911,1.13923,1.13926,1.13919,1.13925,,,,,74
2025-04-18 22:10:00,1.13912,1.13919,1.1391,1.13917,1.13926,1.13933,1.13925,1.13931,,,,,50
2025-04-18 22:11:00,1.13916,1.13921,1.13915,1.13921,1.1393,1.13938,1.1393,1.13935,,,,,29
2025-04-18 22:12:00,1.1392,1.13921,1.13917,1.1392,1.13934,1.13935,1.13932,1.13934,,,,,17
2025-04-18 22:13:00,1.13921,1.13921,1.1392,1.1392,1.13936,1.13936,1.13934,1.13935,,,,,6
2025-04-18 22:14:00,1.13921,1.13921,1.13921,1.13921,1.13936,1.1394,1.13936,1.13936,,,,,34
2025-04-18 22:15:00,1.1392,1.13921,1.13918,1.13919,1.13935,1.13937,1.13932,1.13934,,,,,24
2025-04-18 22:16:00,1.1392,1.1392,1.13911,1.13916,1.13935,1.13935,1.13928,1.13931,,,,,27
2025-04-18 22:17:00,,,,,1.13932,1.13932,1.13931,1.13932,,,,,5
2025-04-18 22:18:00,1.13915,1.13916,1.13915,1.13916,1.13931,1.13935,1.13929,1.13935,,,,,15
2025-04-18 22:19:00,,,,,1.13933,1.13934,1.13932,1.13934,,,,,9
2025-04-18 22:20:00,,,,,1.13931,1.13933,1.1393,1.13933,,,,,20
2025-04-18 22:21:00,1.1391,1.13916,1.1391,1.13916,1.13935,1.13935,1.13926,1.1393,,,,,12
2025-04-18 22:22:00,1.13902,1.13903,1.13898,1.13901,1.13942,1.13948,1.1394,1.13947,,,,,7
2025-04-18 22:23:00,1.13902,1.13914,1.13902,1.13908,1.13941,1.13944,1.13935,1.13943,,,,,7
2025-04-18 22:24:00,1.13902,1.13915,1.13898,1.13915,1.13941,1.13953,1.13937,1.13953,,,,,17
2025-04-18 22:25:00,1.13916,1.13921,1.13912,1.13918,1.13957,1.13969,1.13957,1.13964,,,,,15
2025-04-18 22:26:00,1.13902,1.13928,1.13902,1.13924,1.13963,1.13965,1.1395,1.13955,,,,,18
2025-04-18 22:27:00,1.13922,1.13922,1.13902,1.13902,1.13958,1.13968,1.13956,1.13961,,,,,5
2025-04-18 22:28:00,1.13914,1.13914,1.13902,1.13902,1.13969,1.13969,1.13961,1.13961,,,,,3
2025-04-18 22:29:00,1.13914,1.13914,1.13906,1.13906,1.13966,1.1397,1.13966,1.13969,,,,,3
2025-04-18 22:30:00,1.13931,1.13931,1.13904,1.13922,1.1396,1.13968,1.13957,1.13965,,,,,23
2025-04-18 22:31:00,1.13902,1.13903,1.13899,1.13902,1.13974,1.1398,1.13969,1.1398,,,,,8
