DateTime,bid_Open,bid_High,bid_Low,bid_Close,ask_Open,ask_High,ask_Low,ask_Close,last_Open,last_High,last_Low,last_Close,last_Volume
2025-04-11 01:08:00,1.12159,1.12196,1.12151,1.12163,1.12175,1.12205,1.1216,1.12172,,,,,80
2025-04-11 01:09:00,1.12168,1.12177,1.12156,1.12159,1.12177,1.12193,1.12165,1.12168,,,,,75
2025-04-11 01:10:00,1.12153,1.12158,1.12129,1.12147,1.12162,1.12167,1.12138,1.12156,,,,,62
2025-04-11 01:11:00,1.12149,1.12172,1.12135,1.12152,1.12158,1.12181,1.12149,1.12161,,,,,73
2025-04-11 01:12:00,1.12151,1.12171,1.12142,1.12162,1.1216,1.1218,1.12151,1.12171,,,,,57
2025-04-11 01:13:00,1.12165,1.12194,1.12157,1.12188,1.12174,1.12203,1.12167,1.12197,,,,,65
2025-04-11 01:14:00,1.12197,1.12231,1.12188,1.12207,1.12206,1.1224,1.12197,1.12216,,,,,81
2025-04-11 01:15:00,1.12209,1.12218,1.12182,1.12188,1.12218,1.12227,1.12191,1.12197,,,,,77
2025-04-11 01:16:00,1.12185,1.1219,1.12162,1.12168,1.12196,1.122,1.12171,1.12179,,,,,73
2025-04-11 01:17:00,1.12167,1.12193,1.12167,1.12174,1.12176,1.12202,1.12176,1.12183,,,,,54
2025-04-11 01:18:00,1.12172,1.12175,1.12146,1.12152,1.12181,1.12184,1.12156,1.12161,,,,,73
2025-04-11 01:19:00,1.12153,1.12194,1.12153,1.12169,1.12162,1.12203,1.12162,1.12178,,,,,89
2025-04-11 01:20:00,1.12168,1.12202,1.12166,1.12196,1.12177,1.12212,1.12176,1.12207,,,,,76
2025-04-11 01:21:00,1.12193,1.12207,1.12166,1.12179,1.12204,1.12216,1.12175,1.12188,,,,,73
2025-04-11 01:22:00,1.12178,1.12194,1.12146,1.12193,1.12187,1.12203,1.12155,1.12202,,,,,57
2025-04-11 01:23:00,1.12191,1.12225,1.12191,1.12203,1.122,1.12239,1.122,1.12212,,,,,66
2025-04-11 01:24:00,1.12204,1.12215,1.12165,1.12189,1.12213,1.12224,1.12174,1.12198,,,,,105
2025-04-11 01:25:00,1.1219,1.12222,1.12188,1.12213,1.12199,1.12231,1.12197,1.12222,,,,,59
2025-04-11 01:26:00,1.12219,1.12261,1.12219,1.12254,1.12228,1.1227,1.12228,1.12263,,,,,68
2025-04-11 01:27:00,1.12255,1.12255,1.12226,1.12233,1.12264,1.12264,1.12235,1.12242,,,,,45
2025-04-11 01:28:00,1.12226,1.12262,1.12207,1.12254,1.12235,1.12288,1.12216,1.1228,,,,,72
2025-04-11 01:29:00,1.12269,1.12279,1.12255,1.12274,1.12294,1.12301,1.12278,1.12301,,,,,73
2025-04-11 01:30:00,1.12283,1.12295,1.12226,1.12254,1.1231,1.12329,1.12242,1.12263,,,,,105
2025-04-11 01:31:00,1.12255,1.1232,1.12239,1.1229,1.12264,1.12329,1.12248,1.12305,,,,,124
2025-04-11 01:32:00,1.12291,1.12303,1.12251,1.12264,1.12306,1.12312,1.1226,1.12273,,,,,103
2025-04-11 01:33:00,1.12265,1.12312,1.12263,1.12294,1.12274,1.12326,1.12272,1.12318,,,,,97
2025-04-11 01:34:00,1.12308,1.1233,1.12297,1.12328,1.12317,1.12345,1.12306,1.12345,,,,,53
2025-04-11 01:35:00,1.12329,1.12347,1.12314,1.12323,1.12343,1.12364,1.12323,1.12332,,,,,81
2025-04-11 01:36:00,1.12341,1.1237,1.12336,1.12352,1.1235,1.12379,1.12345,1.12361,,,,,86
2025-04-11 01:37:00,1.12351,1.12368,1.12338,1.12353,1.1236,1.12377,1.12347,1.12362,,,,,74
2025-04-11 01:38:00,1.12356,1.12416,1.12356,1.12378,1.12365,1.12432,1.12365,1.12387,,,,,129
2025-04-11 01:39:00,1.12376,1.12393,1.12357,1.1237,1.12385,1.12402,1.12366,1.12379,,,,,88
2025-04-11 01:40:00,1.12374,1.12411,1.12366,1.1239,1.12383,1.1242,1.12375,1.12399,,,,,101
2025-04-11 01:41:00,1.12391,1.12445,1.12387,1.12387,1.124,1.12455,1.12396,1.12396,,,,,133
2025-04-11 01:42:00,1.12383,1.12389,1.12337,1.12349,1.12392,1.12398,1.12346,1.12358,,,,,102
2025-04-11 01:43:00,1.12351,1.12353,1.12251,1.12277,1.1236,1.12362,1.1226,1.12286,,,,,124
2025-04-11 01:44:00,1.12276,1.12276,1.12239,1.12252,1.12285,1.12285,1.12248,1.12261,,,,,97
2025-04-11 01:45:00,1.12253,1.12294,1.1225,1.12282,1.12262,1.12303,1.12259,1.12291,,,,,92
2025-04-11 01:46:00,1.12272,1.12288,1.12262,1.12263,1.12281,1.12297,1.12271,1.12272,,,,,51
2025-04-11 01:47:00,1.12264,1.12298,1.12256,1.12275,1.12273,1.12307,1.12265,1.12284,,,,,72
2025-04-11 01:48:00,1.12276,1.123,1.12266,1.12295,1.12285,1.12309,1.12275,1.12304,,,,,94
2025-04-11 01:49:00,1.12294,1.12371,1.12288,1.12368,1.12303,1.1238,1.12297,1.12377,,,,,113
2025-04-11 01:50:00,1.12365,1.12376,1.12349,1.12356,1.12374,1.12385,1.12358,1.12365,,,,,79
2025-04-11 01:51:00,1.12355,1.12443,1.12355,1.12428,1.12364,1.12457,1.12363,1.12441,,,,,122
2025-04-11 01:52:00,1.12429,1.12538,1.12412,1.12494,1.12438,1.12573,1.12418,1.12519,,,,,223
2025-04-11 01:53:00,1.12492,1.12555,1.12489,1.12544,1.12516,1.1257,1.12511,1.12555,,,,,116
2025-04-11 01:54:00,1.12547,1.12618,1.12514,1.12615,1.12553,1.12632,1.1252,1.12629,,,,,143
2025-04-11 01:55:00,1.12612,1.12614,1.12487,1.1252,1.12627,1.12628,1.12502,1.12529,,,,,147
2025-04-11 01:56:00,1.12525,1.12593,1.12518,1.12587,1.12534,1.12602,1.12527,1.12598,,,,,137
2025-04-11 01:57:00,1.12583,1.12615,1.1257,1.1257,1.12594,1.12626,1.12579,1.12579,,,,,110
2025-04-11 01:58:00,1.12569,1.12623,1.12564,1.12606,1.12578,1.12629,1.12574,1.12612,,,,,110
2025-04-11 01:59:00,1.12607,1.1261,1.12569,1.12574,1.12613,1.12623,1.12575,1.12583,,,,,117
2025-04-11 02:00:00,1.12571,1.12629,1.12535,1.12606,1.1258,1.12646,1.12548,1.12615,,,,,222
2025-04-11 02:01:00,1.12611,1.12646,1.12595,1.12639,1.1262,1.12656,1.12601,1.12654,,,,,143
2025-04-11 02:02:00,1.12641,1.12681,1.12614,1.12644,1.12655,1.12693,1.12627,1.12653,,,,,247
2025-04-11 02:03:00,1.12651,1.12668,1.12623,1.12633,1.1266,1.12682,1.12632,1.12647,,,,,163
2025-04-11 02:04:00,1.12632,1.12665,1.12626,1.12638,1.12646,1.12677,1.12639,1.12654,,,,,126
2025-04-11 02:05:00,1.12637,1.12678,1.12637,1.12672,1.12652,1.12692,1.1265,1.12678,,,,,102
2025-04-11 02:06:00,1.12675,1.12676,1.1257,1.12571,1.12681,1.12685,1.12579,1.1258,,,,,137
2025-04-11 02:07:00,1.12586,1.12611,1.12567,1.12586,1.12595,1.1262,1.12573,1.12595,,,,,147
2025-04-11 02:08:00,1.12584,1.12629,1.1258,1.12595,1.12593,1.12638,1.12589,1.12601,,,,,121
2025-04-11 02:09:00,1.1261,1.12632,1.126,1.12624,1.12616,1.12639,1.12607,1.12633,,,,,116
2025-04-11 02:10:00,1.12622,1.12672,1.12616,1.12618,1.12631,1.12685,1.12625,1.12627,,,,,174
2025-04-11 02:11:00,1.12622,1.12671,1.12599,1.12657,1.12631,1.1268,1.12608,1.12673,,,,,160
2025-04-11 02:12:00,1.12656,1.12656,1.12624,1.12634,1.12672,1.12675,1.12633,1.12643,,,,,131
2025-04-11 02:13:00,1.12638,1.12646,1.12561,1.12579,1.12647,1.12655,1.1257,1.12588,,,,,148
2025-04-11 02:14:00,1.12574,1.12615,1.12572,1.12581,1.12583,1.12624,1.12581,1.1259,,,,,121
2025-04-11 02:15:00,1.12582,1.12602,1.12565,1.12588,1.12591,1.12611,1.12574,1.12597,,,,,151
2025-04-11 02:16:00,1.1259,1.12603,1.12572,1.12585,1.12599,1.12612,1.12581,1.12594,,,,,105
2025-04-11 02:17:00,1.12584,1.12589,1.12536,1.12543,1.12593,1.126,1.1255,1.12557,,,,,141
2025-04-11 02:18:00,1.12545,1.12547,1.12511,1.12539,1.12561,1.12562,1.1252,1.12548,,,,,136
2025-04-11 02:19:00,1.1254,1.12593,1.12539,1.12591,1.12549,1.12602,1.12548,1.126,,,,,93
2025-04-11 02:20:00,1.1259,1.12662,1.1259,1.12661,1.12599,1.12678,1.12599,1.12677,,,,,102
2025-04-11 02:21:00,1.12662,1.12686,1.12651,1.12681,1.12676,1.12711,1.12662,1.12698,,,,,176
2025-04-11 02:22:00,1.12682,1.12745,1.12681,1.12737,1.12696,1.12765,1.12696,1.12754,,,,,215
2025-04-11 02:23:00,1.12733,1.12797,1.12733,1.12762,1.1275,1.12827,1.1275,1.12777,,,,,225
2025-04-11 02:24:00,1.12757,1.1279,1.12717,1.12788,1.12771,1.12799,1.12731,1.12797,,,,,181
2025-04-11 02:25:00,1.12785,1.12785,1.12661,1.12724,1.12794,1.128,1.1267,1.12733,,,,,190
2025-04-11 02:26:00,1.12719,1.12728,1.12685,1.12699,1.12728,1.12737,1.12694,1.12708,,,,,149
2025-04-11 02:27:00,1.127,1.12755,1.127,1.12723,1.12709,1.12764,1.12709,1.12732,,,,,150
2025-04-11 02:28:00,1.12729,1.12788,1.12719,1.12777,1.12738,1.12807,1.12728,1.12793,,,,,121
2025-04-11 02:29:00,1.12791,1.12803,1.1275,1.12751,1.12794,1.12812,1.12759,1.1276,,,,,141
2025-04-11 02:30:00,1.1274,1.12796,1.12736,1.1279,1.12749,1.12805,1.12745,1.12799,,,,,169
2025-04-11 02:31:00,1.12786,1.129,1.12781,1.12898,1.12795,1.12909,1.1279,1.12907,,,,,158
2025-04-11 02:32:00,1.12901,1.13724,1.12882,1.13695,1.1291,1.13784,1.12891,1.13738,,,,,476
2025-04-11 02:33:00,1.13698,1.13825,1.13114,1.13242,1.13742,1.13879,1.13174,1.13267,,,,,427
2025-04-11 02:34:00,1.1323,1.13361,1.13187,1.13339,1.13266,1.13391,1.13203,1.13354,,,,,330
2025-04-11 02:35:00,1.13333,1.1347,1.13281,1.13445,1.13355,1.13529,1.13299,1.13459,,,,,320
2025-04-11 02:36:00,1.13443,1.13476,1.13307,1.13307,1.13458,1.13494,1.13319,1.13319,,,,,265
2025-04-11 02:37:00,1.13305,1.13409,1.13295,1.13409,1.13317,1.13437,1.13304,1.13418,,,,,236
2025-04-11 02:38:00,1.13412,1.13469,1.13361,1.13467,1.13421,1.13478,1.1337,1.13476,,,,,259
2025-04-11 02:39:00,1.13466,1.13475,1.13315,1.13469,1.13475,1.13492,1.13335,1.13478,,,,,265
2025-04-11 02:40:00,1.1346,1.13474,1.13337,1.13456,1.13471,1.13483,1.13346,1.13467,,,,,234
2025-04-11 02:41:00,1.13443,1.13647,1.13442,1.13584,1.13458,1.13687,1.13454,1.13593,,,,,268
2025-04-11 02:42:00,1.13588,1.13602,1.13457,1.13523,1.13597,1.13612,1.13473,1.13545,,,,,278
2025-04-11 02:43:00,1.13522,1.13522,1.13375,1.13375,1.13543,1.13544,1.13384,1.13384,,,,,255
2025-04-11 02:44:00,1.13373,1.13379,1.13058,1.13114,1.13396,1.13401,1.13092,1.13155,,,,,296
2025-04-11 02:45:00,1.13127,1.13215,1.13103,1.13175,1.13166,1.13231,1.13138,1.13192,,,,,264
2025-04-11 02:46:00,1.1318,1.13255,1.13137,1.1316,1.13196,1.13271,1.13154,1.13176,,,,,165
2025-04-11 02:47:00,1.13168,1.13239,1.13132,1.13205,1.13185,1.13255,1.13148,1.13221,,,,,181
2025-04-11 02:48:00,1.13204,1.13221,1.13069,1.13082,1.1322,1.13238,1.13086,1.13099,,,,,172
2025-04-11 02:49:00,1.13073,1.13092,1.13029,1.13063,1.13089,1.13108,1.13046,1.1308,,,,,165
2025-04-11 02:50:00,1.13069,1.13117,1.13035,1.13101,1.13086,1.13134,1.13051,1.13118,,,,,226
2025-04-11 02:51:00,1.13102,1.13221,1.13091,1.13137,1.1312,1.1323,1.13112,1.13149,,,,,224
2025-04-11 02:52:00,1.13143,1.13143,1.13078,1.13108,1.13154,1.13154,1.13089,1.1312,,,,,202
2025-04-11 02:53:00,1.13106,1.13108,1.13052,1.13103,1.13118,1.13119,1.13063,1.13114,,,,,184
2025-04-11 02:54:00,1.13099,1.13109,1.1305,1.1307,1.13111,1.1312,1.13066,1.13087,,,,,188
2025-04-11 02:55:00,1.13087,1.13114,1.13023,1.13029,1.13104,1.13131,1.13039,1.13046,,,,,165
2025-04-11 02:56:00,1.13033,1.13035,1.1295,1.13021,1.13049,1.13051,1.12969,1.13037,,,,,184
2025-04-11 02:57:00,1.13022,1.131,1.13022,1.131,1.13038,1.13117,1.13038,1.13117,,,,,146
2025-04-11 02:58:00,1.13099,1.13106,1.13038,1.13044,1.13115,1.13122,1.13055,1.1306,,,,,109
2025-04-11 02:59:00,1.13042,1.13121,1.13042,1.13096,1.13058,1.13136,1.13058,1.13111,,,,,146
2025-04-11 03:00:00,1.13097,1.131,1.12905,1.12984,1.13112,1.13114,1.1292,1.12998,,,,,274
2025-04-11 03:01:00,1.12987,1.13047,1.12951,1.13026,1.13002,1.13061,1.12976,1.1304,,,,,168
2025-04-11 03:02:00,1.13025,1.13079,1.13005,1.13037,1.13034,1.13097,1.13019,1.13046,,,,,192
2025-04-11 03:03:00,1.13038,1.13057,1.12953,1.12973,1.13047,1.13066,1.12967,1.12982,,,,,184
2025-04-11 03:04:00,1.12974,1.12998,1.12948,1.12961,1.12983,1.13007,1.12957,1.12972,,,,,121
2025-04-11 03:05:00,1.12962,1.12987,1.12922,1.12971,1.12974,1.12998,1.12931,1.1298,,,,,119
2025-04-11 03:06:00,1.12966,1.12996,1.12939,1.12942,1.12975,1.13005,1.12948,1.12951,,,,,144
2025-04-11 03:07:00,1.12945,1.12957,1.12908,1.12928,1.12954,1.12966,1.12917,1.12937,,,,,113
2025-04-11 03:08:00,1.12927,1.1296,1.12902,1.12904,1.12936,1.12969,1.12917,1.1292,,,,,121
2025-04-11 03:09:00,1.12906,1.12919,1.12756,1.12819,1.12912,1.12928,1.1277,1.12828,,,,,245
2025-04-11 03:10:00,1.12815,1.12918,1.12812,1.12916,1.12824,1.12927,1.12821,1.12925,,,,,231
2025-04-11 03:11:00,1.12906,1.12921,1.12804,1.12849,1.12915,1.1293,1.12813,1.12865,,,,,229
2025-04-11 03:12:00,1.12851,1.12883,1.12814,1.12832,1.12864,1.12892,1.12826,1.12841,,,,,152
2025-04-11 03:13:00,1.12834,1.12906,1.12824,1.12874,1.12843,1.12937,1.12833,1.12883,,,,,148
2025-04-11 03:14:00,1.12872,1.12899,1.12835,1.12898,1.12885,1.12908,1.12844,1.12907,,,,,102
2025-04-11 03:15:00,1.12889,1.12913,1.12794,1.1285,1.12898,1.12929,1.12808,1.12859,,,,,149
2025-04-11 03:16:00,1.12851,1.12939,1.12825,1.12901,1.1286,1.1295,1.12834,1.12912,,,,,134
2025-04-11 03:17:00,1.12899,1.12899,1.12757,1.1279,1.12908,1.12908,1.12775,1.12799,,,,,189
2025-04-11 03:18:00,1.12787,1.12844,1.12775,1.12819,1.12796,1.12863,1.1279,1.12835,,,,,178
2025-04-11 03:19:00,1.12815,1.12909,1.12806,1.12846,1.12831,1.12922,1.12817,1.12855,,,,,171
2025-04-11 03:20:00,1.1285,1.12923,1.12794,1.12846,1.12859,1.12939,1.12824,1.12864,,,,,164
2025-04-11 03:21:00,1.12845,1.12902,1.12842,1.12886,1.12861,1.12911,1.12859,1.12895,,,,,142
2025-04-11 03:22:00,1.12883,1.12944,1.12883,1.12911,1.12892,1.12953,1.12892,1.1292,,,,,111
2025-04-11 03:23:00,1.12913,1.12995,1.12882,1.12935,1.12922,1.13004,1.12891,1.12951,,,,,130
2025-04-11 03:24:00,1.12946,1.13107,1.12939,1.13098,1.12962,1.13123,1.12955,1.13114,,,,,160
2025-04-11 03:25:00,1.13102,1.13123,1.13043,1.13102,1.13117,1.13132,1.13052,1.13111,,,,,196
2025-04-11 03:26:00,1.13101,1.13129,1.1306,1.13061,1.1311,1.13138,1.13069,1.1307,,,,,148
2025-04-11 03:27:00,1.13058,1.13102,1.1305,1.13091,1.13067,1.13122,1.13059,1.131,,,,,99
2025-04-11 03:28:00,1.131,1.13142,1.13084,1.13123,1.13109,1.13151,1.13093,1.13132,,,,,113
2025-04-11 03:29:00,1.13125,1.1315,1.13101,1.13116,1.13134,1.13161,1.13113,1.13125,,,,,100
2025-04-11 03:30:00,1.13114,1.13114,1.13006,1.13072,1.13123,1.13123,1.1302,1.13081,,,,,153
2025-04-11 03:31:00,1.13059,1.13103,1.12968,1.13056,1.13068,1.13124,1.12983,1.13074,,,,,182
2025-04-11 03:32:00,1.13052,1.13061,1.1303,1.13043,1.1307,1.13077,1.13039,1.13052,,,,,119
2025-04-11 03:33:00,1.13044,1.13064,1.13033,1.13058,1.13053,1.13073,1.13042,1.13067,,,,,166
2025-04-11 03:34:00,1.13057,1.13161,1.13035,1.13156,1.13066,1.13173,1.13044,1.13172,,,,,162
2025-04-11 03:35:00,1.13151,1.13155,1.13105,1.13107,1.13167,1.13169,1.13123,1.13125,,,,,126
2025-04-11 03:36:00,1.1311,1.13163,1.13088,1.13099,1.13126,1.13172,1.13097,1.13108,,,,,126
2025-04-11 03:37:00,1.13098,1.1311,1.13018,1.1306,1.13107,1.13119,1.13027,1.13075,,,,,161
2025-04-11 03:38:00,1.13059,1.1307,1.12993,1.12996,1.13074,1.13081,1.13005,1.13005,,,,,152
2025-04-11 03:39:00,1.12995,1.13003,1.1293,1.12958,1.13004,1.13023,1.12944,1.12977,,,,,160
2025-04-11 03:40:00,1.12959,1.1303,1.12933,1.13007,1.12978,1.13048,1.12946,1.13016,,,,,209
2025-04-11 03:41:00,1.13008,1.13072,1.13002,1.13065,1.13017,1.13081,1.13011,1.13074,,,,,140
2025-04-11 03:42:00,1.13061,1.13222,1.13033,1.13124,1.1307,1.13237,1.13042,1.13152,,,,,224
2025-04-11 03:43:00,1.13118,1.13138,1.13084,1.131,1.13147,1.13167,1.13096,1.13109,,,,,182
2025-04-11 03:44:00,1.13099,1.131,1.13019,1.13041,1.13108,1.13109,1.1303,1.1305,,,,,156
2025-04-11 03:45:00,1.13037,1.13037,1.12929,1.12932,1.13048,1.13048,1.12938,1.12941,,,,,152
2025-04-11 03:46:00,1.12944,1.12949,1.12891,1.12921,1.12943,1.12958,1.129,1.1293,,,,,165
2025-04-11 03:47:00,1.12925,1.12932,1.12897,1.12915,1.12934,1.12941,1.12906,1.12929,,,,,189
2025-04-11 03:48:00,1.12916,1.12943,1.12867,1.12898,1.12931,1.12957,1.12881,1.12912,,,,,171
2025-04-11 03:49:00,1.12904,1.12923,1.12847,1.12899,1.12913,1.12932,1.12856,1.12908,,,,,159
2025-04-11 03:50:00,1.12898,1.12943,1.12844,1.1294,1.12907,1.12953,1.12862,1.12949,,,,,123
2025-04-11 03:51:00,1.12939,1.1296,1.12911,1.12916,1.12948,1.12976,1.1292,1.12925,,,,,96
2025-04-11 03:52:00,1.12925,1.12926,1.12879,1.12923,1.12934,1.12935,1.12888,1.12932,,,,,142
2025-04-11 03:53:00,1.12924,1.1293,1.12895,1.1293,1.12933,1.12939,1.12904,1.12939,,,,,114
2025-04-11 03:54:00,1.12956,1.12985,1.12937,1.12969,1.12965,1.12994,1.12946,1.12978,,,,,103
2025-04-11 03:55:00,1.12987,1.1303,1.12984,1.13004,1.12996,1.13046,1.12993,1.13016,,,,,149
2025-04-11 03:56:00,1.13003,1.13053,1.13,1.13016,1.13015,1.13062,1.1301,1.13025,,,,,120
2025-04-11 03:57:00,1.13034,1.13035,1.12974,1.13006,1.13043,1.13044,1.12983,1.13015,,,,,140
2025-04-11 03:58:00,1.13024,1.1306,1.13016,1.13057,1.13033,1.13069,1.13025,1.13066,,,,,151
2025-04-11 03:59:00,1.13056,1.13079,1.13046,1.13052,1.13065,1.13088,1.13055,1.13061,,,,,117
2025-04-11 04:00:00,1.13057,1.13112,1.13049,1.13102,1.13066,1.13121,1.13059,1.13111,,,,,166
2025-04-11 04:01:00,1.13098,1.1312,1.13082,1.13082,1.13107,1.13131,1.13091,1.13091,,,,,124
2025-04-11 04:02:00,1.1308,1.13199,1.1308,1.13111,1.13089,1.13208,1.13089,1.1312,,,,,181
2025-04-11 04:03:00,1.13112,1.13219,1.13105,1.13189,1.13121,1.13229,1.13114,1.13198,,,,,187
2025-04-11 04:04:00,1.13191,1.13207,1.13149,1.13164,1.132,1.13219,1.13158,1.13173,,,,,121
2025-04-11 04:05:00,1.13161,1.13168,1.13087,1.13093,1.1317,1.13177,1.13096,1.13102,,,,,130
2025-04-11 04:06:00,1.13092,1.1312,1.13079,1.13103,1.13101,1.13129,1.13088,1.13112,,,,,119
2025-04-11 04:07:00,1.13106,1.13112,1.13058,1.13104,1.13115,1.13121,1.13071,1.13113,,,,,142
2025-04-11 04:08:00,1.13106,1.13156,1.13084,1.13146,1.13115,1.13165,1.13093,1.13155,,,,,138
2025-04-11 04:09:00,1.13151,1.1322,1.13138,1.13184,1.1316,1.13237,1.13147,1.13193,,,,,143
2025-04-11 04:10:00,1.13183,1.13224,1.13152,1.13184,1.13192,1.13233,1.13161,1.13193,,,,,159
2025-04-11 04:11:00,1.13176,1.132,1.13141,1.13148,1.13185,1.13209,1.13159,1.1316,,,,,145
2025-04-11 04:12:00,1.13147,1.13167,1.13106,1.13135,1.13156,1.13177,1.13115,1.13144,,,,,124
2025-04-11 04:13:00,1.13132,1.13192,1.13132,1.13179,1.13141,1.13201,1.13141,1.13188,,,,,102
2025-04-11 04:14:00,1.1318,1.13225,1.13175,1.13187,1.13189,1.13234,1.13184,1.13198,,,,,112
2025-04-11 04:15:00,1.13188,1.13224,1.13175,1.13176,1.13199,1.13235,1.1319,1.1319,,,,,101
2025-04-11 04:16:00,1.13177,1.13195,1.13128,1.13161,1.13189,1.13205,1.13139,1.13175,,,,,95
2025-04-11 04:17:00,1.1316,1.13168,1.13108,1.13114,1.13173,1.1318,1.13117,1.13128,,,,,101
2025-04-11 04:18:00,1.13112,1.13195,1.13103,1.13189,1.13127,1.13218,1.13115,1.13207,,,,,120
2025-04-11 04:19:00,1.1319,1.13219,1.13186,1.13207,1.13206,1.13228,1.13195,1.13216,,,,,169
2025-04-11 04:20:00,1.13205,1.13212,1.13184,1.13186,1.13214,1.13221,1.13193,1.13195,,,,,144
2025-04-11 04:21:00,1.13185,1.13185,1.13159,1.13183,1.13194,1.13194,1.1317,1.13192,,,,,82
2025-04-11 04:22:00,1.13186,1.13212,1.13179,1.13185,1.13195,1.13231,1.13188,1.13194,,,,,88
2025-04-11 04:23:00,1.13188,1.13192,1.13079,1.13079,1.13197,1.13201,1.13093,1.13093,,,,,170
2025-04-11 04:24:00,1.1308,1.13136,1.13058,1.13114,1.13092,1.13145,1.13067,1.13123,,,,,142
2025-04-11 04:25:00,1.13109,1.13161,1.13108,1.13153,1.13118,1.1317,1.13117,1.13162,,,,,112
2025-04-11 04:26:00,1.13154,1.13186,1.13146,1.1318,1.13163,1.13195,1.13155,1.13189,,,,,133
2025-04-11 04:27:00,1.13181,1.13223,1.13165,1.13217,1.1319,1.13232,1.13174,1.13226,,,,,107
2025-04-11 04:28:00,1.1322,1.13222,1.13138,1.13139,1.13229,1.13231,1.13147,1.13148,,,,,67
2025-04-11 04:29:00,1.13141,1.13142,1.13092,1.13097,1.1315,1.13151,1.13105,1.13106,,,,,102
2025-04-11 04:30:00,1.13094,1.13118,1.13085,1.13097,1.13103,1.13127,1.13094,1.13106,,,,,71
2025-04-11 04:31:00,1.131,1.13118,1.13086,1.13092,1.13109,1.13127,1.13095,1.13101,,,,,81
2025-04-11 04:32:00,1.13088,1.13108,1.13054,1.13055,1.13097,1.13117,1.13063,1.13064,,,,,96
2025-04-11 04:33:00,1.13058,1.13122,1.13049,1.13095,1.13067,1.13131,1.13058,1.13104,,,,,122
2025-04-11 04:34:00,1.13101,1.13111,1.13037,1.13046,1.1311,1.1312,1.13054,1.13064,,,,,102
2025-04-11 04:35:00,1.13045,1.1305,1.12995,1.13025,1.13065,1.13065,1.13015,1.13034,,,,,102
2025-04-11 04:36:00,1.13029,1.13047,1.13018,1.13042,1.13038,1.13061,1.13027,1.13056,,,,,96
2025-04-11 04:37:00,1.13054,1.13068,1.13025,1.13045,1.13063,1.13077,1.13034,1.13054,,,,,93
2025-04-11 04:38:00,1.13044,1.13044,1.12979,1.13,1.13053,1.13053,1.1299,1.13009,,,,,74
2025-04-11 04:39:00,1.12997,1.13013,1.12981,1.1299,1.13006,1.13022,1.1299,1.13002,,,,,93
2025-04-11 04:40:00,1.12989,1.13021,1.12978,1.13021,1.13001,1.1303,1.12991,1.1303,,,,,99
2025-04-11 04:41:00,1.13018,1.13027,1.12995,1.1302,1.13027,1.13038,1.13004,1.13035,,,,,85
2025-04-11 04:42:00,1.13024,1.13033,1.12985,1.13018,1.13038,1.13042,1.12994,1.13027,,,,,113
2025-04-11 04:43:00,1.13017,1.1306,1.13015,1.13047,1.13026,1.13069,1.13024,1.13056,,,,,87
2025-04-11 04:44:00,1.13048,1.13048,1.13004,1.13009,1.13057,1.13057,1.13013,1.13024,,,,,105
2025-04-11 04:45:00,1.13012,1.13022,1.13003,1.13012,1.13026,1.13035,1.13013,1.13026,,,,,73
2025-04-11 04:46:00,1.13011,1.13027,1.12988,1.13022,1.13025,1.13042,1.13002,1.13035,,,,,118
2025-04-11 04:47:00,1.13025,1.13062,1.12985,1.12989,1.13038,1.13076,1.12999,1.13003,,,,,97
2025-04-11 04:48:00,1.12988,1.13,1.12973,1.12983,1.13002,1.13015,1.12988,1.12997,,,,,93
2025-04-11 04:49:00,1.12984,1.12988,1.12948,1.12963,1.12998,1.13003,1.12962,1.12977,,,,,112
2025-04-11 04:50:00,1.12962,1.1301,1.12947,1.13007,1.12976,1.13025,1.12961,1.13021,,,,,136
2025-04-11 04:51:00,1.13008,1.13058,1.13008,1.13031,1.13023,1.13073,1.13023,1.13045,,,,,86
2025-04-11 04:52:00,1.13027,1.13069,1.13027,1.13053,1.13042,1.13085,1.13042,1.13067,,,,,82
2025-04-11 04:53:00,1.13055,1.1306,1.13017,1.13021,1.1307,1.13074,1.13032,1.13035,,,,,104
2025-04-11 04:54:00,1.13018,1.1302,1.12971,1.1299,1.13033,1.13034,1.1298,1.12999,,,,,96
2025-04-11 04:55:00,1.12982,1.12983,1.12947,1.12963,1.12991,1.12992,1.1296,1.12972,,,,,104
2025-04-11 04:56:00,1.12964,1.12983,1.1296,1.12973,1.12973,1.12995,1.12971,1.12982,,,,,121
2025-04-11 04:57:00,1.12971,1.13022,1.12963,1.12985,1.1298,1.13031,1.12972,1.12994,,,,,110
2025-04-11 04:58:00,1.12984,1.13037,1.12983,1.13031,1.12993,1.13046,1.12992,1.1304,,,,,124
2025-04-11 04:59:00,1.1303,1.13032,1.13001,1.13021,1.13039,1.13041,1.1301,1.1303,,,,,104
2025-04-11 05:00:00,1.13027,1.13042,1.13018,1.1304,1.13036,1.13051,1.13027,1.13049,,,,,79
2025-04-11 05:01:00,1.13041,1.13061,1.13032,1.13053,1.1305,1.13078,1.13041,1.13062,,,,,82
2025-04-11 05:02:00,1.13051,1.13074,1.1303,1.13048,1.1306,1.13083,1.13039,1.13057,,,,,63
2025-04-11 05:03:00,1.13047,1.13061,1.13018,1.13036,1.13056,1.1307,1.13027,1.13045,,,,,71
2025-04-11 05:04:00,1.13037,1.13086,1.13037,1.13086,1.13046,1.13095,1.13046,1.13095,,,,,73
2025-04-11 05:05:00,1.13087,1.13151,1.13083,1.13104,1.13096,1.1316,1.13092,1.13116,,,,,89
2025-04-11 05:06:00,1.13105,1.13121,1.13074,1.13076,1.13117,1.13133,1.13085,1.13085,,,,,84
2025-04-11 05:07:00,1.13069,1.13097,1.13066,1.13097,1.13078,1.13106,1.13078,1.13106,,,,,77
2025-04-11 05:08:00,1.13096,1.13104,1.13076,1.13093,1.13105,1.13113,1.13085,1.13102,,,,,64
2025-04-11 05:09:00,1.13098,1.13114,1.1307,1.13075,1.13107,1.13123,1.13079,1.13084,,,,,92
2025-04-11 05:10:00,1.13071,1.13108,1.13071,1.13107,1.1308,1.13122,1.1308,1.13116,,,,,73
2025-04-11 05:11:00,1.13105,1.13138,1.13097,1.13123,1.13114,1.13147,1.13106,1.13129,,,,,81
2025-04-11 05:12:00,1.13122,1.13133,1.13095,1.13101,1.13128,1.13142,1.13104,1.1311,,,,,96
2025-04-11 05:13:00,1.13102,1.13133,1.13102,1.13111,1.13111,1.13144,1.13111,1.1312,,,,,75
2025-04-11 05:14:00,1.13109,1.1315,1.13109,1.13147,1.13118,1.13159,1.13118,1.13156,,,,,78
2025-04-11 05:15:00,1.13155,1.13228,1.13154,1.13205,1.13164,1.13234,1.13163,1.13214,,,,,128
2025-04-11 05:16:00,1.13204,1.13242,1.13204,1.13231,1.13213,1.13251,1.13213,1.1324,,,,,79
2025-04-11 05:17:00,1.13236,1.13239,1.13217,1.13219,1.13245,1.13252,1.13223,1.13228,,,,,86
2025-04-11 05:18:00,1.13213,1.13232,1.13201,1.13205,1.13225,1.13241,1.1321,1.13214,,,,,61
2025-04-11 05:19:00,1.13201,1.13243,1.132,1.13238,1.1321,1.13252,1.13209,1.13247,,,,,54
2025-04-11 05:20:00,1.13239,1.13243,1.13212,1.1322,1.13248,1.13252,1.13223,1.13229,,,,,59
2025-04-11 05:21:00,1.13224,1.13235,1.13224,1.13231,1.13233,1.13244,1.13233,1.1324,,,,,27
2025-04-11 05:22:00,1.1323,1.13243,1.13214,1.13236,1.13239,1.13252,1.13223,1.13245,,,,,59
2025-04-11 05:23:00,1.13237,1.13247,1.13233,1.13241,1.13246,1.13256,1.13242,1.1325,,,,,73
2025-04-11 05:24:00,1.13242,1.13247,1.1323,1.13238,1.13251,1.13256,1.13239,1.13247,,,,,59
2025-04-11 05:25:00,1.13241,1.13291,1.13241,1.13276,1.1325,1.133,1.1325,1.13285,,,,,98
2025-04-11 05:26:00,1.13277,1.13301,1.13272,1.133,1.13286,1.13307,1.13281,1.13306,,,,,59
2025-04-11 05:27:00,1.13303,1.13313,1.13262,1.13272,1.13309,1.13325,1.13277,1.13286,,,,,107
2025-04-11 05:28:00,1.1327,1.13292,1.13247,1.13266,1.13285,1.13302,1.13258,1.13281,,,,,83
2025-04-11 05:29:00,1.13267,1.13304,1.13267,1.13293,1.13282,1.1332,1.13281,1.13302,,,,,91
2025-04-11 05:30:00,1.13294,1.13304,1.13278,1.13288,1.13303,1.13313,1.13286,1.13297,,,,,91
2025-04-11 05:31:00,1.1329,1.13325,1.13283,1.13321,1.13299,1.13333,1.13292,1.13327,,,,,108
2025-04-11 05:32:00,1.1332,1.13394,1.1331,1.1335,1.13326,1.134,1.13316,1.13359,,,,,104
2025-04-11 05:33:00,1.13352,1.13393,1.13344,1.13381,1.13361,1.13405,1.13353,1.13387,,,,,80
2025-04-11 05:34:00,1.13385,1.13391,1.13363,1.13386,1.13391,1.134,1.13372,1.13392,,,,,92
2025-04-11 05:35:00,1.13385,1.13393,1.13377,1.13379,1.13391,1.13402,1.13383,1.13388,,,,,43
2025-04-11 05:36:00,1.13377,1.13392,1.13359,1.13386,1.13385,1.13401,1.13368,1.13395,,,,,100
2025-04-11 05:37:00,1.13385,1.13395,1.13373,1.13394,1.13394,1.13403,1.13382,1.134,,,,,100
2025-04-11 05:38:00,1.13393,1.13421,1.13365,1.13403,1.13399,1.1343,1.13371,1.13409,,,,,90
2025-04-11 05:39:00,1.13402,1.13442,1.13402,1.13423,1.13408,1.13451,1.13408,1.13429,,,,,111
2025-04-11 05:40:00,1.13426,1.1343,1.13376,1.13384,1.13432,1.13436,1.13385,1.13393,,,,,70
2025-04-11 05:41:00,1.13391,1.13407,1.13373,1.13386,1.134,1.13413,1.13382,1.13392,,,,,75
2025-04-11 05:42:00,1.13392,1.13468,1.13382,1.13463,1.13401,1.13477,1.13388,1.13472,,,,,103
2025-04-11 05:43:00,1.13462,1.13487,1.13448,1.13484,1.13471,1.13496,1.13454,1.13493,,,,,145
2025-04-11 05:44:00,1.13478,1.13523,1.13443,1.13447,1.13487,1.13536,1.13456,1.13461,,,,,137
2025-04-11 05:45:00,1.13445,1.13469,1.13384,1.13384,1.13457,1.13484,1.13398,1.13398,,,,,117
2025-04-11 05:46:00,1.13385,1.13451,1.13383,1.13427,1.134,1.13466,1.13394,1.1344,,,,,109
2025-04-11 05:47:00,1.13426,1.13505,1.13412,1.13491,1.13433,1.13519,1.13423,1.13505,,,,,161
2025-04-11 05:48:00,1.1349,1.13526,1.13474,1.13489,1.13504,1.13535,1.13483,1.13495,,,,,93
2025-04-11 05:49:00,1.13488,1.13507,1.13442,1.13442,1.13494,1.13518,1.13452,1.13458,,,,,81
2025-04-11 05:50:00,1.13443,1.1347,1.13427,1.13457,1.13459,1.13479,1.13443,1.13473,,,,,90
2025-04-11 05:51:00,1.13466,1.13534,1.13454,1.13525,1.13478,1.13543,1.1347,1.13534,,,,,86
2025-04-11 05:52:00,1.13515,1.13529,1.13482,1.13485,1.13524,1.13535,1.13491,1.13494,,,,,56
2025-04-11 05:53:00,1.13494,1.13541,1.13485,1.1352,1.13503,1.1355,1.13491,1.13532,,,,,100
2025-04-11 05:54:00,1.13512,1.13525,1.13492,1.13494,1.13525,1.13534,1.13498,1.13503,,,,,76
2025-04-11 05:55:00,1.13493,1.13493,1.13427,1.13432,1.13502,1.13502,1.13438,1.13445,,,,,77
2025-04-11 05:56:00,1.13427,1.13438,1.13402,1.13402,1.1344,1.13446,1.13408,1.13408,,,,,61
2025-04-11 05:57:00,1.13401,1.13413,1.13374,1.13393,1.13411,1.13424,1.13383,1.13402,,,,,81
2025-04-11 05:58:00,1.13392,1.13395,1.13372,1.13394,1.13401,1.13404,1.13383,1.134,,,,,58
2025-04-11 05:59:00,1.13395,1.13412,1.13379,1.13406,1.13401,1.13419,1.13388,1.13412,,,,,51
2025-04-11 06:00:00,1.13405,1.13407,1.13347,1.13366,1.13414,1.13416,1.13361,1.13378,,,,,69
2025-04-11 06:01:00,1.13364,1.13377,1.1333,1.13333,1.13373,1.1339,1.13344,1.13346,,,,,89
2025-04-11 06:02:00,1.13334,1.13363,1.1333,1.13341,1.13345,1.13377,1.13343,1.13355,,,,,50
2025-04-11 06:03:00,1.13342,1.13347,1.13308,1.13347,1.13356,1.13361,1.13321,1.13361,,,,,67
2025-04-11 06:04:00,1.1335,1.13355,1.13337,1.13338,1.13365,1.13369,1.13348,1.13352,,,,,57
2025-04-11 06:05:00,1.13339,1.13356,1.13329,1.13349,1.13353,1.13362,1.13339,1.13358,,,,,45
2025-04-11 06:06:00,1.13348,1.13349,1.13313,1.13328,1.13357,1.13358,1.13322,1.13337,,,,,76
2025-04-11 06:07:00,1.13329,1.13331,1.13312,1.13312,1.13338,1.1334,1.13325,1.13325,,,,,55
2025-04-11 06:08:00,1.13309,1.1332,1.13297,1.13319,1.13323,1.13329,1.13308,1.13328,,,,,57
2025-04-11 06:09:00,1.1331,1.1331,1.13249,1.13266,1.13319,1.13319,1.13262,1.13277,,,,,85
2025-04-11 06:10:00,1.13267,1.13292,1.13257,1.13272,1.13276,1.13298,1.13263,1.13278,,,,,69
2025-04-11 06:11:00,1.13268,1.13291,1.13259,1.13276,1.13277,1.133,1.13265,1.13285,,,,,55
2025-04-11 06:12:00,1.13277,1.13314,1.13271,1.13298,1.13286,1.13323,1.1328,1.13307,,,,,57
2025-04-11 06:13:00,1.13299,1.13315,1.13287,1.1329,1.13308,1.13324,1.13296,1.13299,,,,,45
2025-04-11 06:14:00,1.13289,1.13291,1.13246,1.13246,1.13298,1.133,1.13259,1.13264,,,,,78
2025-04-11 06:15:00,1.13253,1.13264,1.13241,1.13253,1.13268,1.13279,1.1325,1.13262,,,,,67
2025-04-11 06:16:00,1.13254,1.13265,1.13238,1.13251,1.13263,1.13274,1.13244,1.13257,,,,,53
2025-04-11 06:17:00,1.13245,1.13246,1.13205,1.13216,1.13251,1.13254,1.13214,1.13225,,,,,86
2025-04-11 06:18:00,1.13215,1.13229,1.13199,1.13202,1.13224,1.13238,1.13208,1.13211,,,,,84
2025-04-11 06:19:00,1.13201,1.13201,1.13167,1.13187,1.1321,1.1321,1.13178,1.13196,,,,,131
2025-04-11 06:20:00,1.13181,1.13181,1.13117,1.13166,1.1319,1.13192,1.13126,1.13172,,,,,76
2025-04-11 06:21:00,1.13165,1.1318,1.1316,1.13168,1.13171,1.1319,1.1317,1.13177,,,,,99
2025-04-11 06:22:00,1.13165,1.13175,1.13153,1.13164,1.13174,1.13184,1.13162,1.13173,,,,,51
2025-04-11 06:23:00,1.13163,1.13172,1.13134,1.13135,1.13172,1.1318,1.13143,1.13144,,,,,52
2025-04-11 06:24:00,1.13134,1.13149,1.13097,1.13142,1.13143,1.13158,1.13108,1.13148,,,,,107
2025-04-11 06:25:00,1.13138,1.13163,1.13134,1.13143,1.13144,1.1317,1.1314,1.13152,,,,,46
2025-04-11 06:26:00,1.1314,1.13181,1.1314,1.13166,1.13149,1.13192,1.13148,1.13184,,,,,60
2025-04-11 06:27:00,1.13169,1.13171,1.13145,1.13154,1.13188,1.13188,1.13154,1.13163,,,,,51
2025-04-11 06:28:00,1.13148,1.13171,1.13145,1.13163,1.13157,1.13177,1.13153,1.13169,,,,,75
2025-04-11 06:29:00,1.13168,1.13172,1.13143,1.13143,1.13174,1.13181,1.13154,1.13158,,,,,50
2025-04-11 06:30:00,1.13132,1.1316,1.13126,1.13126,1.13147,1.13169,1.13135,1.13135,,,,,64
2025-04-11 06:31:00,1.13128,1.13144,1.13121,1.13125,1.13137,1.1315,1.1313,1.13134,,,,,35
2025-04-11 06:32:00,1.13124,1.13148,1.13121,1.13139,1.13133,1.13157,1.13129,1.13148,,,,,39
2025-04-11 06:33:00,1.13137,1.13145,1.13118,1.13143,1.13146,1.13154,1.13126,1.13149,,,,,58
2025-04-11 06:34:00,1.13146,1.13168,1.13143,1.13158,1.13155,1.13177,1.13155,1.13164,,,,,62
2025-04-11 06:35:00,1.13157,1.13168,1.13147,1.13164,1.13163,1.13177,1.13153,1.13173,,,,,35
2025-04-11 06:36:00,1.13163,1.13171,1.13149,1.13168,1.13172,1.1318,1.13158,1.13177,,,,,50
2025-04-11 06:37:00,1.13167,1.13181,1.13159,1.13175,1.13176,1.13187,1.13168,1.13184,,,,,61
2025-04-11 06:38:00,1.13174,1.13212,1.13174,1.13201,1.13183,1.13221,1.13183,1.13214,,,,,89
2025-04-11 06:39:00,1.13199,1.13199,1.13158,1.13162,1.13213,1.13213,1.13167,1.13171,,,,,79
2025-04-11 06:40:00,1.13161,1.13193,1.13157,1.1319,1.1317,1.13201,1.13164,1.13199,,,,,68
2025-04-11 06:41:00,1.13191,1.132,1.13161,1.13173,1.132,1.13206,1.13167,1.13179,,,,,48
2025-04-11 06:42:00,1.13169,1.1317,1.13134,1.13142,1.13178,1.13179,1.13146,1.13151,,,,,52
2025-04-11 06:43:00,1.13143,1.13153,1.13119,1.13152,1.13152,1.13162,1.13128,1.13161,,,,,79
2025-04-11 06:44:00,1.1315,1.13176,1.1314,1.13145,1.13159,1.13182,1.13146,1.13151,,,,,71
2025-04-11 06:45:00,1.13149,1.13158,1.13126,1.13128,1.13155,1.13164,1.13139,1.1314,,,,,47
2025-04-11 06:46:00,1.13124,1.13131,1.13107,1.13108,1.13139,1.1314,1.13113,1.13114,,,,,39
2025-04-11 06:47:00,1.13113,1.13167,1.13113,1.13156,1.13119,1.13176,1.13119,1.13165,,,,,56
2025-04-11 06:48:00,1.13161,1.13176,1.13146,1.13174,1.1317,1.13191,1.13152,1.13188,,,,,52
2025-04-11 06:49:00,1.13177,1.13226,1.13171,1.13221,1.13194,1.13241,1.13183,1.13232,,,,,55
2025-04-11 06:50:00,1.13223,1.13244,1.13217,1.13235,1.13234,1.13253,1.13226,1.13244,,,,,60
2025-04-11 06:51:00,1.13234,1.13253,1.13223,1.13232,1.13243,1.13262,1.13235,1.13241,,,,,58
2025-04-11 06:52:00,1.13228,1.1323,1.13208,1.13223,1.13237,1.13241,1.13214,1.13241,,,,,76
2025-04-11 06:53:00,1.1322,1.1323,1.13198,1.13212,1.1324,1.13243,1.13204,1.13229,,,,,76
2025-04-11 06:54:00,1.13214,1.13241,1.13202,1.13216,1.13228,1.1325,1.13211,1.13225,,,,,84
2025-04-11 06:55:00,1.13217,1.13227,1.13195,1.13219,1.13226,1.13237,1.13201,1.13232,,,,,66
2025-04-11 06:56:00,1.13226,1.13242,1.13213,1.13234,1.13235,1.13253,1.13226,1.13243,,,,,67
2025-04-11 06:57:00,1.13235,1.13243,1.13202,1.13219,1.13244,1.13256,1.13211,1.13228,,,,,81
2025-04-11 06:58:00,1.13221,1.13225,1.13199,1.1322,1.1323,1.13235,1.13208,1.13229,,,,,64
2025-04-11 06:59:00,1.13221,1.13232,1.13215,1.13223,1.1323,1.1324,1.13223,1.13229,,,,,73
2025-04-11 07:00:00,1.13218,1.13233,1.13153,1.13155,1.13224,1.13239,1.13167,1.1317,,,,,112
2025-04-11 07:01:00,1.13158,1.13166,1.13038,1.13067,1.13172,1.1318,1.13051,1.13084,,,,,179
2025-04-11 07:02:00,1.13069,1.13069,1.1302,1.13054,1.13085,1.13088,1.13036,1.13067,,,,,117
2025-04-11 07:03:00,1.13059,1.13063,1.13026,1.1303,1.13071,1.13072,1.13035,1.13039,,,,,64
2025-04-11 07:04:00,1.13033,1.13038,1.13013,1.13033,1.13042,1.13048,1.13027,1.13046,,,,,69
2025-04-11 07:05:00,1.13036,1.13044,1.12999,1.13002,1.13049,1.13053,1.13012,1.13018,,,,,91
2025-04-11 07:06:00,1.13003,1.13028,1.13003,1.13004,1.13017,1.13037,1.1301,1.13017,,,,,107
2025-04-11 07:07:00,1.13003,1.1302,1.12993,1.13016,1.13015,1.13029,1.13002,1.13022,,,,,88
2025-04-11 07:08:00,1.13012,1.13045,1.12997,1.13001,1.13018,1.13054,1.13006,1.13007,,,,,96
2025-04-11 07:09:00,1.13003,1.1301,1.12993,1.13002,1.13009,1.13019,1.13003,1.13011,,,,,72
2025-04-11 07:10:00,1.13001,1.13031,1.12993,1.13015,1.1301,1.13042,1.13004,1.13029,,,,,85
2025-04-11 07:11:00,1.13017,1.13036,1.13007,1.13033,1.1303,1.13046,1.13019,1.13042,,,,,96
2025-04-11 07:12:00,1.13035,1.13049,1.13012,1.13018,1.13044,1.13058,1.13024,1.13033,,,,,91
2025-04-11 07:13:00,1.13021,1.13056,1.13019,1.13041,1.13034,1.13068,1.13031,1.13047,,,,,65
2025-04-11 07:14:00,1.1304,1.13052,1.13029,1.13036,1.13046,1.13058,1.13035,1.13042,,,,,68
2025-04-11 07:15:00,1.13037,1.13077,1.13037,1.13067,1.13043,1.13087,1.13043,1.13082,,,,,81
2025-04-11 07:16:00,1.13059,1.13067,1.13035,1.13035,1.13073,1.1308,1.13044,1.13044,,,,,79
2025-04-11 07:17:00,1.13037,1.13076,1.1302,1.13025,1.13046,1.1309,1.13032,1.13037,,,,,54
2025-04-11 07:18:00,1.13027,1.13043,1.13008,1.13013,1.13039,1.13049,1.13021,1.13022,,,,,52
2025-04-11 07:19:00,1.1301,1.1302,1.13004,1.13013,1.13026,1.13031,1.13018,1.13022,,,,,66
2025-04-11 07:20:00,1.13015,1.13029,1.13011,1.13018,1.13024,1.13042,1.1302,1.13027,,,,,81
2025-04-11 07:21:00,1.13024,1.13041,1.13023,1.13033,1.13033,1.1305,1.13033,1.13039,,,,,83
2025-04-11 07:22:00,1.13035,1.13054,1.1303,1.13036,1.13041,1.13061,1.13036,1.13042,,,,,91
2025-04-11 07:23:00,1.1304,1.13046,1.1299,1.13001,1.13049,1.13053,1.13009,1.13019,,,,,73
2025-04-11 07:24:00,1.13,1.13041,1.13,1.13032,1.13017,1.1305,1.13017,1.13047,,,,,68
2025-04-11 07:25:00,1.13028,1.13049,1.13006,1.1302,1.13048,1.13059,1.13017,1.13029,,,,,86
2025-04-11 07:26:00,1.13019,1.13028,1.13009,1.13013,1.13028,1.13034,1.13015,1.13019,,,,,45
2025-04-11 07:27:00,1.13014,1.13016,1.12998,1.12998,1.1302,1.13022,1.1301,1.13015,,,,,61
2025-04-11 07:28:00,1.12999,1.13014,1.12993,1.13014,1.13014,1.13023,1.13004,1.13023,,,,,57
2025-04-11 07:29:00,1.13015,1.13015,1.12992,1.12999,1.13024,1.13024,1.13003,1.13015,,,,,61
2025-04-11 07:30:00,1.12995,1.13,1.12992,1.12998,1.13012,1.13012,1.13002,1.13004,,,,,45
2025-04-11 07:31:00,1.12996,1.12996,1.12982,1.12992,1.13005,1.13013,1.13005,1.13007,,,,,32
2025-04-11 07:32:00,1.12991,1.12991,1.12972,1.12978,1.13006,1.13009,1.12988,1.12992,,,,,63
2025-04-11 07:33:00,1.12977,1.12993,1.12971,1.12978,1.12991,1.13002,1.12984,1.12984,,,,,40
2025-04-11 07:34:00,1.12976,1.1298,1.12964,1.12966,1.12982,1.12987,1.12972,1.12975,,,,,37
2025-04-11 07:35:00,1.12969,1.13011,1.12968,1.13002,1.12974,1.13017,1.12974,1.13011,,,,,44
2025-04-11 07:36:00,1.12997,1.12997,1.1294,1.12947,1.13009,1.13009,1.12947,1.12953,,,,,79
2025-04-11 07:37:00,1.12938,1.12938,1.12838,1.12842,1.12944,1.12952,1.12848,1.12854,,,,,146
2025-04-11 07:38:00,1.12847,1.12884,1.12838,1.12851,1.12859,1.12899,1.12847,1.1286,,,,,125
2025-04-11 07:39:00,1.12852,1.12857,1.12793,1.12793,1.12861,1.12866,1.12804,1.12808,,,,,113
2025-04-11 07:40:00,1.12788,1.12812,1.12778,1.12785,1.12803,1.12827,1.12797,1.12805,,,,,98
2025-04-11 07:41:00,1.12783,1.12822,1.12753,1.12786,1.12802,1.12831,1.12762,1.12795,,,,,118
2025-04-11 07:42:00,1.12785,1.12787,1.12736,1.12745,1.12794,1.12796,1.12745,1.12754,,,,,84
2025-04-11 07:43:00,1.12742,1.12745,1.12706,1.12728,1.12751,1.12757,1.12715,1.12737,,,,,95
2025-04-11 07:44:00,1.12729,1.12759,1.12725,1.12749,1.12738,1.12768,1.12734,1.12761,,,,,91
2025-04-11 07:45:00,1.1275,1.12761,1.12714,1.12761,1.12762,1.1277,1.12726,1.1277,,,,,113
2025-04-11 07:46:00,1.1276,1.12767,1.12709,1.12731,1.12769,1.12776,1.12718,1.1274,,,,,89
2025-04-11 07:47:00,1.12741,1.12813,1.12741,1.12813,1.1275,1.12822,1.1275,1.12822,,,,,70
2025-04-11 07:48:00,1.12808,1.12816,1.12797,1.1281,1.12817,1.12825,1.12806,1.12822,,,,,65
2025-04-11 07:49:00,1.12805,1.12819,1.12768,1.12774,1.12817,1.12828,1.12777,1.12783,,,,,52
2025-04-11 07:50:00,1.12775,1.12827,1.12771,1.12814,1.12784,1.12835,1.1278,1.12823,,,,,65
2025-04-11 07:51:00,1.12822,1.12843,1.12786,1.12787,1.12831,1.12852,1.12796,1.12796,,,,,63
2025-04-11 07:52:00,1.12784,1.12789,1.12761,1.12779,1.12792,1.12797,1.12768,1.12788,,,,,97
2025-04-11 07:53:00,1.1278,1.12808,1.12778,1.12807,1.12786,1.12816,1.12785,1.12816,,,,,80
2025-04-11 07:54:00,1.12805,1.12852,1.12767,1.12847,1.12814,1.12858,1.12773,1.12853,,,,,100
2025-04-11 07:55:00,1.12848,1.12849,1.12781,1.12783,1.12854,1.12855,1.12789,1.12789,,,,,100
2025-04-11 07:56:00,1.12785,1.12837,1.12776,1.12812,1.12791,1.12846,1.12785,1.12821,,,,,113
2025-04-11 07:57:00,1.12814,1.12859,1.12813,1.12824,1.12823,1.12871,1.12822,1.12833,,,,,97
2025-04-11 07:58:00,1.12829,1.12835,1.12806,1.12821,1.12838,1.12841,1.12815,1.12827,,,,,71
2025-04-11 07:59:00,1.12822,1.12858,1.12819,1.12848,1.12831,1.12865,1.12828,1.12857,,,,,88
2025-04-11 08:00:00,1.1283,1.12896,1.12792,1.12815,1.12859,1.12921,1.12801,1.12824,,,,,206
2025-04-11 08:01:00,1.1281,1.12834,1.12767,1.12768,1.12819,1.1284,1.12773,1.12786,,,,,127
2025-04-11 08:02:00,1.12761,1.12764,1.12708,1.12718,1.12778,1.12781,1.12717,1.12727,,,,,133
2025-04-11 08:03:00,1.12717,1.12737,1.1263,1.12649,1.12726,1.12746,1.12639,1.12658,,,,,183
2025-04-11 08:04:00,1.12648,1.12671,1.12605,1.12659,1.12657,1.1268,1.12614,1.12668,,,,,171
2025-04-11 08:05:00,1.12661,1.1268,1.12607,1.12607,1.1267,1.12689,1.12624,1.12624,,,,,117
2025-04-11 08:06:00,1.12609,1.12686,1.12609,1.12616,1.12626,1.12699,1.12623,1.12625,,,,,161
2025-04-11 08:07:00,1.1262,1.12645,1.12587,1.12587,1.12629,1.12651,1.12598,1.12602,,,,,165
2025-04-11 08:08:00,1.12582,1.12624,1.12555,1.12555,1.12601,1.12637,1.12571,1.12571,,,,,178
2025-04-11 08:09:00,1.12562,1.12591,1.12543,1.12572,1.12573,1.12609,1.12561,1.12597,,,,,157
2025-04-11 08:10:00,1.12568,1.12645,1.12562,1.12642,1.12594,1.12656,1.12586,1.12651,,,,,160
2025-04-11 08:11:00,1.12645,1.12679,1.12597,1.12639,1.12654,1.12688,1.1261,1.12648,,,,,224
2025-04-11 08:12:00,1.1264,1.12648,1.12605,1.12646,1.12649,1.12659,1.12616,1.12655,,,,,162
2025-04-11 08:13:00,1.12648,1.12648,1.12607,1.12636,1.12654,1.12656,1.12616,1.12642,,,,,136
2025-04-11 08:14:00,1.12635,1.12657,1.1259,1.12613,1.12644,1.12666,1.12599,1.12622,,,,,155
2025-04-11 08:15:00,1.12615,1.12616,1.12558,1.12593,1.12624,1.12628,1.12567,1.12609,,,,,186
2025-04-11 08:16:00,1.12596,1.12613,1.12575,1.12581,1.1261,1.12623,1.12584,1.1259,,,,,130
2025-04-11 08:17:00,1.1258,1.12628,1.12558,1.12621,1.12589,1.1264,1.12566,1.12637,,,,,142
2025-04-11 08:18:00,1.12619,1.12696,1.12619,1.12655,1.1263,1.12707,1.12628,1.12668,,,,,195
2025-04-11 08:19:00,1.12656,1.12666,1.12554,1.12582,1.12669,1.12679,1.12566,1.12596,,,,,167
2025-04-11 08:20:00,1.12581,1.12633,1.12562,1.12633,1.12594,1.12642,1.12574,1.12642,,,,,146
2025-04-11 08:21:00,1.12635,1.12673,1.1263,1.12651,1.12644,1.12682,1.12639,1.1266,,,,,125
2025-04-11 08:22:00,1.12652,1.12699,1.12649,1.12699,1.12661,1.12708,1.12658,1.12708,,,,,118
2025-04-11 08:23:00,1.12697,1.127,1.12656,1.12671,1.12706,1.12709,1.12665,1.1268,,,,,107
2025-04-11 08:24:00,1.12665,1.12671,1.1261,1.12611,1.12674,1.1268,1.1262,1.1262,,,,,115
2025-04-11 08:25:00,1.12612,1.12639,1.12549,1.1256,1.12621,1.12645,1.12558,1.12566,,,,,153
2025-04-11 08:26:00,1.12562,1.12637,1.1252,1.12619,1.12568,1.12646,1.12529,1.12628,,,,,178
2025-04-11 08:27:00,1.1262,1.12622,1.1257,1.12576,1.12629,1.12631,1.12576,1.12585,,,,,126
2025-04-11 08:28:00,1.12578,1.12604,1.12551,1.1256,1.12587,1.12613,1.1256,1.12569,,,,,134
2025-04-11 08:29:00,1.12554,1.1261,1.12545,1.12607,1.12563,1.12619,1.12554,1.12616,,,,,160
2025-04-11 08:30:00,1.126,1.12636,1.12595,1.12632,1.12609,1.12644,1.12604,1.12638,,,,,147
2025-04-11 08:31:00,1.12631,1.12639,1.12602,1.12616,1.12637,1.12645,1.12608,1.12622,,,,,115
2025-04-11 08:32:00,1.12615,1.12651,1.12581,1.12599,1.12621,1.1266,1.12587,1.12605,,,,,142
2025-04-11 08:33:00,1.12602,1.12682,1.12602,1.12676,1.12608,1.12688,1.12608,1.12685,,,,,142
2025-04-11 08:34:00,1.12678,1.12689,1.12667,1.12675,1.12687,1.12696,1.12675,1.12684,,,,,109
2025-04-11 08:35:00,1.12676,1.12689,1.1263,1.12687,1.12685,1.12696,1.12639,1.12696,,,,,103
2025-04-11 08:36:00,1.12685,1.12689,1.12636,1.12647,1.12691,1.12696,1.12642,1.12656,,,,,104
2025-04-11 08:37:00,1.12648,1.12663,1.12538,1.12546,1.12657,1.12672,1.12547,1.12555,,,,,151
2025-04-11 08:38:00,1.1254,1.12549,1.12496,1.12519,1.12546,1.12555,1.12506,1.12528,,,,,175
2025-04-11 08:39:00,1.12517,1.12544,1.12509,1.12525,1.12526,1.12553,1.12515,1.12534,,,,,102
2025-04-11 08:40:00,1.12524,1.12559,1.12468,1.12497,1.12533,1.12565,1.12477,1.12506,,,,,159
2025-04-11 08:41:00,1.12499,1.12563,1.12463,1.12563,1.12508,1.12569,1.12471,1.12569,,,,,172
2025-04-11 08:42:00,1.1256,1.12586,1.12535,1.12578,1.12566,1.12592,1.12541,1.12584,,,,,125
2025-04-11 08:43:00,1.12577,1.12646,1.12563,1.12642,1.12583,1.12652,1.12569,1.12648,,,,,130
2025-04-11 08:44:00,1.12643,1.12651,1.12614,1.1264,1.12649,1.1266,1.1262,1.12649,,,,,139
2025-04-11 08:45:00,1.12638,1.12652,1.12584,1.126,1.12647,1.12658,1.12597,1.12609,,,,,122
2025-04-11 08:46:00,1.12602,1.12659,1.12555,1.1265,1.12611,1.12667,1.12566,1.12656,,,,,181
2025-04-11 08:47:00,1.12649,1.12677,1.12636,1.12662,1.12655,1.12685,1.12642,1.12668,,,,,159
2025-04-11 08:48:00,1.12661,1.12719,1.12648,1.12719,1.1267,1.12725,1.12654,1.12725,,,,,126
2025-04-11 08:49:00,1.12722,1.12747,1.127,1.12702,1.12731,1.12756,1.12706,1.12711,,,,,132
2025-04-11 08:50:00,1.12699,1.12761,1.12698,1.12751,1.12708,1.1277,1.12705,1.1276,,,,,116
2025-04-11 08:51:00,1.12746,1.12756,1.12727,1.12736,1.12755,1.12765,1.12733,1.12745,,,,,136
2025-04-11 08:52:00,1.12741,1.12764,1.12736,1.12755,1.1275,1.12773,1.12744,1.12767,,,,,119
2025-04-11 08:53:00,1.12753,1.12813,1.12742,1.12802,1.12771,1.12822,1.12751,1.12811,,,,,167
2025-04-11 08:54:00,1.12801,1.12818,1.12778,1.12795,1.1281,1.12831,1.12788,1.12811,,,,,165
2025-04-11 08:55:00,1.12794,1.12806,1.12776,1.12779,1.12809,1.1282,1.12784,1.12785,,,,,149
2025-04-11 08:56:00,1.12778,1.12808,1.12768,1.12805,1.12784,1.12824,1.12775,1.12823,,,,,108
2025-04-11 08:57:00,1.12806,1.12833,1.12796,1.12823,1.12822,1.12847,1.12808,1.12829,,,,,103
2025-04-11 08:58:00,1.12824,1.12842,1.12803,1.12832,1.1283,1.12853,1.12812,1.12841,,,,,109
2025-04-11 08:59:00,1.12831,1.12875,1.12826,1.12862,1.1284,1.12893,1.12835,1.12871,,,,,149
2025-04-11 09:00:00,1.12853,1.12888,1.12838,1.12872,1.12862,1.12897,1.12847,1.12881,,,,,168
2025-04-11 09:01:00,1.1287,1.12982,1.12836,1.1297,1.12879,1.12993,1.12845,1.12985,,,,,172
2025-04-11 09:02:00,1.12966,1.12991,1.1294,1.12973,1.12979,1.13,1.12949,1.12979,,,,,173
2025-04-11 09:03:00,1.12977,1.13112,1.12968,1.13109,1.12983,1.13121,1.12975,1.13115,,,,,213
2025-04-11 09:04:00,1.13106,1.1316,1.13078,1.1313,1.13116,1.13169,1.13087,1.13139,,,,,190
2025-04-11 09:05:00,1.13132,1.13195,1.1313,1.13172,1.13141,1.13202,1.13139,1.13181,,,,,228
2025-04-11 09:06:00,1.13176,1.13315,1.13173,1.13313,1.13185,1.13324,1.13182,1.13322,,,,,267
2025-04-11 09:07:00,1.13316,1.13404,1.1329,1.133,1.13325,1.13413,1.13299,1.13311,,,,,306
2025-04-11 09:08:00,1.13298,1.13311,1.13159,1.13192,1.13312,1.1332,1.13168,1.13201,,,,,284
2025-04-11 09:09:00,1.13187,1.13297,1.13183,1.13241,1.13196,1.13303,1.13192,1.1325,,,,,210
2025-04-11 09:10:00,1.13242,1.13299,1.13215,1.13275,1.13251,1.13305,1.13224,1.13284,,,,,231
2025-04-11 09:11:00,1.13276,1.13344,1.1326,1.13267,1.13285,1.13353,1.1328,1.13283,,,,,210
2025-04-11 09:12:00,1.13268,1.13284,1.13224,1.13239,1.13282,1.13293,1.13238,1.13262,,,,,194
2025-04-11 09:13:00,1.13242,1.13378,1.13234,1.13352,1.13263,1.13392,1.13252,1.13361,,,,,223
2025-04-11 09:14:00,1.13353,1.13376,1.13319,1.13338,1.13362,1.13385,1.13326,1.13344,,,,,192
2025-04-11 09:15:00,1.13343,1.13361,1.13288,1.13306,1.13349,1.1337,1.13302,1.13315,,,,,208
2025-04-11 09:16:00,1.13305,1.13307,1.1324,1.13293,1.13314,1.13316,1.13249,1.13299,,,,,203
2025-04-11 09:17:00,1.13294,1.13294,1.13224,1.13241,1.133,1.133,1.13233,1.13255,,,,,215
2025-04-11 09:18:00,1.13242,1.13246,1.13197,1.13201,1.13254,1.13256,1.13208,1.13214,,,,,180
2025-04-11 09:19:00,1.13198,1.132,1.13146,1.13178,1.1321,1.13217,1.13159,1.13187,,,,,202
2025-04-11 09:20:00,1.13177,1.1326,1.13155,1.13254,1.13186,1.13274,1.13164,1.13269,,,,,235
2025-04-11 09:21:00,1.13253,1.13294,1.13242,1.13284,1.13268,1.13308,1.13252,1.13302,,,,,134
2025-04-11 09:22:00,1.13283,1.1337,1.13283,1.13308,1.13296,1.13379,1.13294,1.13317,,,,,228
2025-04-11 09:23:00,1.13309,1.13413,1.13304,1.13379,1.13318,1.13422,1.13313,1.13388,,,,,213
2025-04-11 09:24:00,1.13366,1.13385,1.13311,1.13333,1.13375,1.13394,1.1332,1.13356,,,,,196
2025-04-11 09:25:00,1.13329,1.13445,1.13317,1.13435,1.13355,1.13454,1.13335,1.13444,,,,,191
2025-04-11 09:26:00,1.13434,1.13482,1.13426,1.13482,1.13443,1.13491,1.13435,1.13491,,,,,163
2025-04-11 09:27:00,1.13481,1.1353,1.1345,1.13528,1.1349,1.13545,1.13459,1.13541,,,,,177
2025-04-11 09:28:00,1.13529,1.13538,1.13469,1.13502,1.13542,1.13548,1.1348,1.13511,,,,,215
2025-04-11 09:29:00,1.13503,1.13508,1.13411,1.13424,1.13512,1.13517,1.1342,1.13433,,,,,186
2025-04-11 09:30:00,1.13422,1.13474,1.13381,1.13403,1.13431,1.13483,1.1339,1.13412,,,,,215
2025-04-11 09:31:00,1.13402,1.13484,1.13357,1.13484,1.13411,1.13493,1.13366,1.13493,,,,,143
2025-04-11 09:32:00,1.13485,1.13614,1.1348,1.1361,1.13494,1.13623,1.13489,1.13619,,,,,255
2025-04-11 09:33:00,1.13609,1.13629,1.13458,1.13482,1.13618,1.13638,1.13471,1.13495,,,,,212
2025-04-11 09:34:00,1.13484,1.13617,1.13481,1.13584,1.13496,1.13626,1.13493,1.13593,,,,,226
2025-04-11 09:35:00,1.13583,1.13599,1.13485,1.13567,1.13592,1.1361,1.135,1.13576,,,,,218
2025-04-11 09:36:00,1.13565,1.13612,1.13536,1.13609,1.13574,1.13621,1.13545,1.13618,,,,,166
2025-04-11 09:37:00,1.13612,1.13627,1.13592,1.13609,1.13621,1.13639,1.13601,1.13618,,,,,193
2025-04-11 09:38:00,1.1361,1.13627,1.13548,1.13564,1.13619,1.13634,1.13567,1.13573,,,,,221
2025-04-11 09:39:00,1.13562,1.13619,1.13534,1.13575,1.13571,1.13628,1.13544,1.13584,,,,,166
2025-04-11 09:40:00,1.13574,1.13575,1.13513,1.13516,1.13583,1.13584,1.13531,1.13539,,,,,142
2025-04-11 09:41:00,1.13517,1.13517,1.13442,1.13476,1.1354,1.1354,1.13454,1.13485,,,,,201
2025-04-11 09:42:00,1.13475,1.13475,1.1341,1.13413,1.13484,1.13484,1.1342,1.13422,,,,,166
2025-04-11 09:43:00,1.13412,1.13417,1.13362,1.13394,1.13421,1.13426,1.13374,1.13403,,,,,166
2025-04-11 09:44:00,1.13397,1.13487,1.13388,1.13486,1.13406,1.13496,1.13397,1.13495,,,,,158
2025-04-11 09:45:00,1.13485,1.13487,1.13413,1.13418,1.13494,1.13499,1.13422,1.13427,,,,,151
2025-04-11 09:46:00,1.13419,1.13419,1.13327,1.13332,1.13428,1.13428,1.13336,1.13341,,,,,154
2025-04-11 09:47:00,1.13333,1.13379,1.13312,1.13333,1.13342,1.13388,1.13321,1.13342,,,,,166
2025-04-11 09:48:00,1.13336,1.13445,1.13333,1.13435,1.13345,1.13464,1.13342,1.13444,,,,,163
2025-04-11 09:49:00,1.13432,1.13472,1.1343,1.13458,1.13441,1.13481,1.13439,1.13474,,,,,171
2025-04-11 09:50:00,1.13455,1.13474,1.13419,1.13466,1.13473,1.13487,1.13428,1.13475,,,,,141
2025-04-11 09:51:00,1.13467,1.13556,1.13467,1.13551,1.13476,1.13565,1.13476,1.1356,,,,,136
2025-04-11 09:52:00,1.1355,1.13563,1.13508,1.13536,1.13559,1.13574,1.13517,1.13545,,,,,169
2025-04-11 09:53:00,1.13537,1.1357,1.13512,1.13565,1.13546,1.13578,1.13521,1.13574,,,,,176
2025-04-11 09:54:00,1.13564,1.13595,1.13509,1.13574,1.13573,1.13601,1.13518,1.13583,,,,,197
2025-04-11 09:55:00,1.13573,1.1368,1.13558,1.13646,1.13582,1.13698,1.13567,1.13678,,,,,199
2025-04-11 09:56:00,1.13651,1.13685,1.13641,1.13666,1.13681,1.13697,1.13655,1.13675,,,,,237
2025-04-11 09:57:00,1.13667,1.13677,1.13616,1.13677,1.13673,1.13688,1.13625,1.13683,,,,,243
2025-04-11 09:58:00,1.13676,1.13682,1.13589,1.13635,1.13682,1.13691,1.13598,1.13641,,,,,190
2025-04-11 09:59:00,1.13636,1.13679,1.13628,1.1364,1.13649,1.1369,1.13637,1.13649,,,,,201
2025-04-11 10:00:00,1.13632,1.13681,1.13551,1.13663,1.13641,1.13705,1.13558,1.13679,,,,,391
2025-04-11 10:01:00,1.13664,1.13769,1.13638,1.13762,1.13681,1.1379,1.13654,1.13789,,,,,340
2025-04-11 10:02:00,1.13757,1.14157,1.13757,1.14079,1.13785,1.14195,1.13776,1.14116,,,,,431
2025-04-11 10:03:00,1.14074,1.14095,1.13887,1.1391,1.14108,1.14129,1.13907,1.13926,,,,,396
2025-04-11 10:04:00,1.13908,1.13914,1.13742,1.1375,1.13924,1.1393,1.13756,1.13759,,,,,308
2025-04-11 10:05:00,1.13745,1.13823,1.13663,1.13663,1.13754,1.13832,1.13672,1.13672,,,,,307
2025-04-11 10:06:00,1.13661,1.13716,1.13619,1.13684,1.1367,1.13725,1.13628,1.13693,,,,,280
2025-04-11 10:07:00,1.1368,1.13704,1.13635,1.13702,1.13689,1.13715,1.13644,1.13711,,,,,244
2025-04-11 10:08:00,1.13705,1.13717,1.13598,1.13652,1.13714,1.13726,1.13604,1.13658,,,,,235
2025-04-11 10:09:00,1.13653,1.13653,1.13532,1.13536,1.13659,1.13659,1.13541,1.13545,,,,,248
2025-04-11 10:10:00,1.13533,1.13561,1.13508,1.13525,1.13542,1.13577,1.13517,1.13534,,,,,203
2025-04-11 10:11:00,1.13526,1.13577,1.13488,1.13556,1.13535,1.13586,1.13497,1.13565,,,,,250
2025-04-11 10:12:00,1.13561,1.13648,1.13547,1.13646,1.1357,1.13658,1.13553,1.13655,,,,,243
2025-04-11 10:13:00,1.1365,1.13737,1.13613,1.13703,1.13659,1.13751,1.13624,1.13717,,,,,226
2025-04-11 10:14:00,1.13699,1.13735,1.13643,1.13697,1.13708,1.13744,1.13652,1.13706,,,,,206
2025-04-11 10:15:00,1.13701,1.13763,1.13642,1.13763,1.13707,1.13784,1.13651,1.13784,,,,,243
2025-04-11 10:16:00,1.13765,1.1381,1.13731,1.13788,1.13782,1.13819,1.13742,1.13797,,,,,251
2025-04-11 10:17:00,1.13794,1.13838,1.13785,1.13816,1.13803,1.13849,1.13794,1.13834,,,,,237
2025-04-11 10:18:00,1.13817,1.13847,1.13805,1.13816,1.13832,1.1386,1.13814,1.13825,,,,,204
2025-04-11 10:19:00,1.1382,1.13826,1.13719,1.13785,1.13829,1.13835,1.13735,1.13794,,,,,242
2025-04-11 10:20:00,1.13783,1.13847,1.1378,1.1384,1.13792,1.13867,1.13789,1.13859,,,,,185
2025-04-11 10:21:00,1.13839,1.13853,1.1377,1.13778,1.13857,1.13866,1.13779,1.13787,,,,,174
2025-04-11 10:22:00,1.13776,1.13836,1.13741,1.13743,1.13785,1.13842,1.13754,1.13754,,,,,191
2025-04-11 10:23:00,1.13741,1.13742,1.13661,1.13667,1.13753,1.13753,1.13676,1.1368,,,,,221
2025-04-11 10:24:00,1.13669,1.13778,1.13667,1.13739,1.13681,1.13785,1.13678,1.13748,,,,,211
2025-04-11 10:25:00,1.13736,1.13751,1.13705,1.13725,1.13745,1.1376,1.13714,1.13734,,,,,176
2025-04-11 10:26:00,1.13728,1.13833,1.13723,1.13824,1.13737,1.13839,1.13732,1.13833,,,,,211
2025-04-11 10:27:00,1.1382,1.13872,1.13788,1.13872,1.13829,1.13884,1.13799,1.13881,,,,,207
2025-04-11 10:28:00,1.13878,1.13909,1.13835,1.1388,1.13887,1.13918,1.13844,1.13889,,,,,185
2025-04-11 10:29:00,1.13883,1.13884,1.13806,1.13821,1.13892,1.13893,1.13815,1.1383,,,,,179
2025-04-11 10:30:00,1.13822,1.13883,1.13759,1.13876,1.13831,1.13898,1.13772,1.13895,,,,,265
2025-04-11 10:31:00,1.13879,1.1394,1.13878,1.13934,1.13897,1.13956,1.13891,1.13943,,,,,209
2025-04-11 10:32:00,1.1394,1.14023,1.1393,1.13998,1.13949,1.14035,1.13939,1.14007,,,,,228
2025-04-11 10:33:00,1.13997,1.14133,1.13981,1.14133,1.14006,1.14152,1.13992,1.1415,,,,,290
2025-04-11 10:34:00,1.14134,1.14165,1.14085,1.14094,1.14147,1.1418,1.14097,1.14103,,,,,254
2025-04-11 10:35:00,1.1409,1.14126,1.14056,1.14107,1.14099,1.14138,1.1407,1.14116,,,,,250
2025-04-11 10:36:00,1.14108,1.14165,1.14098,1.14147,1.14117,1.14174,1.14107,1.14156,,,,,262
2025-04-11 10:37:00,1.14143,1.14233,1.14101,1.14218,1.14152,1.14265,1.1411,1.14227,,,,,254
2025-04-11 10:38:00,1.14216,1.14221,1.14026,1.14031,1.14225,1.14233,1.14048,1.14054,,,,,278
2025-04-11 10:39:00,1.14029,1.14072,1.13983,1.14036,1.14052,1.14083,1.13992,1.14045,,,,,249
2025-04-11 10:40:00,1.14032,1.14246,1.14023,1.14241,1.14041,1.14255,1.14032,1.1425,,,,,243
2025-04-11 10:41:00,1.14239,1.14298,1.14226,1.14247,1.14248,1.14307,1.14235,1.14256,,,,,245
2025-04-11 10:42:00,1.14248,1.1436,1.1423,1.1436,1.14257,1.14369,1.14239,1.14369,,,,,194
2025-04-11 10:43:00,1.14358,1.14408,1.14248,1.14256,1.14367,1.14438,1.14261,1.14265,,,,,244
2025-04-11 10:44:00,1.14249,1.14288,1.1423,1.1425,1.14263,1.14299,1.14239,1.14259,,,,,190
2025-04-11 10:45:00,1.14251,1.14353,1.14232,1.14308,1.1426,1.14362,1.14241,1.14317,,,,,208
2025-04-11 10:46:00,1.14307,1.14391,1.14307,1.14357,1.14316,1.14403,1.14316,1.14366,,,,,229
2025-04-11 10:47:00,1.14356,1.1446,1.14349,1.14445,1.14365,1.14469,1.14357,1.14454,,,,,182
2025-04-11 10:48:00,1.14446,1.14482,1.14382,1.14383,1.14455,1.14495,1.14394,1.14394,,,,,214
2025-04-11 10:49:00,1.14384,1.1444,1.1432,1.14433,1.14396,1.14449,1.1433,1.14442,,,,,220
2025-04-11 10:50:00,1.14435,1.14726,1.14419,1.1471,1.14444,1.14743,1.14428,1.14719,,,,,409
2025-04-11 10:51:00,1.14709,1.14737,1.14515,1.14584,1.14718,1.14753,1.14533,1.14618,,,,,367
2025-04-11 10:52:00,1.14572,1.1458,1.14449,1.14452,1.14607,1.14614,1.14458,1.14458,,,,,256
2025-04-11 10:53:00,1.14451,1.14476,1.14413,1.14451,1.14457,1.14486,1.14419,1.1446,,,,,197
2025-04-11 10:54:00,1.14438,1.14455,1.14338,1.14382,1.14447,1.14464,1.14357,1.14391,,,,,243
2025-04-11 10:55:00,1.14389,1.14493,1.14346,1.14493,1.14398,1.14502,1.14355,1.14502,,,,,190
2025-04-11 10:56:00,1.145,1.14537,1.1435,1.14392,1.14509,1.14561,1.14359,1.14401,,,,,246
2025-04-11 10:57:00,1.14389,1.14463,1.14323,1.14329,1.14398,1.14472,1.14353,1.14353,,,,,283
2025-04-11 10:58:00,1.14326,1.14378,1.143,1.14312,1.14351,1.144,1.14314,1.14321,,,,,241
2025-04-11 10:59:00,1.14316,1.14321,1.1425,1.14264,1.14325,1.1433,1.14264,1.14284,,,,,204
2025-04-11 11:00:00,1.14262,1.14262,1.14167,1.14232,1.14282,1.14282,1.14194,1.14252,,,,,227
2025-04-11 11:01:00,1.1423,1.14232,1.14129,1.14145,1.14251,1.14252,1.14142,1.14154,,,,,198
2025-04-11 11:02:00,1.14141,1.14194,1.14103,1.14125,1.14153,1.14203,1.14112,1.14139,,,,,216
2025-04-11 11:03:00,1.14122,1.14144,1.14054,1.14054,1.14137,1.14153,1.14064,1.1407,,,,,186
2025-04-11 11:04:00,1.14057,1.14136,1.14047,1.14083,1.14073,1.14145,1.14056,1.14092,,,,,197
2025-04-11 11:05:00,1.14082,1.14165,1.1406,1.14137,1.14091,1.14174,1.14069,1.14146,,,,,143
2025-04-11 11:06:00,1.14132,1.14161,1.14063,1.14071,1.14141,1.1417,1.14072,1.1408,,,,,166
2025-04-11 11:07:00,1.14072,1.14074,1.13974,1.13994,1.14081,1.14093,1.13983,1.14003,,,,,225
2025-04-11 11:08:00,1.13992,1.14011,1.13882,1.13944,1.14001,1.14022,1.13901,1.13959,,,,,262
2025-04-11 11:09:00,1.1394,1.13964,1.13904,1.13958,1.13958,1.13986,1.13921,1.13967,,,,,201
2025-04-11 11:10:00,1.13959,1.1396,1.13845,1.13852,1.13968,1.13969,1.13858,1.13867,,,,,187
2025-04-11 11:11:00,1.13863,1.13938,1.13852,1.13913,1.13872,1.13947,1.13869,1.13933,,,,,204
2025-04-11 11:12:00,1.13914,1.13988,1.13896,1.13974,1.13934,1.13997,1.13913,1.13983,,,,,155
2025-04-11 11:13:00,1.13976,1.14032,1.13976,1.13982,1.13985,1.14053,1.13985,1.13994,,,,,187
2025-04-11 11:14:00,1.13981,1.14007,1.13941,1.13983,1.13992,1.14024,1.13953,1.14008,,,,,176
2025-04-11 11:15:00,1.13982,1.14066,1.13979,1.13995,1.14004,1.14076,1.14,1.14004,,,,,181
2025-04-11 11:16:00,1.13987,1.1401,1.13951,1.1398,1.14011,1.14023,1.1396,1.13989,,,,,175
2025-04-11 11:17:00,1.13985,1.14069,1.13974,1.14049,1.13994,1.14078,1.13983,1.14058,,,,,141
2025-04-11 11:18:00,1.14057,1.14208,1.14031,1.14156,1.14068,1.14226,1.14042,1.14165,,,,,162
2025-04-11 11:19:00,1.14157,1.14168,1.14106,1.14116,1.14166,1.14177,1.14115,1.14125,,,,,156
2025-04-11 11:20:00,1.14113,1.14179,1.14106,1.14147,1.14122,1.14188,1.14115,1.14156,,,,,145
2025-04-11 11:21:00,1.14146,1.14181,1.14059,1.14059,1.14155,1.1419,1.14068,1.14068,,,,,121
2025-04-11 11:22:00,1.1406,1.1408,1.14018,1.14049,1.14069,1.1409,1.14027,1.14058,,,,,124
2025-04-11 11:23:00,1.14051,1.14075,1.14015,1.14067,1.1406,1.14084,1.14024,1.14076,,,,,136
2025-04-11 11:24:00,1.14073,1.14152,1.14072,1.14129,1.14082,1.14163,1.14081,1.1414,,,,,133
2025-04-11 11:25:00,1.14122,1.14159,1.14116,1.1414,1.14138,1.14169,1.14127,1.14149,,,,,144
2025-04-11 11:26:00,1.14139,1.14164,1.14092,1.14093,1.14148,1.14173,1.14101,1.14102,,,,,137
2025-04-11 11:27:00,1.14094,1.14105,1.14035,1.14049,1.14103,1.14114,1.14044,1.14058,,,,,114
2025-04-11 11:28:00,1.14057,1.14061,1.13991,1.13999,1.14066,1.1407,1.14,1.14008,,,,,177
2025-04-11 11:29:00,1.1401,1.14021,1.1396,1.1396,1.14019,1.1403,1.13969,1.13969,,,,,142
2025-04-11 11:30:00,1.13966,1.13983,1.13866,1.13893,1.13975,1.13992,1.13875,1.13902,,,,,205
2025-04-11 11:31:00,1.13881,1.13938,1.13857,1.13906,1.1389,1.13947,1.13866,1.13915,,,,,144
2025-04-11 11:32:00,1.13903,1.13992,1.13899,1.13979,1.13912,1.13998,1.13908,1.13988,,,,,138
2025-04-11 11:33:00,1.13982,1.14,1.13954,1.13982,1.13991,1.14011,1.13963,1.13991,,,,,147
2025-04-11 11:34:00,1.13978,1.13988,1.13952,1.13972,1.13987,1.13997,1.13961,1.13978,,,,,124
2025-04-11 11:35:00,1.13968,1.14002,1.13927,1.13927,1.13974,1.14011,1.13934,1.13936,,,,,140
2025-04-11 11:36:00,1.13929,1.13949,1.13887,1.13939,1.13938,1.13964,1.13911,1.13958,,,,,175
2025-04-11 11:37:00,1.13961,1.13979,1.13924,1.13958,1.1398,1.13988,1.13933,1.13967,,,,,158
2025-04-11 11:38:00,1.13959,1.14044,1.1395,1.14042,1.13968,1.14053,1.13959,1.14051,,,,,173
2025-04-11 11:39:00,1.14045,1.14095,1.14029,1.14089,1.14054,1.14104,1.14038,1.14098,,,,,149
2025-04-11 11:40:00,1.14085,1.14107,1.14027,1.14033,1.14094,1.14113,1.14037,1.14042,,,,,133
2025-04-11 11:41:00,1.14028,1.14072,1.14028,1.14065,1.14037,1.14081,1.14037,1.14074,,,,,113
2025-04-11 11:42:00,1.14061,1.14118,1.14054,1.14116,1.1407,1.14127,1.1406,1.14125,,,,,112
2025-04-11 11:43:00,1.14114,1.14129,1.14082,1.14102,1.14123,1.14137,1.14091,1.14111,,,,,125
2025-04-11 11:44:00,1.1411,1.14126,1.14076,1.14087,1.14119,1.14135,1.14091,1.14096,,,,,124
2025-04-11 11:45:00,1.14086,1.14095,1.14053,1.14063,1.14095,1.14104,1.14059,1.14072,,,,,145
2025-04-11 11:46:00,1.14062,1.14151,1.14042,1.1414,1.14071,1.14165,1.14051,1.14155,,,,,193
2025-04-11 11:47:00,1.14142,1.14153,1.14084,1.14095,1.14157,1.14172,1.14093,1.14104,,,,,171
2025-04-11 11:48:00,1.14094,1.14134,1.14083,1.14108,1.14103,1.14149,1.14095,1.14117,,,,,150
2025-04-11 11:49:00,1.1411,1.1415,1.1411,1.14121,1.14119,1.14158,1.14119,1.14127,,,,,128
2025-04-11 11:50:00,1.14118,1.14162,1.14051,1.14158,1.14124,1.14171,1.1406,1.14167,,,,,201
2025-04-11 11:51:00,1.14154,1.14167,1.14048,1.14115,1.14163,1.14173,1.14054,1.14121,,,,,190
2025-04-11 11:52:00,1.14119,1.14151,1.14097,1.14112,1.14125,1.1416,1.14106,1.14118,,,,,184
2025-04-11 11:53:00,1.14113,1.14118,1.14005,1.14042,1.14119,1.14126,1.14014,1.14051,,,,,143
2025-04-11 11:54:00,1.14048,1.1405,1.13993,1.14024,1.14057,1.14059,1.13999,1.14033,,,,,135
2025-04-11 11:55:00,1.14023,1.14024,1.1394,1.13969,1.14032,1.14033,1.13949,1.13978,,,,,168
2025-04-11 11:56:00,1.13976,1.14031,1.13968,1.14025,1.13985,1.14047,1.13977,1.1404,,,,,151
2025-04-11 11:57:00,1.14028,1.14035,1.13993,1.13999,1.14041,1.14041,1.14002,1.14005,,,,,128
2025-04-11 11:58:00,1.14001,1.14001,1.13897,1.1391,1.14007,1.14007,1.13911,1.13928,,,,,167
2025-04-11 11:59:00,1.13903,1.13911,1.13842,1.13854,1.13921,1.13929,1.13857,1.13865,,,,,199
2025-04-11 12:00:00,1.13855,1.13855,1.13611,1.13675,1.13864,1.13864,1.13629,1.13684,,,,,336
2025-04-11 12:01:00,1.13676,1.13701,1.13575,1.13599,1.13685,1.1371,1.13598,1.13614,,,,,271
2025-04-11 12:02:00,1.13601,1.1362,1.13549,1.13573,1.13615,1.13633,1.13571,1.13582,,,,,241
2025-04-11 12:03:00,1.1357,1.13612,1.13556,1.13579,1.13579,1.13621,1.13565,1.13597,,,,,182
2025-04-11 12:04:00,1.13582,1.13633,1.13563,1.13574,1.13595,1.13642,1.13572,1.13583,,,,,175
2025-04-11 12:05:00,1.13575,1.13672,1.13566,1.13667,1.13584,1.13685,1.13575,1.13676,,,,,158
2025-04-11 12:06:00,1.13666,1.13731,1.13639,1.13673,1.13675,1.13752,1.13648,1.13682,,,,,217
2025-04-11 12:07:00,1.13672,1.13725,1.13638,1.13697,1.13681,1.13737,1.13647,1.13714,,,,,135
2025-04-11 12:08:00,1.13698,1.13731,1.13698,1.13726,1.13716,1.13745,1.13714,1.13735,,,,,139
2025-04-11 12:09:00,1.13732,1.13755,1.13705,1.13751,1.13741,1.13764,1.13714,1.1376,,,,,136
2025-04-11 12:10:00,1.13755,1.13772,1.13697,1.13764,1.13764,1.13778,1.1371,1.1377,,,,,122
2025-04-11 12:11:00,1.13762,1.13794,1.13734,1.1376,1.13768,1.13803,1.13743,1.13769,,,,,136
2025-04-11 12:12:00,1.13758,1.13776,1.13706,1.13716,1.13764,1.13782,1.13715,1.13731,,,,,151
2025-04-11 12:13:00,1.13713,1.13764,1.13675,1.13705,1.13726,1.13779,1.13688,1.13717,,,,,180
2025-04-11 12:14:00,1.13708,1.13719,1.13675,1.13707,1.1372,1.13739,1.13695,1.13722,,,,,174
2025-04-11 12:15:00,1.13704,1.13737,1.13663,1.13717,1.13721,1.13754,1.1369,1.13737,,,,,137
2025-04-11 12:16:00,1.13719,1.13783,1.13693,1.13781,1.13738,1.13792,1.13712,1.13792,,,,,180
2025-04-11 12:17:00,1.13779,1.1381,1.1374,1.13756,1.1379,1.13819,1.13757,1.13772,,,,,141
2025-04-11 12:18:00,1.13755,1.13806,1.13737,1.13777,1.1377,1.13815,1.13752,1.1379,,,,,124
2025-04-11 12:19:00,1.13779,1.13832,1.13768,1.13826,1.13788,1.13846,1.13779,1.13832,,,,,127
2025-04-11 12:20:00,1.13827,1.13833,1.13785,1.13827,1.13833,1.13841,1.13797,1.13836,,,,,115
2025-04-11 12:21:00,1.13825,1.13845,1.13795,1.13808,1.13834,1.13854,1.13809,1.13817,,,,,126
2025-04-11 12:22:00,1.13809,1.1381,1.13724,1.13753,1.1382,1.13829,1.13737,1.13762,,,,,188
2025-04-11 12:23:00,1.13747,1.13782,1.13735,1.13745,1.13756,1.13791,1.1375,1.13757,,,,,159
2025-04-11 12:24:00,1.13743,1.13743,1.13658,1.13669,1.13754,1.13754,1.13671,1.13678,,,,,175
2025-04-11 12:25:00,1.13662,1.13662,1.13599,1.13604,1.13675,1.13675,1.13611,1.13621,,,,,166
2025-04-11 12:26:00,1.13605,1.13668,1.13596,1.13606,1.13619,1.13677,1.1361,1.13619,,,,,163
2025-04-11 12:27:00,1.13611,1.13619,1.13551,1.13577,1.13625,1.13629,1.13565,1.13586,,,,,164
2025-04-11 12:28:00,1.13578,1.13666,1.13576,1.13629,1.13587,1.13675,1.13585,1.13643,,,,,122
2025-04-11 12:29:00,1.13621,1.13623,1.13562,1.13608,1.13636,1.13639,1.13577,1.13617,,,,,123
2025-04-11 12:30:00,1.13614,1.13637,1.1358,1.1359,1.13623,1.13652,1.13592,1.13599,,,,,125
2025-04-11 12:31:00,1.13589,1.13677,1.13589,1.13668,1.13598,1.13686,1.13598,1.13677,,,,,106
2025-04-11 12:32:00,1.13669,1.13679,1.13622,1.13622,1.13678,1.13688,1.13631,1.13631,,,,,111
2025-04-11 12:33:00,1.13616,1.13624,1.13602,1.13603,1.13629,1.1363,1.13608,1.13609,,,,,62
2025-04-11 12:34:00,1.13602,1.13608,1.13524,1.13553,1.13608,1.13614,1.13535,1.13562,,,,,146
2025-04-11 12:35:00,1.13551,1.13568,1.13523,1.13559,1.1356,1.13574,1.13532,1.13568,,,,,145
2025-04-11 12:36:00,1.13558,1.13576,1.13529,1.13543,1.13567,1.13585,1.13544,1.13559,,,,,130
2025-04-11 12:37:00,1.13544,1.13548,1.13518,1.13529,1.1356,1.1356,1.13531,1.13548,,,,,179
2025-04-11 12:38:00,1.1353,1.13547,1.13464,1.13481,1.13547,1.13556,1.13486,1.1349,,,,,132
2025-04-11 12:39:00,1.13479,1.13486,1.13417,1.13463,1.13488,1.13501,1.13441,1.1348,,,,,194
2025-04-11 12:40:00,1.13466,1.13471,1.13348,1.13355,1.13481,1.13486,1.1337,1.13374,,,,,226
2025-04-11 12:41:00,1.13356,1.13393,1.13326,1.13361,1.13379,1.13406,1.13346,1.1337,,,,,214
2025-04-11 12:42:00,1.13358,1.13384,1.13292,1.13383,1.13367,1.13393,1.1331,1.13392,,,,,164
2025-04-11 12:43:00,1.13381,1.13387,1.13291,1.13306,1.1339,1.13396,1.13304,1.13317,,,,,165
2025-04-11 12:44:00,1.13307,1.13336,1.13289,1.13334,1.13316,1.13346,1.13309,1.13343,,,,,158
2025-04-11 12:45:00,1.13336,1.13434,1.13315,1.13426,1.13345,1.13443,1.13324,1.13435,,,,,170
2025-04-11 12:46:00,1.13425,1.13446,1.13387,1.13437,1.13434,1.13455,1.13403,1.13446,,,,,145
2025-04-11 12:47:00,1.1344,1.13441,1.13391,1.13419,1.13449,1.1345,1.13402,1.13428,,,,,137
2025-04-11 12:48:00,1.13418,1.1348,1.13416,1.13441,1.13427,1.13489,1.13425,1.1345,,,,,111
2025-04-11 12:49:00,1.13439,1.13442,1.13354,1.13363,1.13448,1.13451,1.13363,1.13372,,,,,98
2025-04-11 12:50:00,1.13362,1.13456,1.13344,1.13448,1.13371,1.13465,1.13353,1.13457,,,,,154
2025-04-11 12:51:00,1.13444,1.13444,1.13382,1.13413,1.13453,1.13453,1.13391,1.13422,,,,,129
2025-04-11 12:52:00,1.13412,1.13427,1.13351,1.13352,1.13421,1.13436,1.1336,1.13361,,,,,136
2025-04-11 12:53:00,1.13353,1.13353,1.13298,1.13303,1.13362,1.13362,1.13307,1.13312,,,,,141
2025-04-11 12:54:00,1.13307,1.13323,1.13286,1.13313,1.13316,1.13332,1.13295,1.13322,,,,,119
2025-04-11 12:55:00,1.13315,1.13315,1.13266,1.13266,1.13324,1.13324,1.13275,1.13275,,,,,128
2025-04-11 12:56:00,1.13267,1.13366,1.13241,1.13327,1.13276,1.13375,1.1325,1.13336,,,,,184
2025-04-11 12:57:00,1.13319,1.13328,1.1325,1.13257,1.13338,1.1334,1.13259,1.13266,,,,,175
2025-04-11 12:58:00,1.13264,1.1331,1.13198,1.13245,1.13273,1.13319,1.13207,1.13254,,,,,199
2025-04-11 12:59:00,1.13246,1.134,1.13246,1.13366,1.13255,1.13408,1.13255,1.13375,,,,,171
2025-04-11 13:00:00,1.13362,1.13391,1.13322,1.13329,1.13371,1.134,1.13329,1.13335,,,,,182
2025-04-11 13:01:00,1.13335,1.13395,1.13326,1.13359,1.13341,1.13401,1.13332,1.13365,,,,,150
2025-04-11 13:02:00,1.13361,1.13428,1.13332,1.13418,1.13367,1.13437,1.13341,1.13427,,,,,144
2025-04-11 13:03:00,1.1342,1.1347,1.13411,1.13469,1.13429,1.13486,1.1342,1.13478,,,,,161
2025-04-11 13:04:00,1.1347,1.13496,1.13454,1.13484,1.13479,1.13505,1.13464,1.13496,,,,,107
2025-04-11 13:05:00,1.13485,1.13511,1.13482,1.13507,1.13498,1.1352,1.13492,1.13516,,,,,96
2025-04-11 13:06:00,1.13508,1.13548,1.13508,1.13541,1.13517,1.13564,1.13517,1.13558,,,,,151
2025-04-11 13:07:00,1.13542,1.13549,1.13509,1.13527,1.13557,1.13558,1.13518,1.13536,,,,,122
2025-04-11 13:08:00,1.13526,1.13594,1.13526,1.13591,1.13535,1.13603,1.13535,1.136,,,,,86
2025-04-11 13:09:00,1.13586,1.13598,1.13576,1.13583,1.13597,1.13607,1.13585,1.13589,,,,,74
2025-04-11 13:10:00,1.13582,1.13602,1.13554,1.13558,1.13588,1.13611,1.1356,1.13564,,,,,121
2025-04-11 13:11:00,1.13564,1.13585,1.13553,1.13571,1.1357,1.13591,1.13559,1.1358,,,,,118
2025-04-11 13:12:00,1.1357,1.13595,1.13546,1.1355,1.13579,1.13601,1.13555,1.13562,,,,,94
2025-04-11 13:13:00,1.13549,1.13573,1.13441,1.13441,1.13566,1.13587,1.13454,1.13454,,,,,164
2025-04-11 13:14:00,1.13442,1.13496,1.13435,1.1345,1.13451,1.13505,1.13447,1.13459,,,,,138
2025-04-11 13:15:00,1.13447,1.13477,1.13447,1.13449,1.13456,1.13489,1.13456,1.13458,,,,,93
2025-04-11 13:16:00,1.13444,1.13444,1.13356,1.13364,1.1345,1.1345,1.13372,1.13378,,,,,108
2025-04-11 13:17:00,1.13368,1.13368,1.13313,1.13315,1.1338,1.13382,1.13322,1.13324,,,,,112
2025-04-11 13:18:00,1.13316,1.13332,1.13227,1.13332,1.13325,1.13346,1.13245,1.13341,,,,,182
2025-04-11 13:19:00,1.13331,1.13394,1.13331,1.13392,1.1334,1.13401,1.1334,1.13398,,,,,130
2025-04-11 13:20:00,1.13394,1.13478,1.13389,1.13478,1.134,1.13487,1.13399,1.13487,,,,,105
2025-04-11 13:21:00,1.13469,1.13531,1.13468,1.1353,1.13478,1.1354,1.13477,1.13539,,,,,111
2025-04-11 13:22:00,1.13533,1.13603,1.13528,1.136,1.13542,1.13612,1.13537,1.13609,,,,,128
2025-04-11 13:23:00,1.13599,1.13638,1.13582,1.13634,1.13608,1.13654,1.13592,1.13648,,,,,120
2025-04-11 13:24:00,1.13635,1.13653,1.13561,1.13653,1.13649,1.13662,1.1357,1.13662,,,,,135
2025-04-11 13:25:00,1.13651,1.137,1.13636,1.13693,1.1366,1.13715,1.13646,1.13715,,,,,146
2025-04-11 13:26:00,1.13689,1.13689,1.13607,1.13612,1.13711,1.13711,1.13615,1.13621,,,,,119
2025-04-11 13:27:00,1.13611,1.1371,1.13603,1.13683,1.1362,1.13719,1.13612,1.13692,,,,,136
2025-04-11 13:28:00,1.13682,1.13682,1.1359,1.1359,1.13691,1.13691,1.13599,1.13599,,,,,135
2025-04-11 13:29:00,1.13595,1.13629,1.13581,1.13615,1.13604,1.13638,1.13589,1.13624,,,,,121
2025-04-11 13:30:00,1.13613,1.1362,1.13545,1.13563,1.13627,1.13629,1.13552,1.13572,,,,,138
2025-04-11 13:31:00,1.13565,1.1359,1.13559,1.13566,1.13574,1.13599,1.13568,1.13577,,,,,109
2025-04-11 13:32:00,1.13571,1.13591,1.1357,1.13579,1.13575,1.136,1.13575,1.13595,,,,,81
2025-04-11 13:33:00,1.1358,1.1361,1.13574,1.13589,1.13598,1.13622,1.13588,1.13602,,,,,138
2025-04-11 13:34:00,1.13591,1.13652,1.13576,1.13615,1.13603,1.13661,1.13588,1.13624,,,,,115
2025-04-11 13:35:00,1.13616,1.13634,1.13591,1.13596,1.13625,1.13643,1.13602,1.13602,,,,,77
2025-04-11 13:36:00,1.1359,1.1359,1.13528,1.13549,1.13596,1.13596,1.13536,1.13555,,,,,106
2025-04-11 13:37:00,1.13556,1.13561,1.13516,1.13517,1.13562,1.13567,1.13526,1.13526,,,,,116
2025-04-11 13:38:00,1.13519,1.13578,1.13519,1.13536,1.13528,1.13587,1.13528,1.13545,,,,,116
2025-04-11 13:39:00,1.13537,1.13572,1.1344,1.1344,1.13546,1.13582,1.13449,1.13449,,,,,180
2025-04-11 13:40:00,1.13456,1.13501,1.13431,1.13501,1.13465,1.13516,1.13451,1.13516,,,,,150
2025-04-11 13:41:00,1.13497,1.13502,1.13399,1.13413,1.13512,1.1352,1.13419,1.13425,,,,,127
2025-04-11 13:42:00,1.13419,1.13446,1.13407,1.13435,1.13428,1.13456,1.13416,1.13455,,,,,108
2025-04-11 13:43:00,1.13434,1.13459,1.13378,1.13391,1.13453,1.13477,1.13392,1.13407,,,,,138
2025-04-11 13:44:00,1.13398,1.13398,1.13343,1.13363,1.13413,1.13415,1.13359,1.1338,,,,,160
2025-04-11 13:45:00,1.13358,1.13361,1.13284,1.13319,1.13375,1.13376,1.13293,1.13337,,,,,144
2025-04-11 13:46:00,1.13322,1.13406,1.13322,1.13406,1.13341,1.13416,1.13341,1.13415,,,,,120
2025-04-11 13:47:00,1.13407,1.13416,1.13378,1.13383,1.13416,1.13426,1.13387,1.13392,,,,,101
2025-04-11 13:48:00,1.13387,1.13399,1.13356,1.13358,1.13396,1.13405,1.13362,1.13364,,,,,78
2025-04-11 13:49:00,1.13362,1.13451,1.13353,1.13406,1.13368,1.13464,1.13361,1.13415,,,,,139
2025-04-11 13:50:00,1.13407,1.13445,1.13404,1.13443,1.13416,1.13454,1.13413,1.13452,,,,,150
2025-04-11 13:51:00,1.13445,1.13459,1.13424,1.13453,1.13454,1.13468,1.13435,1.13462,,,,,119
2025-04-11 13:52:00,1.13452,1.13512,1.13446,1.13495,1.13461,1.13521,1.13455,1.13507,,,,,95
2025-04-11 13:53:00,1.13496,1.13521,1.13479,1.13489,1.1351,1.1353,1.13488,1.13498,,,,,132
2025-04-11 13:54:00,1.13491,1.13523,1.1345,1.13516,1.135,1.13532,1.13459,1.13525,,,,,144
2025-04-11 13:55:00,1.13514,1.13514,1.13393,1.13439,1.13523,1.13523,1.13402,1.13448,,,,,175
2025-04-11 13:56:00,1.1344,1.13441,1.1334,1.13341,1.13449,1.1345,1.13355,1.13355,,,,,200
2025-04-11 13:57:00,1.13345,1.13351,1.13286,1.13298,1.1336,1.13361,1.13295,1.13307,,,,,211
2025-04-11 13:58:00,1.133,1.13357,1.13291,1.13321,1.13309,1.13379,1.133,1.1333,,,,,200
2025-04-11 13:59:00,1.13306,1.13306,1.13234,1.13288,1.13315,1.13315,1.13247,1.13297,,,,,256
2025-04-11 14:00:00,1.1327,1.1336,1.13242,1.13333,1.13279,1.13372,1.13251,1.13342,,,,,259
2025-04-11 14:01:00,1.13336,1.1336,1.13312,1.13324,1.13345,1.13369,1.13321,1.13333,,,,,192
2025-04-11 14:02:00,1.13327,1.1343,1.13316,1.13394,1.13336,1.13439,1.13325,1.134,,,,,217
2025-04-11 14:03:00,1.13396,1.1342,1.13361,1.13387,1.13402,1.13429,1.1337,1.13396,,,,,142
2025-04-11 14:04:00,1.13385,1.13429,1.13374,1.1341,1.13394,1.13438,1.13391,1.13419,,,,,170
2025-04-11 14:05:00,1.13408,1.13463,1.13386,1.13463,1.13417,1.13475,1.13395,1.13475,,,,,150
2025-04-11 14:06:00,1.13462,1.13498,1.13431,1.13454,1.13474,1.13507,1.1344,1.13463,,,,,167
2025-04-11 14:07:00,1.13452,1.13493,1.13447,1.13455,1.13461,1.135,1.13456,1.13464,,,,,130
2025-04-11 14:08:00,1.13454,1.13516,1.13449,1.13499,1.13463,1.1354,1.1346,1.13508,,,,,147
2025-04-11 14:09:00,1.13502,1.13523,1.13447,1.13447,1.13511,1.13539,1.13456,1.13456,,,,,171
2025-04-11 14:10:00,1.13452,1.13462,1.13416,1.13434,1.13461,1.13471,1.13425,1.13443,,,,,138
2025-04-11 14:11:00,1.13436,1.13479,1.13424,1.13471,1.13445,1.13488,1.13444,1.1348,,,,,141
2025-04-11 14:12:00,1.13473,1.13586,1.13465,1.13558,1.13482,1.13603,1.13474,1.13567,,,,,178
2025-04-11 14:13:00,1.13572,1.1358,1.13485,1.13502,1.13581,1.13589,1.13491,1.13511,,,,,184
2025-04-11 14:14:00,1.13501,1.13512,1.1347,1.13511,1.1351,1.13529,1.13479,1.13524,,,,,156
2025-04-11 14:15:00,1.13504,1.13628,1.13502,1.13598,1.13513,1.13639,1.13511,1.13611,,,,,211
2025-04-11 14:16:00,1.13599,1.13659,1.13585,1.13659,1.13613,1.13668,1.13594,1.13668,,,,,158
2025-04-11 14:17:00,1.13658,1.13682,1.13624,1.13674,1.13667,1.13691,1.13635,1.13683,,,,,157
2025-04-11 14:18:00,1.13678,1.13704,1.13606,1.1364,1.13687,1.13713,1.13617,1.13649,,,,,184
2025-04-11 14:19:00,1.13628,1.1363,1.13576,1.13595,1.13637,1.13639,1.13585,1.13604,,,,,133
2025-04-11 14:20:00,1.13594,1.13596,1.1351,1.13534,1.13603,1.13603,1.13516,1.13543,,,,,149
2025-04-11 14:21:00,1.13535,1.13535,1.13457,1.13457,1.13544,1.13544,1.13466,1.13466,,,,,158
2025-04-11 14:22:00,1.1345,1.13494,1.13409,1.13494,1.13459,1.135,1.13421,1.135,,,,,202
2025-04-11 14:23:00,1.13493,1.13502,1.13446,1.13495,1.13499,1.13511,1.13455,1.13504,,,,,168
2025-04-11 14:24:00,1.13499,1.135,1.13431,1.13438,1.13508,1.13509,1.1344,1.13447,,,,,154
2025-04-11 14:25:00,1.13436,1.13485,1.13434,1.13483,1.13445,1.13494,1.13443,1.13489,,,,,138
2025-04-11 14:26:00,1.13484,1.13531,1.13482,1.13519,1.1349,1.13542,1.13489,1.1353,,,,,134
2025-04-11 14:27:00,1.1352,1.13559,1.13517,1.13537,1.13528,1.13568,1.13526,1.13546,,,,,105
2025-04-11 14:28:00,1.13538,1.13557,1.13477,1.13504,1.13547,1.13566,1.13486,1.13513,,,,,133
2025-04-11 14:29:00,1.13503,1.13532,1.13446,1.13446,1.13512,1.1359,1.13478,1.13506,,,,,292
2025-04-11 14:30:00,1.13449,1.13626,1.13426,1.13579,1.13509,1.13674,1.13477,1.13588,,,,,305
2025-04-11 14:31:00,1.13587,1.13615,1.1351,1.13613,1.13596,1.13632,1.13524,1.13625,,,,,267
2025-04-11 14:32:00,1.13617,1.13642,1.13543,1.13562,1.13629,1.13656,1.1355,1.13576,,,,,218
2025-04-11 14:33:00,1.13561,1.13641,1.13561,1.13629,1.13577,1.13652,1.13572,1.13638,,,,,225
2025-04-11 14:34:00,1.1363,1.13653,1.13549,1.13549,1.13639,1.13662,1.13558,1.13558,,,,,242
2025-04-11 14:35:00,1.13543,1.1357,1.1344,1.13459,1.13552,1.13579,1.13452,1.13468,,,,,264
2025-04-11 14:36:00,1.13455,1.13498,1.13386,1.13418,1.13464,1.13508,1.13397,1.13427,,,,,224
2025-04-11 14:37:00,1.1342,1.13443,1.13402,1.13431,1.13429,1.13454,1.13417,1.13443,,,,,159
2025-04-11 14:38:00,1.13432,1.13535,1.13427,1.13534,1.13437,1.13544,1.13437,1.13543,,,,,144
2025-04-11 14:39:00,1.13532,1.13538,1.135,1.13524,1.13541,1.13547,1.13509,1.13533,,,,,137
2025-04-11 14:40:00,1.13527,1.13571,1.13497,1.13545,1.13536,1.1358,1.13509,1.13554,,,,,207
2025-04-11 14:41:00,1.13544,1.13544,1.13485,1.13503,1.13553,1.13553,1.13494,1.13512,,,,,161
2025-04-11 14:42:00,1.13501,1.13524,1.13452,1.13457,1.1351,1.13533,1.13469,1.13472,,,,,155
2025-04-11 14:43:00,1.13463,1.13509,1.1346,1.13506,1.13478,1.13519,1.13473,1.13515,,,,,144
2025-04-11 14:44:00,1.13514,1.13577,1.13506,1.13559,1.13523,1.13586,1.13515,1.13568,,,,,128
2025-04-11 14:45:00,1.13558,1.13588,1.13486,1.13505,1.13567,1.13597,1.13495,1.13514,,,,,158
2025-04-11 14:46:00,1.13509,1.13667,1.13488,1.13667,1.13518,1.13673,1.13494,1.13673,,,,,153
2025-04-11 14:47:00,1.13665,1.13707,1.13662,1.13682,1.13671,1.13723,1.13669,1.13691,,,,,169
2025-04-11 14:48:00,1.13684,1.13722,1.13652,1.1372,1.1369,1.13728,1.13661,1.13726,,,,,177
2025-04-11 14:49:00,1.13718,1.13754,1.1371,1.13743,1.13724,1.13763,1.13716,1.13752,,,,,163
2025-04-11 14:50:00,1.13744,1.13883,1.13728,1.13847,1.13753,1.13892,1.13737,1.13856,,,,,257
2025-04-11 14:51:00,1.13848,1.1389,1.13827,1.13879,1.13857,1.13903,1.13836,1.13894,,,,,197
2025-04-11 14:52:00,1.13878,1.13933,1.13872,1.1388,1.13893,1.13942,1.13886,1.13889,,,,,187
2025-04-11 14:53:00,1.13879,1.13909,1.13867,1.13892,1.13888,1.13918,1.13876,1.13901,,,,,184
2025-04-11 14:54:00,1.13888,1.13938,1.13867,1.13936,1.13897,1.13951,1.13876,1.13948,,,,,244
2025-04-11 14:55:00,1.13929,1.13944,1.13889,1.13906,1.13944,1.13958,1.13898,1.13912,,,,,203
2025-04-11 14:56:00,1.13912,1.13966,1.13892,1.13903,1.13918,1.13981,1.13901,1.13912,,,,,196
2025-04-11 14:57:00,1.13904,1.13985,1.13876,1.13972,1.13913,1.13995,1.13887,1.13981,,,,,237
2025-04-11 14:58:00,1.13974,1.13983,1.13942,1.13978,1.13983,1.13989,1.13948,1.13984,,,,,195
2025-04-11 14:59:00,1.13976,1.13984,1.13937,1.1395,1.13982,1.1399,1.13944,1.13959,,,,,176
2025-04-11 15:00:00,1.13952,1.13987,1.13946,1.13954,1.13958,1.13995,1.13955,1.1396,,,,,178
2025-04-11 15:01:00,1.13956,1.14012,1.13948,1.14,1.13962,1.14026,1.1396,1.14009,,,,,218
2025-04-11 15:02:00,1.14002,1.14038,1.13982,1.14011,1.14011,1.14054,1.13993,1.1402,,,,,185
2025-04-11 15:03:00,1.14005,1.14015,1.13848,1.13851,1.14014,1.14024,1.13859,1.13862,,,,,229
2025-04-11 15:04:00,1.13859,1.13902,1.13838,1.13879,1.13868,1.13911,1.13847,1.13893,,,,,182
2025-04-11 15:05:00,1.13885,1.13905,1.13863,1.13891,1.13894,1.13911,1.13872,1.139,,,,,169
2025-04-11 15:06:00,1.13887,1.13938,1.13878,1.13927,1.13896,1.13958,1.13884,1.13936,,,,,184
2025-04-11 15:07:00,1.13928,1.13973,1.1389,1.13892,1.13937,1.13982,1.13902,1.13906,,,,,195
2025-04-11 15:08:00,1.13895,1.13947,1.13838,1.13939,1.13902,1.13958,1.13849,1.13948,,,,,192
2025-04-11 15:09:00,1.13938,1.14064,1.13938,1.14051,1.13947,1.14073,1.13947,1.1406,,,,,227
2025-04-11 15:10:00,1.1405,1.14057,1.14007,1.14029,1.14059,1.14066,1.14033,1.14049,,,,,217
2025-04-11 15:11:00,1.14025,1.14116,1.14021,1.14094,1.14048,1.14126,1.14034,1.141,,,,,247
2025-04-11 15:12:00,1.14095,1.14105,1.14039,1.14092,1.14101,1.14114,1.14048,1.14101,,,,,204
2025-04-11 15:13:00,1.14085,1.1409,1.13986,1.13989,1.14094,1.14099,1.14007,1.14008,,,,,248
2025-04-11 15:14:00,1.13987,1.14075,1.13987,1.14001,1.14006,1.14084,1.14006,1.14027,,,,,192
2025-04-11 15:15:00,1.14005,1.14037,1.13997,1.14037,1.1403,1.14046,1.14011,1.14046,,,,,177
2025-04-11 15:16:00,1.14034,1.14095,1.14008,1.1409,1.14043,1.14115,1.14019,1.14103,,,,,191
2025-04-11 15:17:00,1.14086,1.1411,1.14056,1.14057,1.14098,1.14119,1.14064,1.14066,,,,,158
2025-04-11 15:18:00,1.14064,1.14108,1.14042,1.14106,1.14073,1.14117,1.14051,1.14115,,,,,152
2025-04-11 15:19:00,1.14105,1.14115,1.14074,1.14096,1.14114,1.14123,1.14083,1.14102,,,,,124
2025-04-11 15:20:00,1.14099,1.14117,1.14093,1.14096,1.14105,1.14128,1.14099,1.14105,,,,,167
2025-04-11 15:21:00,1.14092,1.14119,1.14086,1.14087,1.14101,1.14129,1.14095,1.14096,,,,,144
2025-04-11 15:22:00,1.14086,1.14089,1.13993,1.14006,1.14095,1.14095,1.14002,1.14021,,,,,181
2025-04-11 15:23:00,1.14005,1.14005,1.13942,1.13978,1.14019,1.14021,1.13951,1.13987,,,,,168
2025-04-11 15:24:00,1.1397,1.13975,1.139,1.13937,1.13995,1.13996,1.13911,1.13946,,,,,191
2025-04-11 15:25:00,1.13931,1.13959,1.13898,1.13898,1.13949,1.13968,1.13913,1.13913,,,,,157
2025-04-11 15:26:00,1.13897,1.13941,1.13897,1.1392,1.13911,1.13952,1.13911,1.13929,,,,,167
2025-04-11 15:27:00,1.13919,1.13941,1.1391,1.13935,1.1393,1.13953,1.13919,1.13944,,,,,172
2025-04-11 15:28:00,1.13936,1.13976,1.13931,1.13957,1.13945,1.13994,1.13941,1.13966,,,,,140
2025-04-11 15:29:00,1.13958,1.13994,1.13951,1.13983,1.13967,1.14002,1.1396,1.13989,,,,,145
2025-04-11 15:30:00,1.13982,1.13993,1.13931,1.13952,1.13988,1.14002,1.13943,1.1397,,,,,227
2025-04-11 15:31:00,1.13945,1.13995,1.13942,1.13977,1.13962,1.14001,1.13951,1.13986,,,,,179
2025-04-11 15:32:00,1.13978,1.14049,1.13977,1.14049,1.13987,1.14056,1.13983,1.14055,,,,,201
2025-04-11 15:33:00,1.14051,1.14061,1.14014,1.14021,1.14058,1.14067,1.14023,1.14027,,,,,180
2025-04-11 15:34:00,1.14022,1.1403,1.13961,1.13978,1.14028,1.14036,1.13969,1.13987,,,,,211
2025-04-11 15:35:00,1.13979,1.13979,1.13843,1.13843,1.13985,1.13985,1.13865,1.13865,,,,,281
2025-04-11 15:36:00,1.13848,1.13891,1.13848,1.13851,1.13862,1.13909,1.13858,1.1386,,,,,209
2025-04-11 15:37:00,1.1385,1.13882,1.13843,1.13882,1.13859,1.13888,1.13852,1.13888,,,,,182
2025-04-11 15:38:00,1.13878,1.13897,1.13553,1.13613,1.13884,1.13903,1.13575,1.13628,,,,,328
2025-04-11 15:39:00,1.13616,1.13638,1.1324,1.13434,1.13627,1.13653,1.13266,1.1346,,,,,459
2025-04-11 15:40:00,1.13433,1.1371,1.13429,1.13656,1.13462,1.13726,1.13456,1.13668,,,,,422
2025-04-11 15:41:00,1.13654,1.13731,1.13593,1.13727,1.13663,1.13745,1.13613,1.13736,,,,,315
2025-04-11 15:42:00,1.13723,1.13801,1.13673,1.13691,1.13732,1.1381,1.13682,1.137,,,,,308
2025-04-11 15:43:00,1.13695,1.13801,1.1364,1.13767,1.13704,1.1381,1.13649,1.13776,,,,,304
2025-04-11 15:44:00,1.13768,1.13813,1.13726,1.1381,1.13777,1.13822,1.13735,1.13819,,,,,245
2025-04-11 15:45:00,1.13811,1.13834,1.13769,1.13784,1.1382,1.13847,1.13775,1.1379,,,,,260
2025-04-11 15:46:00,1.13783,1.13783,1.13571,1.13579,1.13789,1.13789,1.1358,1.13596,,,,,302
2025-04-11 15:47:00,1.13577,1.13577,1.13339,1.13366,1.13595,1.13595,1.13374,1.13392,,,,,330
2025-04-11 15:48:00,1.13368,1.13445,1.13333,1.13366,1.13394,1.13465,1.13347,1.13379,,,,,377
2025-04-11 15:49:00,1.13368,1.13423,1.13237,1.13332,1.13382,1.13438,1.13255,1.13363,,,,,373
2025-04-11 15:50:00,1.13328,1.13454,1.1332,1.13452,1.13361,1.13472,1.13351,1.13472,,,,,328
2025-04-11 15:51:00,1.13453,1.13476,1.13388,1.13476,1.13473,1.13485,1.13398,1.13485,,,,,307
2025-04-11 15:52:00,1.1348,1.13498,1.13373,1.13414,1.13489,1.13507,1.13382,1.13432,,,,,277
2025-04-11 15:53:00,1.13415,1.13423,1.13371,1.13379,1.13431,1.13436,1.13382,1.13388,,,,,272
2025-04-11 15:54:00,1.1338,1.13416,1.13294,1.13299,1.13389,1.13425,1.1332,1.13323,,,,,294
2025-04-11 15:55:00,1.13294,1.13352,1.13279,1.13305,1.13318,1.13368,1.13288,1.13314,,,,,319
2025-04-11 15:56:00,1.13302,1.13364,1.13285,1.13362,1.13311,1.13376,1.13294,1.13371,,,,,201
2025-04-11 15:57:00,1.13357,1.13441,1.1335,1.13428,1.13366,1.13453,1.13358,1.13437,,,,,241
2025-04-11 15:58:00,1.13429,1.13526,1.13413,1.13503,1.13438,1.13541,1.13428,1.13509,,,,,271
2025-04-11 15:59:00,1.13501,1.13623,1.13501,1.13582,1.1351,1.1365,1.1351,1.13642,,,,,356
2025-04-11 16:00:00,1.13586,1.13654,1.13493,1.13554,1.13646,1.13714,1.13502,1.1356,,,,,396
2025-04-11 16:01:00,1.13555,1.13593,1.13503,1.13528,1.13564,1.13602,1.13512,1.13539,,,,,323
2025-04-11 16:02:00,1.13531,1.13632,1.13501,1.13605,1.1354,1.13643,1.1351,1.13625,,,,,291
2025-04-11 16:03:00,1.13607,1.13664,1.13509,1.13664,1.13626,1.13673,1.13518,1.13673,,,,,316
2025-04-11 16:04:00,1.13663,1.13705,1.13595,1.13689,1.13672,1.13715,1.13604,1.13698,,,,,315
2025-04-11 16:05:00,1.13688,1.13697,1.13615,1.13685,1.13697,1.13706,1.13624,1.13703,,,,,252
2025-04-11 16:06:00,1.13688,1.13736,1.1367,1.13729,1.13706,1.13745,1.1368,1.13738,,,,,264
2025-04-11 16:07:00,1.13735,1.13772,1.13707,1.13707,1.13744,1.13787,1.13716,1.13727,,,,,297
2025-04-11 16:08:00,1.13708,1.13744,1.13628,1.13716,1.13723,1.13753,1.13644,1.13725,,,,,294
2025-04-11 16:09:00,1.13721,1.13727,1.13683,1.13704,1.1373,1.13736,1.13692,1.13713,,,,,254
2025-04-11 16:10:00,1.13711,1.1373,1.13632,1.13658,1.1372,1.13739,1.13641,1.13668,,,,,273
2025-04-11 16:11:00,1.13659,1.1374,1.13644,1.13738,1.13671,1.13749,1.13653,1.13747,,,,,231
2025-04-11 16:12:00,1.13741,1.13806,1.13723,1.13782,1.1375,1.13819,1.13732,1.13791,,,,,267
2025-04-11 16:13:00,1.13783,1.13805,1.13744,1.13773,1.13792,1.13816,1.13751,1.13782,,,,,232
2025-04-11 16:14:00,1.13779,1.13804,1.13759,1.13776,1.13785,1.1381,1.13765,1.13782,,,,,227
2025-04-11 16:15:00,1.13777,1.13799,1.13743,1.13781,1.13783,1.13808,1.13752,1.1379,,,,,269
2025-04-11 16:16:00,1.13776,1.13818,1.13764,1.13788,1.13785,1.13827,1.13773,1.13794,,,,,203
2025-04-11 16:17:00,1.13781,1.13808,1.13757,1.13804,1.13787,1.13816,1.13763,1.1381,,,,,255
2025-04-11 16:18:00,1.13803,1.13813,1.13791,1.13812,1.13809,1.13826,1.13798,1.13818,,,,,187
2025-04-11 16:19:00,1.13813,1.13813,1.13709,1.13744,1.13819,1.13821,1.13731,1.13758,,,,,244
2025-04-11 16:20:00,1.13742,1.13784,1.13731,1.13749,1.13755,1.13795,1.13744,1.13758,,,,,288
2025-04-11 16:21:00,1.13742,1.13808,1.13739,1.13747,1.13751,1.13819,1.13751,1.13756,,,,,307
2025-04-11 16:22:00,1.13746,1.13755,1.13658,1.13679,1.13755,1.13764,1.1367,1.13691,,,,,266
2025-04-11 16:23:00,1.13682,1.13744,1.13677,1.13744,1.13695,1.13753,1.13687,1.13753,,,,,235
2025-04-11 16:24:00,1.13745,1.13759,1.13703,1.13729,1.13754,1.13768,1.13712,1.13738,,,,,222
2025-04-11 16:25:00,1.13732,1.13802,1.13731,1.13798,1.13741,1.13811,1.1374,1.13807,,,,,200
2025-04-11 16:26:00,1.13796,1.13808,1.13764,1.13791,1.13805,1.13817,1.13773,1.138,,,,,222
2025-04-11 16:27:00,1.1379,1.13798,1.13755,1.13765,1.13799,1.13807,1.13764,1.13774,,,,,206
2025-04-11 16:28:00,1.13764,1.13781,1.13701,1.13769,1.13773,1.1379,1.13713,1.1378,,,,,257
2025-04-11 16:29:00,1.13767,1.13781,1.1371,1.13719,1.13778,1.1379,1.13719,1.13728,,,,,239
2025-04-11 16:30:00,1.1372,1.13751,1.1369,1.13718,1.13729,1.1376,1.13699,1.13727,,,,,220
2025-04-11 16:31:00,1.13727,1.13735,1.13603,1.13603,1.13736,1.13744,1.13616,1.13616,,,,,220
2025-04-11 16:32:00,1.13604,1.13613,1.13523,1.1359,1.13615,1.13624,1.13534,1.13602,,,,,245
2025-04-11 16:33:00,1.13589,1.13594,1.13448,1.13473,1.136,1.13603,1.13465,1.13491,,,,,264
2025-04-11 16:34:00,1.13469,1.13499,1.13435,1.13455,1.13487,1.13518,1.13456,1.13469,,,,,205
2025-04-11 16:35:00,1.13457,1.13469,1.13425,1.13434,1.13471,1.13482,1.13435,1.13445,,,,,193
2025-04-11 16:36:00,1.13436,1.13492,1.13423,1.13467,1.13447,1.13501,1.13432,1.1348,,,,,167
2025-04-11 16:37:00,1.13473,1.13557,1.13465,1.13548,1.13479,1.13567,1.13477,1.13559,,,,,163
2025-04-11 16:38:00,1.13552,1.13554,1.13481,1.13509,1.13563,1.13563,1.13491,1.13518,,,,,163
2025-04-11 16:39:00,1.1351,1.13591,1.13505,1.13547,1.13519,1.13608,1.13514,1.13556,,,,,197
2025-04-11 16:40:00,1.13545,1.13657,1.13545,1.13657,1.13554,1.1367,1.13554,1.1367,,,,,155
2025-04-11 16:41:00,1.1366,1.13684,1.13644,1.13659,1.13673,1.13693,1.13653,1.13668,,,,,187
2025-04-11 16:42:00,1.13658,1.13658,1.13548,1.13592,1.13667,1.13667,1.13569,1.13603,,,,,222
2025-04-11 16:43:00,1.13591,1.13605,1.13477,1.1348,1.13604,1.13614,1.13486,1.13492,,,,,198
2025-04-11 16:44:00,1.13479,1.13531,1.13477,1.13516,1.13497,1.1354,1.13487,1.13525,,,,,202
2025-04-11 16:45:00,1.13521,1.13572,1.13521,1.1356,1.1353,1.13581,1.1353,1.13569,,,,,156
2025-04-11 16:46:00,1.13561,1.1357,1.1349,1.13509,1.1357,1.13579,1.13499,1.13518,,,,,179
2025-04-11 16:47:00,1.13508,1.13545,1.13496,1.13538,1.13517,1.13554,1.13507,1.1355,,,,,185
2025-04-11 16:48:00,1.13539,1.13546,1.13435,1.13437,1.13551,1.13556,1.13444,1.13446,,,,,217
2025-04-11 16:49:00,1.13435,1.13443,1.13404,1.13418,1.13444,1.13455,1.13415,1.13431,,,,,172
2025-04-11 16:50:00,1.13419,1.13438,1.13365,1.1339,1.13432,1.13447,1.13378,1.13399,,,,,237
2025-04-11 16:51:00,1.13391,1.13407,1.13365,1.13401,1.13402,1.13418,1.13374,1.1341,,,,,220
2025-04-11 16:52:00,1.13399,1.13401,1.13286,1.133,1.13408,1.13413,1.13302,1.13309,,,,,259
2025-04-11 16:53:00,1.13298,1.13312,1.13269,1.13298,1.13307,1.13339,1.13278,1.1331,,,,,305
2025-04-11 16:54:00,1.13302,1.13402,1.13284,1.13392,1.13311,1.13411,1.13293,1.13401,,,,,308
2025-04-11 16:55:00,1.13399,1.13428,1.13341,1.13393,1.13408,1.1344,1.13354,1.13402,,,,,267
2025-04-11 16:56:00,1.13396,1.13437,1.13379,1.13413,1.13407,1.13465,1.1339,1.13422,,,,,293
2025-04-11 16:57:00,1.1341,1.13452,1.13361,1.13364,1.13419,1.13461,1.1337,1.13373,,,,,314
2025-04-11 16:58:00,1.13363,1.134,1.13316,1.13398,1.13372,1.13409,1.13325,1.13407,,,,,262
2025-04-11 16:59:00,1.13402,1.13425,1.13347,1.134,1.13411,1.13434,1.13356,1.13409,,,,,249
2025-04-11 17:00:00,1.13398,1.13445,1.13378,1.13409,1.13407,1.13454,1.13387,1.13418,,,,,356
2025-04-11 17:01:00,1.13406,1.13421,1.13315,1.1335,1.13415,1.1343,1.13324,1.13359,,,,,347
2025-04-11 17:02:00,1.13351,1.13427,1.13322,1.13426,1.13363,1.13436,1.13331,1.13435,,,,,303
2025-04-11 17:03:00,1.13421,1.13433,1.13378,1.13391,1.1343,1.13442,1.13388,1.134,,,,,221
2025-04-11 17:04:00,1.13392,1.13409,1.13312,1.13347,1.13401,1.13418,1.13321,1.13356,,,,,239
2025-04-11 17:05:00,1.13348,1.13368,1.13253,1.13255,1.13357,1.13377,1.13265,1.13267,,,,,234
2025-04-11 17:06:00,1.13262,1.13314,1.13251,1.13311,1.13271,1.13326,1.13264,1.13325,,,,,249
2025-04-11 17:07:00,1.13312,1.13365,1.13308,1.13346,1.13326,1.13377,1.1332,1.13355,,,,,217
2025-04-11 17:08:00,1.13347,1.13347,1.13279,1.13302,1.13356,1.13359,1.13291,1.13314,,,,,198
2025-04-11 17:09:00,1.13301,1.13329,1.13255,1.13269,1.13313,1.13341,1.13266,1.1328,,,,,188
2025-04-11 17:10:00,1.13272,1.133,1.13251,1.13282,1.13285,1.1331,1.13263,1.13291,,,,,205
2025-04-11 17:11:00,1.13278,1.13326,1.13251,1.13323,1.13289,1.13337,1.13262,1.13335,,,,,213
2025-04-11 17:12:00,1.13315,1.13329,1.13278,1.13307,1.13326,1.1334,1.13288,1.13318,,,,,175
2025-04-11 17:13:00,1.13311,1.13334,1.13286,1.13296,1.13319,1.13346,1.13297,1.13307,,,,,165
2025-04-11 17:14:00,1.13288,1.13327,1.13265,1.13272,1.13308,1.13336,1.13276,1.13283,,,,,185
2025-04-11 17:15:00,1.13273,1.13293,1.13246,1.13261,1.13284,1.13305,1.13255,1.13272,,,,,170
2025-04-11 17:16:00,1.13259,1.13262,1.13114,1.13175,1.1327,1.13276,1.13141,1.13188,,,,,208
2025-04-11 17:17:00,1.13176,1.13201,1.1316,1.13179,1.13189,1.13215,1.13172,1.13191,,,,,170
2025-04-11 17:18:00,1.13181,1.13272,1.13159,1.13267,1.13192,1.13284,1.13172,1.13283,,,,,219
2025-04-11 17:19:00,1.13266,1.13278,1.13239,1.13245,1.13281,1.13289,1.13251,1.13256,,,,,175
2025-04-11 17:20:00,1.13251,1.13292,1.13251,1.13283,1.13262,1.1331,1.13262,1.13308,,,,,219
2025-04-11 17:21:00,1.13286,1.1331,1.13269,1.1331,1.13311,1.13319,1.1328,1.13319,,,,,188
2025-04-11 17:22:00,1.13309,1.13315,1.13272,1.13306,1.13318,1.13327,1.13283,1.13317,,,,,144
2025-04-11 17:23:00,1.13307,1.13318,1.1327,1.13275,1.13318,1.13328,1.13279,1.13284,,,,,139
2025-04-11 17:24:00,1.13279,1.13297,1.13234,1.13234,1.13288,1.13306,1.13247,1.13248,,,,,146
2025-04-11 17:25:00,1.13237,1.1324,1.13152,1.13188,1.13251,1.13251,1.13161,1.13197,,,,,181
2025-04-11 17:26:00,1.13189,1.1323,1.13179,1.13212,1.13198,1.13241,1.13188,1.13223,,,,,131
2025-04-11 17:27:00,1.13214,1.13337,1.13208,1.13336,1.13225,1.13349,1.13217,1.13345,,,,,162
2025-04-11 17:28:00,1.13334,1.13374,1.13307,1.1331,1.13343,1.13387,1.13317,1.13319,,,,,130
2025-04-11 17:29:00,1.13309,1.1334,1.13296,1.13299,1.13318,1.13349,1.13308,1.13311,,,,,83
2025-04-11 17:30:00,1.13302,1.13378,1.13282,1.13378,1.13314,1.13387,1.13291,1.13387,,,,,142
2025-04-11 17:31:00,1.13372,1.134,1.13343,1.13398,1.13383,1.13412,1.13352,1.13407,,,,,114
2025-04-11 17:32:00,1.13399,1.13411,1.1338,1.13395,1.13408,1.1342,1.13389,1.13404,,,,,102
2025-04-11 17:33:00,1.13393,1.13401,1.13365,1.13398,1.13405,1.1341,1.13374,1.13407,,,,,144
2025-04-11 17:34:00,1.13395,1.1346,1.13376,1.13457,1.13404,1.1347,1.13385,1.13466,,,,,157
2025-04-11 17:35:00,1.1346,1.13494,1.13446,1.13485,1.13469,1.13506,1.13458,1.13496,,,,,166
2025-04-11 17:36:00,1.13482,1.13482,1.13406,1.13428,1.13494,1.13494,1.13417,1.13441,,,,,163
2025-04-11 17:37:00,1.13427,1.13435,1.13349,1.1335,1.1344,1.13446,1.13384,1.1339,,,,,151
2025-04-11 17:38:00,1.13355,1.13387,1.13349,1.13353,1.13391,1.13411,1.13362,1.13367,,,,,165
2025-04-11 17:39:00,1.13354,1.13357,1.13304,1.13313,1.13368,1.13368,1.13316,1.13324,,,,,122
2025-04-11 17:40:00,1.13312,1.1333,1.13293,1.13309,1.13322,1.13341,1.13302,1.13321,,,,,119
2025-04-11 17:41:00,1.13294,1.1332,1.13287,1.13319,1.13322,1.13332,1.13296,1.13332,,,,,142
2025-04-11 17:42:00,1.1332,1.1332,1.13267,1.13289,1.13331,1.13332,1.13276,1.13301,,,,,120
2025-04-11 17:43:00,1.13294,1.13319,1.13268,1.13317,1.13305,1.1333,1.1328,1.13329,,,,,112
2025-04-11 17:44:00,1.13326,1.1339,1.13305,1.13375,1.13335,1.13399,1.13314,1.13384,,,,,148
2025-04-11 17:45:00,1.13372,1.13382,1.13357,1.13374,1.13383,1.13394,1.13366,1.13385,,,,,162
2025-04-11 17:46:00,1.13375,1.13434,1.13372,1.13434,1.13387,1.13443,1.13384,1.13443,,,,,107
2025-04-11 17:47:00,1.13435,1.13455,1.13424,1.13439,1.13444,1.13464,1.13435,1.1345,,,,,113
2025-04-11 17:48:00,1.1344,1.13444,1.13376,1.13388,1.13448,1.13456,1.13388,1.13401,,,,,112
2025-04-11 17:49:00,1.13389,1.13421,1.13389,1.13403,1.13402,1.1343,1.13402,1.13412,,,,,106
2025-04-11 17:50:00,1.13406,1.13446,1.13401,1.13445,1.13415,1.13455,1.1341,1.13454,,,,,97
2025-04-11 17:51:00,1.13446,1.13487,1.13444,1.13472,1.13455,1.13496,1.13453,1.13484,,,,,112
2025-04-11 17:52:00,1.13474,1.13494,1.1347,1.13471,1.13487,1.13503,1.13479,1.13483,,,,,119
2025-04-11 17:53:00,1.13473,1.13489,1.13453,1.13474,1.13485,1.135,1.13462,1.13486,,,,,129
2025-04-11 17:54:00,1.13473,1.13473,1.13404,1.13416,1.13484,1.13484,1.13416,1.13429,,,,,153
2025-04-11 17:55:00,1.13417,1.1344,1.13387,1.13435,1.1343,1.13451,1.13401,1.13444,,,,,145
2025-04-11 17:56:00,1.13434,1.13461,1.13399,1.13399,1.13445,1.13473,1.1341,1.1341,,,,,118
2025-04-11 17:57:00,1.13396,1.13398,1.13252,1.13272,1.13408,1.13408,1.13261,1.13281,,,,,207
2025-04-11 17:58:00,1.13273,1.13298,1.13255,1.13288,1.13282,1.1331,1.13264,1.13299,,,,,184
2025-04-11 17:59:00,1.13291,1.13302,1.13225,1.13244,1.13303,1.13314,1.13236,1.13253,,,,,179
2025-04-11 18:00:00,1.1324,1.13269,1.1317,1.13177,1.13249,1.13278,1.13181,1.13189,,,,,225
2025-04-11 18:01:00,1.13172,1.13214,1.13155,1.13195,1.13183,1.13223,1.13167,1.13206,,,,,171
2025-04-11 18:02:00,1.13196,1.13224,1.13177,1.13201,1.13208,1.13237,1.13191,1.1321,,,,,175
2025-04-11 18:03:00,1.13203,1.13203,1.13099,1.13123,1.13212,1.13212,1.13116,1.13132,,,,,164
2025-04-11 18:04:00,1.13124,1.13196,1.13102,1.13176,1.13133,1.13206,1.13116,1.13189,,,,,170
2025-04-11 18:05:00,1.13177,1.13239,1.13161,1.13238,1.1319,1.1325,1.1317,1.1325,,,,,178
2025-04-11 18:06:00,1.13237,1.13237,1.13191,1.13213,1.13248,1.13248,1.13201,1.13225,,,,,137
2025-04-11 18:07:00,1.13206,1.13207,1.13134,1.1317,1.13219,1.13219,1.13148,1.13181,,,,,173
2025-04-11 18:08:00,1.13169,1.13184,1.13148,1.1315,1.13183,1.13197,1.13157,1.13161,,,,,138
2025-04-11 18:09:00,1.13148,1.13165,1.1312,1.13126,1.13159,1.13176,1.13133,1.13139,,,,,114
2025-04-11 18:10:00,1.1313,1.13172,1.13125,1.13165,1.13142,1.13184,1.13137,1.13177,,,,,113
2025-04-11 18:11:00,1.13163,1.13222,1.13163,1.13211,1.13185,1.13234,1.13182,1.13226,,,,,160
2025-04-11 18:12:00,1.13205,1.13229,1.13201,1.1322,1.13219,1.13241,1.1321,1.13231,,,,,84
2025-04-11 18:13:00,1.13219,1.13231,1.13173,1.13186,1.13232,1.13241,1.13182,1.13195,,,,,137
2025-04-11 18:14:00,1.13187,1.13194,1.13128,1.13135,1.13196,1.13205,1.1314,1.13146,,,,,123
2025-04-11 18:15:00,1.13134,1.13146,1.13121,1.13135,1.13145,1.13158,1.13132,1.13147,,,,,122
2025-04-11 18:16:00,1.13139,1.13141,1.13113,1.13114,1.1315,1.13153,1.13123,1.13125,,,,,105
2025-04-11 18:17:00,1.13115,1.13132,1.13016,1.13019,1.13126,1.13141,1.13028,1.13031,,,,,129
2025-04-11 18:18:00,1.13021,1.13064,1.12925,1.12945,1.13032,1.13078,1.12953,1.12961,,,,,198
2025-04-11 18:19:00,1.12951,1.12985,1.12926,1.12926,1.12967,1.13002,1.12938,1.12938,,,,,142
2025-04-11 18:20:00,1.12915,1.12936,1.12888,1.12906,1.12928,1.12947,1.129,1.12918,,,,,169
2025-04-11 18:21:00,1.12908,1.12912,1.12821,1.12834,1.1292,1.12923,1.12833,1.12846,,,,,199
2025-04-11 18:22:00,1.12832,1.12867,1.12809,1.12835,1.12844,1.12877,1.12821,1.12844,,,,,151
2025-04-11 18:23:00,1.12833,1.12883,1.12817,1.12862,1.12842,1.12895,1.12827,1.12876,,,,,153
2025-04-11 18:24:00,1.1286,1.1287,1.12819,1.12832,1.12873,1.12884,1.1283,1.12843,,,,,185
2025-04-11 18:25:00,1.12835,1.12841,1.12769,1.1277,1.12844,1.1285,1.12782,1.12784,,,,,156
2025-04-11 18:26:00,1.12772,1.12877,1.1276,1.12822,1.12785,1.12889,1.12772,1.12834,,,,,217
2025-04-11 18:27:00,1.12823,1.12838,1.12793,1.12838,1.12835,1.12849,1.12805,1.12849,,,,,117
2025-04-11 18:28:00,1.1284,1.12869,1.12837,1.12865,1.1285,1.12883,1.12849,1.12877,,,,,169
2025-04-11 18:29:00,1.12864,1.12899,1.12848,1.1289,1.12878,1.12914,1.12862,1.12903,,,,,173
2025-04-11 18:30:00,1.12889,1.12923,1.12885,1.1291,1.12902,1.12936,1.12902,1.12922,,,,,127
2025-04-11 18:31:00,1.12911,1.12942,1.12901,1.1292,1.12923,1.12954,1.1292,1.12933,,,,,121
2025-04-11 18:32:00,1.12917,1.12924,1.1289,1.12893,1.12926,1.12935,1.12899,1.12904,,,,,99
2025-04-11 18:33:00,1.12891,1.12922,1.12889,1.12906,1.12903,1.12933,1.12898,1.12919,,,,,121
2025-04-11 18:34:00,1.12907,1.1293,1.12896,1.12897,1.1292,1.12941,1.12906,1.12906,,,,,130
2025-04-11 18:35:00,1.12898,1.12899,1.12825,1.12827,1.12907,1.12908,1.12839,1.12839,,,,,154
2025-04-11 18:36:00,1.12832,1.12842,1.12793,1.12794,1.12844,1.12854,1.12802,1.12806,,,,,158
2025-04-11 18:37:00,1.12795,1.12862,1.12785,1.12862,1.12807,1.12874,1.12797,1.12874,,,,,152
2025-04-11 18:38:00,1.12859,1.12901,1.12849,1.12881,1.12872,1.12913,1.12862,1.12893,,,,,116
2025-04-11 18:39:00,1.12879,1.12905,1.12871,1.12893,1.12892,1.12918,1.12883,1.12905,,,,,95
2025-04-11 18:40:00,1.12891,1.12932,1.12876,1.1293,1.12902,1.12941,1.12887,1.12941,,,,,115
2025-04-11 18:41:00,1.12929,1.12949,1.1292,1.12942,1.1294,1.12958,1.12929,1.12953,,,,,110
2025-04-11 18:42:00,1.12944,1.12965,1.12943,1.12956,1.12956,1.12976,1.12954,1.12967,,,,,116
2025-04-11 18:43:00,1.12949,1.12963,1.12934,1.12957,1.1296,1.12974,1.12947,1.12968,,,,,103
2025-04-11 18:44:00,1.12956,1.12964,1.12908,1.12944,1.12971,1.12975,1.12919,1.12953,,,,,140
2025-04-11 18:45:00,1.12942,1.12978,1.12937,1.12969,1.12954,1.12987,1.12949,1.1298,,,,,107
2025-04-11 18:46:00,1.12972,1.12979,1.1295,1.12978,1.12981,1.1299,1.12961,1.12989,,,,,80
2025-04-11 18:47:00,1.1298,1.13012,1.12973,1.12997,1.12991,1.13021,1.12982,1.13006,,,,,68
2025-04-11 18:48:00,1.12998,1.1304,1.12998,1.13006,1.13007,1.13049,1.13007,1.13015,,,,,125
2025-04-11 18:49:00,1.13005,1.13019,1.12991,1.13005,1.13014,1.13031,1.13004,1.13014,,,,,95
2025-04-11 18:50:00,1.13004,1.13016,1.12968,1.13008,1.13013,1.13026,1.12977,1.1302,,,,,113
2025-04-11 18:51:00,1.13016,1.13029,1.12983,1.1301,1.13025,1.1304,1.12994,1.13021,,,,,124
2025-04-11 18:52:00,1.13011,1.13037,1.13004,1.1303,1.1302,1.13047,1.13013,1.13039,,,,,103
2025-04-11 18:53:00,1.13028,1.13062,1.13022,1.13036,1.13037,1.13071,1.13031,1.13045,,,,,84
2025-04-11 18:54:00,1.13033,1.13043,1.1302,1.13042,1.13042,1.13052,1.1303,1.13051,,,,,84
2025-04-11 18:55:00,1.13041,1.13047,1.13003,1.13016,1.1305,1.13056,1.13012,1.13025,,,,,105
2025-04-11 18:56:00,1.13017,1.13032,1.12985,1.13017,1.13026,1.13041,1.12995,1.13029,,,,,128
2025-04-11 18:57:00,1.13019,1.1302,1.13,1.13002,1.1303,1.13031,1.13012,1.13014,,,,,80
2025-04-11 18:58:00,1.13003,1.1304,1.13001,1.1302,1.13015,1.13049,1.1301,1.13029,,,,,109
2025-04-11 18:59:00,1.13021,1.13067,1.13021,1.13056,1.1303,1.13076,1.1303,1.13065,,,,,127
2025-04-11 19:00:00,1.13051,1.13063,1.13021,1.13038,1.1306,1.13072,1.13032,1.13047,,,,,123
2025-04-11 19:01:00,1.13034,1.1311,1.13028,1.13102,1.13043,1.13122,1.13037,1.13113,,,,,155
2025-04-11 19:02:00,1.13103,1.13112,1.13078,1.131,1.13114,1.13124,1.13088,1.13109,,,,,98
2025-04-11 19:03:00,1.13101,1.13106,1.13083,1.13097,1.1311,1.13115,1.13092,1.13106,,,,,81
2025-04-11 19:04:00,1.13096,1.13109,1.13087,1.13095,1.13105,1.13123,1.13099,1.13104,,,,,107
2025-04-11 19:05:00,1.13098,1.13113,1.13082,1.13107,1.13107,1.13124,1.13091,1.13116,,,,,107
2025-04-11 19:06:00,1.13106,1.13121,1.13105,1.13108,1.13115,1.1313,1.13114,1.13117,,,,,88
2025-04-11 19:07:00,1.13109,1.13135,1.13088,1.13135,1.13118,1.13144,1.13101,1.13144,,,,,98
2025-04-11 19:08:00,1.13137,1.13157,1.13126,1.13145,1.13146,1.1317,1.13138,1.13158,,,,,130
2025-04-11 19:09:00,1.13143,1.13156,1.13133,1.13149,1.13157,1.13169,1.13147,1.13161,,,,,111
2025-04-11 19:10:00,1.13151,1.13165,1.13119,1.13128,1.1316,1.13178,1.13134,1.13141,,,,,106
2025-04-11 19:11:00,1.13129,1.13155,1.13126,1.13136,1.13142,1.13168,1.13141,1.1315,,,,,101
2025-04-11 19:12:00,1.13137,1.13161,1.13133,1.13149,1.13152,1.13175,1.1315,1.13162,,,,,88
2025-04-11 19:13:00,1.1315,1.13151,1.13111,1.13134,1.13156,1.13162,1.13123,1.13147,,,,,82
2025-04-11 19:14:00,1.13133,1.13139,1.13112,1.13137,1.13146,1.13155,1.13123,1.13152,,,,,91
2025-04-11 19:15:00,1.13138,1.13167,1.13132,1.13162,1.13153,1.13177,1.13144,1.13177,,,,,72
2025-04-11 19:16:00,1.1317,1.13171,1.13156,1.13157,1.13183,1.13183,1.13165,1.13168,,,,,62
2025-04-11 19:17:00,1.13158,1.1316,1.13142,1.13149,1.13169,1.13171,1.13151,1.13161,,,,,46
2025-04-11 19:18:00,1.1315,1.13151,1.1313,1.13136,1.13162,1.13163,1.13141,1.13148,,,,,68
2025-04-11 19:19:00,1.13137,1.13137,1.13097,1.13103,1.13151,1.13151,1.13112,1.13117,,,,,79
2025-04-11 19:20:00,1.13102,1.13102,1.1306,1.13074,1.13116,1.13116,1.13073,1.13086,,,,,96
2025-04-11 19:21:00,1.13075,1.13086,1.13068,1.13076,1.13087,1.13099,1.13077,1.13088,,,,,62
2025-04-11 19:22:00,1.13077,1.1308,1.1305,1.13068,1.13087,1.13091,1.13061,1.1308,,,,,97
2025-04-11 19:23:00,1.13064,1.13089,1.13061,1.13063,1.13073,1.131,1.13073,1.13078,,,,,116
2025-04-11 19:24:00,1.13064,1.13126,1.13063,1.13115,1.13077,1.13135,1.13077,1.13124,,,,,82
2025-04-11 19:25:00,1.13116,1.13137,1.13107,1.13107,1.13125,1.13146,1.13116,1.13116,,,,,65
2025-04-11 19:26:00,1.13106,1.13107,1.13075,1.13083,1.13115,1.13122,1.13084,1.13092,,,,,64
2025-04-11 19:27:00,1.13082,1.13102,1.13082,1.13095,1.13091,1.13111,1.13091,1.13104,,,,,60
2025-04-11 19:28:00,1.13093,1.13105,1.13074,1.13101,1.13102,1.13114,1.13088,1.1311,,,,,62
2025-04-11 19:29:00,1.13107,1.13128,1.13105,1.13112,1.13116,1.13137,1.13114,1.13121,,,,,55
2025-04-11 19:30:00,1.13107,1.13111,1.13054,1.1308,1.13116,1.13126,1.13073,1.13089,,,,,115
2025-04-11 19:31:00,1.13079,1.13086,1.1306,1.13075,1.13088,1.13099,1.13082,1.13087,,,,,64
2025-04-11 19:32:00,1.13071,1.13079,1.13039,1.13046,1.13082,1.13088,1.13048,1.13055,,,,,86
2025-04-11 19:33:00,1.13049,1.13084,1.13047,1.13082,1.13058,1.13093,1.13056,1.13091,,,,,94
2025-04-11 19:34:00,1.13076,1.13093,1.13066,1.13088,1.13085,1.13102,1.13075,1.13097,,,,,43
2025-04-11 19:35:00,1.13089,1.13118,1.13075,1.13118,1.13098,1.13127,1.13084,1.13127,,,,,76
2025-04-11 19:36:00,1.13117,1.13131,1.13099,1.13123,1.13126,1.1314,1.13108,1.13132,,,,,99
2025-04-11 19:37:00,1.13117,1.13184,1.13111,1.13184,1.13126,1.1319,1.1312,1.1319,,,,,102
2025-04-11 19:38:00,1.13183,1.13199,1.13147,1.13162,1.13189,1.13205,1.13153,1.13168,,,,,101
2025-04-11 19:39:00,1.13168,1.13258,1.13168,1.13256,1.13174,1.13271,1.13174,1.13267,,,,,178
2025-04-11 19:40:00,1.13258,1.13266,1.1321,1.1322,1.1327,1.13275,1.13219,1.13229,,,,,209
2025-04-11 19:41:00,1.13221,1.1324,1.13199,1.13212,1.1323,1.13249,1.1321,1.13221,,,,,214
2025-04-11 19:42:00,1.13207,1.13219,1.13177,1.1318,1.13216,1.1323,1.13186,1.13189,,,,,168
2025-04-11 19:43:00,1.13179,1.13179,1.13115,1.13155,1.13188,1.13188,1.13124,1.13166,,,,,176
2025-04-11 19:44:00,1.13156,1.13157,1.13131,1.13156,1.13167,1.13168,1.1314,1.13165,,,,,132
2025-04-11 19:45:00,1.13153,1.13193,1.13133,1.13133,1.13162,1.13202,1.13142,1.13142,,,,,153
2025-04-11 19:46:00,1.13138,1.1314,1.13097,1.13101,1.13147,1.13149,1.13106,1.1311,,,,,108
2025-04-11 19:47:00,1.131,1.13117,1.13075,1.13092,1.13109,1.13126,1.13084,1.13101,,,,,112
2025-04-11 19:48:00,1.13093,1.13093,1.13069,1.13076,1.13102,1.13102,1.13078,1.13085,,,,,85
2025-04-11 19:49:00,1.13075,1.13076,1.13038,1.13052,1.13084,1.13085,1.13047,1.13061,,,,,105
2025-04-11 19:50:00,1.13055,1.13099,1.13049,1.13094,1.13064,1.13108,1.13058,1.13103,,,,,126
2025-04-11 19:51:00,1.13095,1.13111,1.13073,1.13099,1.13104,1.1312,1.13082,1.13108,,,,,85
2025-04-11 19:52:00,1.13097,1.13111,1.13082,1.13106,1.13106,1.1312,1.13091,1.13115,,,,,59
2025-04-11 19:53:00,1.13104,1.13141,1.13097,1.13128,1.13113,1.1315,1.13106,1.13137,,,,,91
2025-04-11 19:54:00,1.13125,1.13143,1.1308,1.13084,1.13134,1.13152,1.13089,1.13093,,,,,108
2025-04-11 19:55:00,1.13087,1.13092,1.12976,1.13008,1.13096,1.13101,1.12997,1.13017,,,,,101
2025-04-11 19:56:00,1.13006,1.13006,1.12946,1.12947,1.13015,1.13015,1.12955,1.12956,,,,,116
2025-04-11 19:57:00,1.12948,1.12966,1.12871,1.12876,1.12957,1.12975,1.1288,1.12885,,,,,168
2025-04-11 19:58:00,1.12875,1.1289,1.12835,1.12857,1.12886,1.12899,1.12844,1.12866,,,,,188
2025-04-11 19:59:00,1.12856,1.12887,1.12824,1.12851,1.12867,1.12896,1.12833,1.1286,,,,,139
2025-04-11 20:00:00,1.12852,1.12937,1.12839,1.1293,1.12861,1.12946,1.12848,1.12939,,,,,162
2025-04-11 20:01:00,1.12928,1.12947,1.12908,1.12945,1.12937,1.12956,1.12917,1.12954,,,,,100
2025-04-11 20:02:00,1.12949,1.1296,1.12923,1.12958,1.12958,1.1297,1.12932,1.1297,,,,,158
2025-04-11 20:03:00,1.1296,1.12963,1.12939,1.12954,1.12969,1.12973,1.12948,1.12963,,,,,69
2025-04-11 20:04:00,1.12953,1.12992,1.12945,1.12988,1.12964,1.13001,1.12954,1.12997,,,,,100
2025-04-11 20:05:00,1.12981,1.13003,1.12981,1.13001,1.1299,1.13012,1.1299,1.1301,,,,,106
2025-04-11 20:06:00,1.13,1.13,1.12963,1.12975,1.13009,1.13009,1.12974,1.12987,,,,,91
2025-04-11 20:07:00,1.12976,1.12977,1.12948,1.12969,1.12988,1.12988,1.12959,1.12978,,,,,102
2025-04-11 20:08:00,1.1297,1.12989,1.12964,1.12976,1.12979,1.12998,1.12973,1.1299,,,,,91
2025-04-11 20:09:00,1.1298,1.12988,1.12953,1.1296,1.12994,1.12997,1.12964,1.12971,,,,,81
2025-04-11 20:10:00,1.12976,1.13019,1.1297,1.13017,1.12985,1.13028,1.12979,1.13026,,,,,103
2025-04-11 20:11:00,1.13018,1.13018,1.12981,1.12996,1.13027,1.13027,1.1299,1.13009,,,,,95
2025-04-11 20:12:00,1.12994,1.13036,1.12961,1.12961,1.13007,1.13045,1.12972,1.12972,,,,,120
2025-04-11 20:13:00,1.12956,1.12979,1.12937,1.12973,1.12973,1.1299,1.12946,1.12982,,,,,111
2025-04-11 20:14:00,1.12974,1.12982,1.12958,1.12962,1.12983,1.12991,1.12968,1.12971,,,,,82
2025-04-11 20:15:00,1.1296,1.12977,1.12928,1.12971,1.12973,1.12986,1.12937,1.12983,,,,,91
2025-04-11 20:16:00,1.12975,1.12991,1.12964,1.12965,1.12987,1.13,1.12974,1.12976,,,,,91
2025-04-11 20:17:00,1.12964,1.12996,1.1296,1.12996,1.12975,1.13005,1.12971,1.13005,,,,,86
2025-04-11 20:18:00,1.12997,1.13,1.12975,1.12999,1.13006,1.13009,1.12984,1.13008,,,,,79
2025-04-11 20:19:00,1.12997,1.13045,1.12992,1.13045,1.13006,1.13054,1.13001,1.13054,,,,,76
2025-04-11 20:20:00,1.13042,1.13096,1.13041,1.13085,1.13051,1.13105,1.1305,1.13094,,,,,107
2025-04-11 20:21:00,1.13086,1.13113,1.13074,1.13088,1.13095,1.13122,1.13085,1.13097,,,,,116
2025-04-11 20:22:00,1.1309,1.13096,1.13047,1.13069,1.13099,1.13105,1.13056,1.13078,,,,,104
2025-04-11 20:23:00,1.13072,1.13087,1.13029,1.13036,1.13081,1.13096,1.13038,1.13045,,,,,112
2025-04-11 20:24:00,1.13019,1.13086,1.13019,1.13086,1.13028,1.13095,1.13028,1.13095,,,,,80
2025-04-11 20:25:00,1.13085,1.13116,1.13078,1.13115,1.13094,1.13125,1.13087,1.13124,,,,,61
2025-04-11 20:26:00,1.13116,1.13127,1.13081,1.13083,1.13125,1.13136,1.1309,1.13092,,,,,66
2025-04-11 20:27:00,1.13082,1.13132,1.13052,1.13131,1.13091,1.13141,1.13061,1.1314,,,,,123
2025-04-11 20:28:00,1.13133,1.13136,1.131,1.13121,1.13142,1.13145,1.13109,1.1313,,,,,91
2025-04-11 20:29:00,1.13117,1.13139,1.13099,1.13103,1.13126,1.13148,1.13108,1.13112,,,,,92
2025-04-11 20:30:00,1.131,1.13145,1.131,1.13144,1.13111,1.13154,1.13111,1.13153,,,,,71
2025-04-11 20:31:00,1.13141,1.13141,1.13102,1.13122,1.1315,1.1315,1.13111,1.13131,,,,,100
2025-04-11 20:32:00,1.13117,1.13167,1.13114,1.13165,1.13126,1.13176,1.13123,1.13174,,,,,87
2025-04-11 20:33:00,1.13168,1.13185,1.13142,1.13181,1.13177,1.13194,1.13151,1.1319,,,,,96
2025-04-11 20:34:00,1.13183,1.13194,1.13174,1.13187,1.13192,1.13203,1.13183,1.13196,,,,,66
2025-04-11 20:35:00,1.13199,1.13209,1.13168,1.13186,1.13208,1.13218,1.13179,1.13197,,,,,115
2025-04-11 20:36:00,1.13185,1.132,1.13153,1.13153,1.13196,1.1321,1.13162,1.13162,,,,,89
2025-04-11 20:37:00,1.13158,1.13165,1.13111,1.13123,1.13164,1.13177,1.13121,1.13132,,,,,96
2025-04-11 20:38:00,1.13122,1.13124,1.13051,1.1307,1.13131,1.13133,1.13061,1.13079,,,,,128
2025-04-11 20:39:00,1.13069,1.1307,1.13033,1.13057,1.13078,1.13079,1.13042,1.13066,,,,,74
2025-04-11 20:40:00,1.1305,1.13053,1.12972,1.12997,1.13059,1.13062,1.12981,1.13006,,,,,139
2025-04-11 20:41:00,1.13004,1.13033,1.12966,1.12972,1.13013,1.13042,1.12975,1.12981,,,,,116
2025-04-11 20:42:00,1.12974,1.13038,1.12967,1.13035,1.12983,1.13047,1.12977,1.13047,,,,,123
2025-04-11 20:43:00,1.13036,1.13065,1.13026,1.13056,1.13048,1.13074,1.13035,1.13065,,,,,79
2025-04-11 20:44:00,1.13054,1.13079,1.1305,1.13078,1.13063,1.13091,1.13059,1.13087,,,,,101
2025-04-11 20:45:00,1.13068,1.13078,1.13044,1.13074,1.13077,1.13087,1.13053,1.13083,,,,,74
2025-04-11 20:46:00,1.13073,1.13081,1.13037,1.1308,1.13082,1.1309,1.13046,1.13089,,,,,76
2025-04-11 20:47:00,1.13081,1.13096,1.13065,1.13096,1.1309,1.13105,1.13074,1.13105,,,,,66
2025-04-11 20:48:00,1.13097,1.13115,1.13089,1.13109,1.13106,1.13124,1.13098,1.13118,,,,,75
2025-04-11 20:49:00,1.1311,1.1312,1.13106,1.13118,1.13119,1.13129,1.13115,1.13127,,,,,51
2025-04-11 20:50:00,1.13119,1.13125,1.13083,1.13088,1.13128,1.13134,1.13093,1.13097,,,,,72
2025-04-11 20:51:00,1.13091,1.13117,1.13091,1.131,1.131,1.13126,1.131,1.13109,,,,,66
2025-04-11 20:52:00,1.13098,1.13106,1.13054,1.13064,1.13107,1.13115,1.13065,1.13073,,,,,144
2025-04-11 20:53:00,1.13065,1.13082,1.13029,1.1305,1.13074,1.13091,1.13038,1.13059,,,,,75
2025-04-11 20:54:00,1.13049,1.13071,1.13039,1.13059,1.13058,1.1308,1.13048,1.13068,,,,,78
2025-04-11 20:55:00,1.13063,1.13083,1.13043,1.13078,1.13072,1.13092,1.13052,1.13089,,,,,86
2025-04-11 20:56:00,1.13079,1.13121,1.13074,1.13117,1.13088,1.1313,1.13083,1.13126,,,,,80
2025-04-11 20:57:00,1.13116,1.13154,1.13107,1.13137,1.13125,1.13163,1.13116,1.13146,,,,,107
2025-04-11 20:58:00,1.13138,1.13142,1.1309,1.13093,1.13147,1.13151,1.13099,1.13102,,,,,92
2025-04-11 20:59:00,1.13079,1.13138,1.13055,1.1312,1.1309,1.13147,1.13064,1.13129,,,,,163
2025-04-11 21:00:00,1.13121,1.13126,1.13097,1.13105,1.1313,1.13135,1.13106,1.13114,,,,,112
2025-04-11 21:01:00,1.13103,1.13142,1.13088,1.13124,1.13112,1.13151,1.13097,1.13133,,,,,101
2025-04-11 21:02:00,1.13125,1.13153,1.13108,1.13148,1.13134,1.13162,1.13117,1.13157,,,,,107
2025-04-11 21:03:00,1.13146,1.13191,1.13145,1.13191,1.13155,1.132,1.13154,1.132,,,,,66
2025-04-11 21:04:00,1.1319,1.13192,1.13165,1.13184,1.13199,1.13201,1.13174,1.13193,,,,,65
2025-04-11 21:05:00,1.13186,1.13201,1.13176,1.13195,1.13195,1.1321,1.13185,1.13204,,,,,82
2025-04-11 21:06:00,1.13196,1.13208,1.13184,1.13196,1.13205,1.13217,1.13193,1.13205,,,,,59
2025-04-11 21:07:00,1.13195,1.13207,1.13179,1.13207,1.13204,1.13216,1.13188,1.13216,,,,,67
2025-04-11 21:08:00,1.13216,1.13258,1.13208,1.13254,1.13225,1.13267,1.13217,1.13263,,,,,87
2025-04-11 21:09:00,1.13251,1.13252,1.13234,1.13239,1.1326,1.13261,1.13244,1.13248,,,,,64
2025-04-11 21:10:00,1.13245,1.13248,1.1318,1.13188,1.13254,1.13257,1.13189,1.13197,,,,,84
2025-04-11 21:11:00,1.13182,1.13223,1.13167,1.13215,1.13191,1.13232,1.13176,1.13224,,,,,81
2025-04-11 21:12:00,1.13214,1.13235,1.13204,1.13226,1.13223,1.13244,1.13213,1.13235,,,,,94
2025-04-11 21:13:00,1.13225,1.13238,1.13204,1.13233,1.13234,1.13247,1.13213,1.13244,,,,,61
2025-04-11 21:14:00,1.13234,1.13234,1.13185,1.13196,1.13243,1.13243,1.13194,1.13205,,,,,53
2025-04-11 21:15:00,1.13198,1.13207,1.13171,1.13196,1.13207,1.13218,1.13186,1.13205,,,,,61
2025-04-11 21:16:00,1.13195,1.13269,1.13193,1.13263,1.13204,1.13278,1.13202,1.13272,,,,,80
2025-04-11 21:17:00,1.13266,1.13305,1.13259,1.13281,1.13275,1.13314,1.13268,1.1329,,,,,70
2025-04-11 21:18:00,1.1328,1.1328,1.13254,1.13266,1.13289,1.13289,1.13263,1.13272,,,,,48
2025-04-11 21:19:00,1.13268,1.13294,1.13252,1.13294,1.13274,1.133,1.13258,1.133,,,,,63
2025-04-11 21:20:00,1.13289,1.13294,1.13269,1.13286,1.13295,1.133,1.13275,1.13295,,,,,79
2025-04-11 21:21:00,1.13284,1.13318,1.13284,1.13317,1.13293,1.13335,1.13293,1.1333,,,,,71
2025-04-11 21:22:00,1.13319,1.13324,1.13312,1.13313,1.13332,1.13344,1.13322,1.13324,,,,,62
2025-04-11 21:23:00,1.13309,1.13362,1.13307,1.13359,1.13318,1.13371,1.13318,1.13368,,,,,86
2025-04-11 21:24:00,1.13358,1.13362,1.13354,1.13355,1.13367,1.13369,1.1336,1.13364,,,,,36
2025-04-11 21:25:00,1.13357,1.1337,1.13351,1.13359,1.13366,1.13379,1.1336,1.13368,,,,,77
2025-04-11 21:26:00,1.1336,1.13364,1.13337,1.13338,1.13369,1.13373,1.13344,1.13347,,,,,70
2025-04-11 21:27:00,1.13337,1.13365,1.13336,1.13363,1.13346,1.13373,1.13344,1.13372,,,,,68
2025-04-11 21:28:00,1.13364,1.13364,1.13325,1.13325,1.13373,1.13373,1.13334,1.13334,,,,,65
2025-04-11 21:29:00,1.13326,1.13347,1.13303,1.13345,1.13335,1.13357,1.13312,1.13354,,,,,83
2025-04-11 21:30:00,1.13344,1.13348,1.13326,1.13336,1.13353,1.13354,1.13332,1.13345,,,,,53
2025-04-11 21:31:00,1.13331,1.13339,1.13318,1.13319,1.1334,1.13349,1.13324,1.13325,,,,,51
2025-04-11 21:32:00,1.1331,1.13318,1.13283,1.13309,1.13319,1.13327,1.13292,1.13318,,,,,63
2025-04-11 21:33:00,1.1331,1.13316,1.13303,1.13316,1.13319,1.13322,1.13309,1.13322,,,,,36
2025-04-11 21:34:00,1.13314,1.13359,1.13314,1.13358,1.1332,1.13371,1.1332,1.13367,,,,,66
2025-04-11 21:35:00,1.13357,1.13377,1.13357,1.13374,1.13366,1.13386,1.13366,1.13383,,,,,29
2025-04-11 21:36:00,1.13372,1.13399,1.13371,1.13393,1.13378,1.13405,1.13377,1.13399,,,,,39
2025-04-11 21:37:00,1.13398,1.13411,1.13378,1.13382,1.13404,1.13421,1.13387,1.13391,,,,,59
2025-04-11 21:38:00,1.13377,1.13377,1.13352,1.13362,1.13393,1.13393,1.13364,1.13371,,,,,71
2025-04-11 21:39:00,1.13364,1.13366,1.13342,1.13342,1.13373,1.13375,1.13348,1.13348,,,,,40
2025-04-11 21:40:00,1.13337,1.13373,1.13337,1.13373,1.13343,1.13379,1.13343,1.13379,,,,,41
2025-04-11 21:41:00,1.13367,1.13385,1.13346,1.1335,1.13373,1.13391,1.13352,1.13356,,,,,55
2025-04-11 21:42:00,1.13349,1.13367,1.13349,1.13362,1.13358,1.13373,1.13358,1.13371,,,,,47
2025-04-11 21:43:00,1.13363,1.13366,1.13357,1.13358,1.13372,1.13377,1.13366,1.13375,,,,,31
2025-04-11 21:44:00,1.13359,1.13371,1.13355,1.13371,1.13376,1.13381,1.13365,1.1338,,,,,58
2025-04-11 21:45:00,1.1337,1.1337,1.13328,1.13343,1.13382,1.13382,1.13337,1.13357,,,,,58
2025-04-11 21:46:00,1.13345,1.13375,1.13333,1.1336,1.13352,1.13381,1.13342,1.13374,,,,,44
2025-04-11 21:47:00,1.13358,1.13358,1.13328,1.13344,1.13372,1.13372,1.13336,1.13353,,,,,55
2025-04-11 21:48:00,1.13343,1.13351,1.13337,1.13344,1.13352,1.1336,1.13346,1.13353,,,,,40
2025-04-11 21:49:00,1.13345,1.13366,1.13334,1.13365,1.13354,1.13375,1.13343,1.13374,,,,,43
2025-04-11 21:50:00,1.13362,1.13364,1.13317,1.13356,1.13371,1.13373,1.13326,1.13362,,,,,65
2025-04-11 21:51:00,1.13354,1.13386,1.13344,1.13382,1.13363,1.13395,1.13353,1.13391,,,,,55
2025-04-11 21:52:00,1.13381,1.13384,1.13356,1.13376,1.1339,1.13395,1.13367,1.1339,,,,,69
2025-04-11 21:53:00,1.13374,1.13386,1.13361,1.13379,1.13387,1.13399,1.13374,1.13392,,,,,57
2025-04-11 21:54:00,1.13378,1.13387,1.13369,1.13384,1.13391,1.13401,1.13382,1.13397,,,,,51
2025-04-11 21:55:00,1.1339,1.13415,1.13376,1.13406,1.13401,1.13428,1.13389,1.13419,,,,,74
2025-04-11 21:56:00,1.13405,1.1343,1.13394,1.13396,1.13418,1.13442,1.13406,1.13408,,,,,84
2025-04-11 21:57:00,1.13395,1.13431,1.13391,1.13408,1.13409,1.13444,1.13401,1.13417,,,,,104
2025-04-11 21:58:00,1.13407,1.13427,1.13395,1.13427,1.13418,1.13439,1.13406,1.13439,,,,,75
2025-04-11 21:59:00,1.13428,1.13431,1.13396,1.1341,1.13441,1.13443,1.13407,1.13421,,,,,108
2025-04-11 22:00:00,1.13411,1.13416,1.13359,1.13396,1.13422,1.13425,1.1337,1.13409,,,,,106
2025-04-11 22:01:00,1.13398,1.13408,1.13383,1.13397,1.1341,1.13419,1.13395,1.13408,,,,,60
2025-04-11 22:02:00,1.13396,1.13409,1.13385,1.13404,1.13407,1.13418,1.13394,1.13413,,,,,55
2025-04-11 22:03:00,1.13407,1.13417,1.13407,1.13414,1.13416,1.13426,1.13416,1.13423,,,,,22
2025-04-11 22:04:00,1.13415,1.1343,1.1341,1.13428,1.13424,1.13439,1.13419,1.13437,,,,,26
2025-04-11 22:05:00,1.13426,1.13448,1.13422,1.13446,1.13435,1.13457,1.13431,1.13455,,,,,49
2025-04-11 22:06:00,1.13445,1.13452,1.13442,1.13448,1.13454,1.13461,1.13451,1.13457,,,,,15
2025-04-11 22:07:00,1.13447,1.13453,1.13447,1.13452,1.13456,1.13462,1.13456,1.13461,,,,,6
2025-04-11 22:08:00,1.13451,1.13452,1.13437,1.13441,1.1346,1.13461,1.13446,1.1345,,,,,17
2025-04-11 22:09:00,1.13447,1.13453,1.13446,1.13452,1.13456,1.13462,1.13455,1.13461,,,,,15
2025-04-11 22:10:00,1.13456,1.13483,1.13456,1.13482,1.13465,1.13492,1.13465,1.13491,,,,,41
2025-04-11 22:11:00,1.13485,1.13486,1.13448,1.13448,1.13494,1.13495,1.13457,1.13457,,,,,18
2025-04-11 22:12:00,1.13452,1.1348,1.13448,1.13476,1.13461,1.13489,1.13457,1.13485,,,,,20
2025-04-11 22:13:00,1.13477,1.13478,1.13464,1.13478,1.13486,1.13487,1.13473,1.13487,,,,,16
2025-04-11 22:14:00,1.13477,1.13482,1.13474,1.13477,1.13486,1.13491,1.13483,1.13486,,,,,27
2025-04-11 22:15:00,1.13478,1.13483,1.13475,1.13482,1.13487,1.13492,1.13484,1.13491,,,,,21
2025-04-11 22:16:00,1.13483,1.13485,1.13479,1.1348,1.13492,1.13494,1.13488,1.13489,,,,,13
2025-04-11 22:17:00,1.13481,1.13483,1.13477,1.13483,1.1349,1.13492,1.13486,1.13492,,,,,13
2025-04-11 22:18:00,1.13485,1.1349,1.13483,1.13487,1.13494,1.13499,1.13492,1.13496,,,,,11
2025-04-11 22:19:00,1.13486,1.13488,1.13466,1.13467,1.13495,1.13497,1.13475,1.13476,,,,,22
2025-04-11 22:20:00,1.13466,1.13478,1.13463,1.13467,1.13475,1.13487,1.13472,1.13476,,,,,29
2025-04-11 22:21:00,1.13466,1.13472,1.13462,1.13471,1.13475,1.13481,1.13471,1.1348,,,,,19
2025-04-11 22:22:00,1.13472,1.13474,1.13462,1.13465,1.13481,1.13483,1.13471,1.13474,,,,,17
2025-04-11 22:23:00,1.13464,1.13488,1.13461,1.13475,1.13473,1.13497,1.1347,1.13484,,,,,34
2025-04-11 22:24:00,1.13474,1.13502,1.13473,1.13499,1.13483,1.13511,1.13482,1.13508,,,,,31
2025-04-11 22:25:00,1.13498,1.13499,1.13491,1.13492,1.13507,1.13508,1.135,1.13501,,,,,47
2025-04-11 22:26:00,1.13493,1.13496,1.13488,1.13488,1.13502,1.13505,1.13497,1.13497,,,,,15
2025-04-11 22:27:00,1.13487,1.13493,1.13486,1.13488,1.13496,1.13502,1.13495,1.13497,,,,,13
2025-04-11 22:28:00,1.13482,1.13489,1.13477,1.13488,1.13491,1.13498,1.13486,1.13497,,,,,18
2025-04-11 22:29:00,1.13487,1.13494,1.1348,1.13487,1.13496,1.13503,1.13489,1.13496,,,,,48
2025-04-11 22:30:00,1.13486,1.13524,1.13481,1.13518,1.13495,1.13533,1.1349,1.13527,,,,,32
2025-04-11 22:31:00,1.13517,1.13528,1.13502,1.13502,1.13526,1.13537,1.13511,1.13511,,,,,36
2025-04-11 22:32:00,1.13503,1.13509,1.13494,1.13505,1.13512,1.13518,1.13503,1.13514,,,,,24
2025-04-11 22:33:00,1.13497,1.13499,1.13493,1.13497,1.13506,1.13508,1.13502,1.13506,,,,,21
2025-04-11 22:34:00,1.13498,1.13498,1.13488,1.13496,1.13507,1.13507,1.13497,1.13505,,,,,22
2025-04-11 22:35:00,1.13497,1.13497,1.13461,1.13462,1.13506,1.13506,1.1347,1.13471,,,,,20
2025-04-11 22:36:00,1.13455,1.13455,1.13425,1.13429,1.13464,1.13464,1.13434,1.13438,,,,,27
2025-04-11 22:37:00,1.13426,1.13439,1.13424,1.13432,1.13435,1.13448,1.13433,1.13441,,,,,26
2025-04-11 22:38:00,1.13434,1.13457,1.13421,1.13454,1.13443,1.13466,1.1343,1.13463,,,,,51
2025-04-11 22:39:00,1.13452,1.13474,1.13452,1.13471,1.13461,1.13483,1.13461,1.1348,,,,,15
2025-04-11 22:40:00,1.1347,1.13484,1.13455,1.13466,1.13479,1.13493,1.13464,1.13475,,,,,42
2025-04-11 22:41:00,1.13465,1.13475,1.13446,1.13471,1.13474,1.13484,1.13455,1.1348,,,,,70
2025-04-11 22:42:00,1.1347,1.1348,1.13463,1.13475,1.13479,1.13489,1.13472,1.13484,,,,,43
2025-04-11 22:43:00,1.13473,1.13504,1.13473,1.13493,1.13482,1.13513,1.13482,1.13502,,,,,49
2025-04-11 22:44:00,1.13487,1.13495,1.13483,1.13485,1.13496,1.13504,1.13492,1.13494,,,,,24
2025-04-11 22:45:00,1.13482,1.13515,1.13482,1.13502,1.13491,1.13524,1.13491,1.13511,,,,,35
2025-04-11 22:46:00,1.13501,1.13526,1.13494,1.13521,1.1351,1.13535,1.13503,1.1353,,,,,50
2025-04-11 22:47:00,1.1352,1.13534,1.13501,1.13507,1.13529,1.13543,1.1351,1.13516,,,,,53
2025-04-11 22:48:00,1.1351,1.13513,1.13465,1.13479,1.13519,1.13522,1.13474,1.13488,,,,,71
2025-04-11 22:49:00,1.13478,1.13533,1.13471,1.13512,1.13487,1.13542,1.1348,1.13521,,,,,66
2025-04-11 22:50:00,1.13504,1.13531,1.13484,1.13493,1.13513,1.1354,1.13493,1.13502,,,,,82
2025-04-11 22:51:00,1.13494,1.13511,1.13488,1.13511,1.13503,1.1352,1.13497,1.1352,,,,,30
2025-04-11 22:52:00,1.1351,1.13521,1.1351,1.1351,1.13519,1.1353,1.13519,1.13519,,,,,23
2025-04-11 22:53:00,1.13504,1.13518,1.13496,1.13516,1.13513,1.13527,1.13505,1.13525,,,,,38
2025-04-11 22:54:00,1.13513,1.13518,1.13507,1.13515,1.13522,1.13527,1.13516,1.13524,,,,,23
2025-04-11 22:55:00,1.13512,1.13541,1.13504,1.1354,1.13527,1.13556,1.13519,1.13555,,,,,56
2025-04-11 22:56:00,1.13537,1.13554,1.13537,1.1355,1.13552,1.13569,1.13552,1.13565,,,,,59
2025-04-11 22:57:00,1.13554,1.13587,1.13494,1.13542,1.136,1.13638,1.1356,1.13608,,,,,81
2025-04-11 22:58:00,1.13495,1.13618,1.13493,1.13594,1.13561,1.13684,1.13559,1.13609,,,,,184
2025-04-13 22:00:00,1.12991,1.13012,1.12991,1.13012,1.13057,1.13092,1.13057,1.1309,,,,,9
2025-04-13 22:01:00,1.13013,1.13036,1.13009,1.13015,1.13098,1.1311,1.13086,1.13094,,,,,17
2025-04-13 22:02:00,1.13005,1.13018,1.13005,1.13018,1.13103,1.13122,1.13103,1.13122,,,,,3
2025-04-13 22:03:00,1.13039,1.13043,1.13039,1.13043,1.13121,1.13121,1.13117,1.13117,,,,,2
2025-04-13 22:04:00,1.13044,1.13058,1.13003,1.13012,1.13116,1.13178,1.13065,1.13065,,,,,10
2025-04-13 22:05:00,1.13008,1.13014,1.12978,1.13014,1.13062,1.13126,1.13062,1.13117,,,,,7
2025-04-13 22:06:00,1.13004,1.13015,1.13004,1.13011,1.13106,1.13106,1.13095,1.13099,,,,,3
2025-04-13 22:07:00,1.13002,1.13004,1.12992,1.13004,1.13091,1.13093,1.13081,1.13081,,,,,3
2025-04-13 22:08:00,1.13005,1.13011,1.13005,1.13011,1.1308,1.1308,1.13074,1.13074,,,,,5
2025-04-13 22:09:00,1.13008,1.13013,1.13008,1.13013,1.13077,1.13077,1.13072,1.13072,,,,,4
2025-04-13 22:10:00,1.13014,1.13027,1.12992,1.13027,1.13071,1.13147,1.13071,1.13147,,,,,11
2025-04-13 22:11:00,1.13095,1.13135,1.13086,1.13115,1.13215,1.13249,1.13206,1.13235,,,,,6
2025-04-13 22:12:00,1.13101,1.13118,1.13089,1.13118,1.13221,1.13221,1.13207,1.13218,,,,,5
2025-04-13 22:13:00,1.13108,1.13126,1.13108,1.1312,1.1321,1.1321,1.13193,1.13197,,,,,3
2025-04-13 22:14:00,1.13102,1.13135,1.13099,1.13129,1.1321,1.1321,1.13189,1.13206,,,,,8
2025-04-13 22:15:00,1.13103,1.1312,1.13103,1.1311,1.13198,1.13198,1.13174,1.13178,,,,,13
2025-04-13 22:16:00,1.13108,1.13108,1.13108,1.13108,,,,,,,,,1
2025-04-13 22:17:00,1.13107,1.13107,1.13107,1.13107,,,,,,,,,1
2025-04-13 22:18:00,1.1311,1.13118,1.13038,1.13088,1.13183,1.13183,1.13158,1.13165,,,,,13
2025-04-13 22:19:00,1.13089,1.13099,1.13089,1.13099,1.13159,1.13167,1.13159,1.13163,,,,,3
2025-04-13 22:20:00,1.13094,1.13105,1.13094,1.13099,1.13166,1.1317,1.13163,1.1317,,,,,4
2025-04-13 22:21:00,1.13093,1.13097,1.13083,1.13097,1.13178,1.13211,1.13178,1.13211,,,,,3
2025-04-13 22:22:00,1.13104,1.13112,1.13078,1.13078,1.132,1.13232,1.13173,1.13182,,,,,10
2025-04-13 22:23:00,1.13086,1.13086,1.13086,1.13086,1.13172,1.13173,1.13167,1.13172,,,,,4
2025-04-13 22:24:00,,,,,1.13174,1.13174,1.13174,1.13174,,,,,1
2025-04-13 22:25:00,1.13053,1.13053,1.13053,1.13053,1.13173,1.13173,1.13173,1.13173,,,,,1
2025-04-13 22:26:00,1.13056,1.13139,1.13056,1.13139,1.13171,1.13259,1.13171,1.13259,,,,,9
2025-04-13 22:27:00,1.13137,1.13184,1.13109,1.13127,1.13257,1.13304,1.13229,1.13247,,,,,25
2025-04-13 22:28:00,1.1313,1.13155,1.13112,1.13154,1.1325,1.13275,1.13224,1.13274,,,,,7
2025-04-13 22:29:00,1.13155,1.13155,1.13154,1.13154,1.13275,1.13275,1.13274,1.13274,,,,,2
2025-04-13 22:30:00,1.13143,1.13158,1.13141,1.13158,1.13254,1.13278,1.13254,1.13278,,,,,4
2025-04-13 22:31:00,1.13159,1.13159,1.13153,1.13153,1.13279,1.13279,1.13273,1.13273,,,,,4
2025-04-13 22:32:00,1.13141,1.13148,1.13141,1.13148,1.13261,1.13268,1.13261,1.13268,,,,,3
2025-04-13 22:33:00,1.13159,1.13169,1.13159,1.13169,1.13279,1.13288,1.13279,1.13287,,,,,3
2025-04-13 22:34:00,1.13167,1.13167,1.13166,1.13166,1.13286,1.13286,1.13286,1.13286,,,,,2
2025-04-13 22:35:00,1.1316,1.1316,1.13151,1.13151,1.1328,1.1328,1.13253,1.13253,,,,,4
2025-04-13 22:36:00,1.13154,1.13154,1.13154,1.13154,1.1325,1.1325,1.1325,1.1325,,,,,1
2025-04-13 22:37:00,1.13152,1.13155,1.13152,1.13155,1.1326,1.13275,1.1326,1.13275,,,,,2
2025-04-13 22:38:00,1.13156,1.13156,1.13156,1.13156,1.13276,1.13276,1.13276,1.13276,,,,,1
2025-04-13 22:39:00,1.13157,1.13157,1.13156,1.13156,1.13277,1.13277,1.13276,1.13276,,,,,2
2025-04-13 22:40:00,1.13146,1.13148,1.13146,1.13146,1.13266,1.13268,1.13266,1.13266,,,,,3
2025-04-13 22:41:00,1.13147,1.13147,1.13147,1.13147,1.13267,1.13267,1.13267,1.13267,,,,,1
2025-04-13 22:43:00,1.13146,1.13153,1.13071,1.13074,1.13266,1.1327,1.13191,1.13194,,,,,5
2025-04-13 22:44:00,1.1308,1.13085,1.13071,1.13071,1.132,1.13205,1.13191,1.13191,,,,,4
2025-04-13 22:45:00,1.13072,1.13103,1.13066,1.13069,1.13192,1.13223,1.13186,1.13189,,,,,8
2025-04-13 22:46:00,1.1308,1.1308,1.13066,1.13073,1.132,1.132,1.13186,1.13193,,,,,10
2025-04-13 22:47:00,1.13064,1.13073,1.13057,1.13057,1.13184,1.13193,1.13177,1.13177,,,,,6
2025-04-13 22:48:00,1.13071,1.13134,1.13063,1.13133,1.13191,1.13253,1.13183,1.13253,,,,,11
2025-04-13 22:50:00,1.13135,1.13135,1.13047,1.13047,1.13255,1.13255,1.13167,1.13167,,,,,7
2025-04-13 22:51:00,1.13046,1.13082,1.13046,1.13074,1.13166,1.13202,1.13166,1.13194,,,,,10
2025-04-13 22:52:00,1.13094,1.13168,1.13055,1.13155,1.13214,1.13288,1.13175,1.13275,,,,,32
2025-04-13 22:53:00,1.13146,1.13194,1.13146,1.13193,1.13266,1.13314,1.13266,1.13313,,,,,11
2025-04-13 22:54:00,1.13195,1.13199,1.13191,1.13195,1.13315,1.13315,1.133,1.133,,,,,6
2025-04-13 22:55:00,1.13192,1.13194,1.13192,1.13194,1.13303,1.13303,1.13302,1.13302,,,,,6
2025-04-13 22:56:00,1.1319,1.1319,1.13142,1.13143,1.13301,1.13301,1.13268,1.13269,,,,,7
2025-04-13 22:57:00,1.13142,1.13143,1.13114,1.13114,1.13268,1.13269,1.1324,1.1324,,,,,6
2025-04-13 22:58:00,1.13109,1.13109,1.13109,1.13109,1.13235,1.13235,1.13235,1.13235,,,,,1
2025-04-13 22:59:00,1.1311,1.1311,1.13106,1.13106,1.13236,1.13236,1.13232,1.13232,,,,,3
2025-04-13 23:00:00,1.13112,1.13138,1.13112,1.13138,1.13238,1.13239,1.13214,1.13214,,,,,3
2025-04-13 23:01:00,1.13143,1.13143,1.13143,1.13143,1.13209,1.13209,1.13209,1.13209,,,,,1
2025-04-13 23:02:00,1.13144,1.13144,1.13143,1.13143,1.1321,1.1321,1.13209,1.13209,,,,,2
2025-04-13 23:03:00,1.13141,1.13141,1.13141,1.13141,1.13207,1.13207,1.13207,1.13207,,,,,1
2025-04-13 23:04:00,1.13143,1.13156,1.13143,1.13156,1.13209,1.13222,1.13209,1.13222,,,,,4
2025-04-13 23:05:00,1.13153,1.13156,1.13153,1.13156,1.13219,1.13222,1.13219,1.13222,,,,,2
2025-04-13 23:06:00,1.13159,1.13162,1.13156,1.13162,1.13225,1.13228,1.13222,1.13228,,,,,3
2025-04-13 23:07:00,1.13163,1.13165,1.13156,1.13165,1.13229,1.13231,1.13222,1.13231,,,,,3
2025-04-13 23:08:00,1.13156,1.13166,1.13156,1.13166,1.13222,1.13232,1.13222,1.13232,,,,,2
2025-04-13 23:09:00,1.13152,1.13176,1.13152,1.13176,1.13218,1.13242,1.13218,1.13242,,,,,3
2025-04-13 23:10:00,1.13177,1.13181,1.13176,1.13176,1.13243,1.13247,1.13242,1.13242,,,,,4
2025-04-13 23:11:00,1.13178,1.13183,1.13172,1.13183,1.13244,1.13249,1.13238,1.13249,,,,,5
2025-04-13 23:12:00,1.13186,1.13191,1.13184,1.13191,1.13252,1.13257,1.1325,1.13257,,,,,6
2025-04-13 23:13:00,1.1319,1.13191,1.1319,1.13191,1.13256,1.13257,1.13256,1.13257,,,,,2
2025-04-13 23:14:00,1.13164,1.13173,1.13152,1.13152,1.1323,1.13239,1.13218,1.13218,,,,,4
2025-04-13 23:15:00,1.13162,1.13162,1.13152,1.13156,1.13228,1.13228,1.13218,1.13222,,,,,5
2025-04-13 23:16:00,1.13155,1.13157,1.13155,1.13157,1.13221,1.13223,1.13221,1.13223,,,,,2
2025-04-13 23:17:00,1.13155,1.13156,1.13155,1.13156,1.13221,1.13222,1.13221,1.13222,,,,,2
2025-04-13 23:18:00,1.13157,1.13157,1.13138,1.13138,1.13223,1.13223,1.13204,1.13204,,,,,16
2025-04-13 23:19:00,1.13156,1.13156,1.13144,1.13152,1.13222,1.13222,1.1321,1.13218,,,,,5
2025-04-13 23:20:00,1.13156,1.13156,1.13152,1.13155,1.13222,1.13222,1.13218,1.13221,,,,,3
2025-04-13 23:21:00,1.13152,1.13155,1.13152,1.13155,1.13218,1.13221,1.13218,1.13221,,,,,2
2025-04-13 23:22:00,1.13152,1.13155,1.13152,1.13155,1.13218,1.13221,1.13218,1.13221,,,,,2
2025-04-13 23:23:00,1.13152,1.13155,1.13152,1.13155,1.13218,1.13221,1.13218,1.13221,,,,,2
2025-04-13 23:24:00,1.13152,1.13155,1.13152,1.13155,1.13218,1.13221,1.13218,1.13221,,,,,2
2025-04-13 23:25:00,1.13152,1.13166,1.13152,1.13166,1.13218,1.13232,1.13218,1.13232,,,,,4
2025-04-13 23:26:00,1.13165,1.13166,1.13164,1.13164,1.13231,1.13232,1.1323,1.1323,,,,,3
2025-04-13 23:27:00,1.13162,1.13162,1.13162,1.13162,1.13228,1.13228,1.13228,1.13228,,,,,1
2025-04-13 23:32:00,1.13164,1.13166,1.13164,1.13165,1.1323,1.13232,1.1323,1.13231,,,,,3
2025-04-13 23:33:00,1.1317,1.13173,1.13166,1.13173,1.13225,1.13232,1.13222,1.13222,,,,,3
2025-04-13 23:34:00,1.13166,1.13173,1.13166,1.13173,1.13232,1.13232,1.13222,1.13222,,,,,4
2025-04-13 23:35:00,1.13166,1.13166,1.13166,1.13166,1.13232,1.13232,1.13232,1.13232,,,,,1
2025-04-13 23:36:00,1.13173,1.13173,1.13166,1.13173,1.13222,1.13232,1.13222,1.13222,,,,,3
2025-04-13 23:37:00,1.13166,1.13172,1.13166,1.13166,1.13232,1.13232,1.13226,1.13232,,,,,6
2025-04-13 23:38:00,1.13172,1.13172,1.13166,1.13166,1.13235,1.13235,1.13232,1.13232,,,,,2
2025-04-13 23:39:00,1.13172,1.13172,1.13165,1.13165,1.13236,1.13237,1.13231,1.13231,,,,,4
2025-04-13 23:40:00,1.13166,1.13166,1.13165,1.13166,1.13232,1.13232,1.13231,1.13232,,,,,3
2025-04-13 23:41:00,1.13164,1.1318,1.13164,1.1317,1.13229,1.13231,1.13222,1.13222,,,,,9
2025-04-13 23:42:00,1.13172,1.13172,1.13163,1.13167,1.13237,1.13237,1.13223,1.13232,,,,,7
2025-04-13 23:43:00,1.13168,1.13171,1.13162,1.13171,1.13229,1.13234,1.13226,1.13233,,,,,8
2025-04-13 23:44:00,1.13165,1.13172,1.13165,1.13172,1.13231,1.13234,1.13231,1.13234,,,,,3
2025-04-13 23:45:00,1.13165,1.13172,1.13165,1.13172,1.13231,1.13235,1.13231,1.13235,,,,,2
2025-04-13 23:46:00,1.13165,1.13172,1.13165,1.13172,1.13231,1.13235,1.13231,1.13235,,,,,2
2025-04-13 23:47:00,1.13171,1.13172,1.13165,1.13171,1.13236,1.13236,1.13227,1.13227,,,,,5
2025-04-13 23:48:00,1.13173,1.13173,1.13171,1.13171,1.13225,1.13227,1.13222,1.13227,,,,,4
2025-04-13 23:49:00,1.13172,1.13172,1.13165,1.13169,1.13234,1.13235,1.13231,1.13235,,,,,3
2025-04-13 23:50:00,1.13165,1.1318,1.13165,1.13171,1.13231,1.13237,1.13231,1.13237,,,,,4
2025-04-13 23:51:00,1.13165,1.13171,1.13165,1.13171,1.13231,1.13237,1.13231,1.13237,,,,,2
2025-04-13 23:52:00,1.13165,1.13176,1.13165,1.13176,1.13231,1.13237,1.13224,1.1323,,,,,6
2025-04-13 23:53:00,1.1317,1.13176,1.1317,1.1317,1.13225,1.13225,1.13224,1.13225,,,,,3
2025-04-13 23:54:00,1.13176,1.13176,1.13176,1.13176,1.13224,1.13224,1.13224,1.13224,,,,,1
2025-04-13 23:55:00,1.1317,1.13175,1.13165,1.13165,1.13225,1.13231,1.13223,1.13231,,,,,4
2025-04-13 23:56:00,1.13174,1.13174,1.13165,1.13174,1.13224,1.13231,1.13224,1.13224,,,,,3
2025-04-13 23:57:00,1.13171,1.13171,1.13164,1.13167,1.13221,1.13231,1.13218,1.13221,,,,,6
2025-04-13 23:58:00,1.13163,1.13188,1.13156,1.13157,1.13217,1.13237,1.13216,1.13223,,,,,22
2025-04-13 23:59:00,1.1316,1.13167,1.13157,1.13166,1.13222,1.13226,1.13213,1.13213,,,,,14
2025-04-14 00:00:00,1.1316,1.13224,1.13152,1.13205,1.13226,1.1329,1.1321,1.13271,,,,,113
2025-04-14 00:01:00,1.13216,1.13302,1.13206,1.13282,1.13282,1.13343,1.13271,1.13319,,,,,108
2025-04-14 00:02:00,1.13279,1.13309,1.13274,1.13282,1.13316,1.1334,1.13312,1.13314,,,,,87
2025-04-14 00:03:00,1.13281,1.13285,1.13236,1.13239,1.13315,1.13315,1.1327,1.13277,,,,,84
2025-04-14 00:04:00,1.13235,1.13288,1.13191,1.13279,1.13271,1.13327,1.13236,1.13315,,,,,126
2025-04-14 00:05:00,1.13282,1.13293,1.13256,1.13279,1.13312,1.13318,1.13288,1.13311,,,,,87
2025-04-14 00:06:00,1.1328,1.1328,1.13234,1.13239,1.1331,1.1331,1.13271,1.13277,,,,,54
2025-04-14 00:07:00,1.13233,1.13261,1.13226,1.13251,1.13279,1.13292,1.13263,1.13285,,,,,44
2025-04-14 00:08:00,1.13252,1.13274,1.13251,1.13271,1.13284,1.133,1.13284,1.13294,,,,,59
2025-04-14 00:09:00,1.13268,1.13286,1.13264,1.13265,1.13292,1.13319,1.13288,1.13289,,,,,37
2025-04-14 00:10:00,1.13266,1.1327,1.13235,1.13239,1.13288,1.13297,1.13273,1.13273,,,,,41
2025-04-14 00:11:00,1.13227,1.13255,1.13227,1.13237,1.13266,1.13291,1.13264,1.13277,,,,,26
2025-04-14 00:12:00,1.13239,1.13255,1.13234,1.13247,1.13278,1.13295,1.13274,1.13286,,,,,27
2025-04-14 00:13:00,1.13244,1.13244,1.13234,1.13237,1.13282,1.13286,1.13272,1.13275,,,,,26
2025-04-14 00:14:00,1.13241,1.13253,1.13236,1.13236,1.13278,1.1329,1.13271,1.13271,,,,,20
2025-04-14 00:15:00,1.13243,1.13283,1.13243,1.1328,1.13275,1.13308,1.13275,1.13304,,,,,45
2025-04-14 00:16:00,1.13282,1.13316,1.1328,1.13316,1.13305,1.13343,1.13304,1.13343,,,,,59
2025-04-14 00:17:00,1.13315,1.13349,1.13315,1.13328,1.1334,1.13373,1.1334,1.13355,,,,,40
2025-04-14 00:18:00,1.13345,1.13399,1.13343,1.13396,1.13367,1.13434,1.13367,1.13423,,,,,90
2025-04-14 00:19:00,1.13395,1.13424,1.13387,1.13392,1.13424,1.13454,1.13414,1.13424,,,,,70
2025-04-14 00:20:00,1.13401,1.13423,1.13387,1.13413,1.1343,1.13457,1.13421,1.13447,,,,,52
2025-04-14 00:21:00,1.13417,1.13425,1.13398,1.13411,1.13451,1.13456,1.13438,1.13442,,,,,37
2025-04-14 00:22:00,1.13413,1.13413,1.13397,1.13411,1.13441,1.13441,1.13429,1.13435,,,,,25
2025-04-14 00:23:00,1.13414,1.13424,1.13411,1.13421,1.13437,1.13449,1.13434,1.13446,,,,,30
2025-04-14 00:24:00,1.1342,1.1343,1.13389,1.13389,1.13444,1.13455,1.13419,1.13419,,,,,53
2025-04-14 00:25:00,1.13391,1.13391,1.1337,1.13374,1.1342,1.1342,1.13393,1.13397,,,,,58
2025-04-14 00:26:00,1.13375,1.13434,1.13373,1.13434,1.13398,1.13456,1.13396,1.13456,,,,,57
2025-04-14 00:27:00,1.13433,1.13434,1.13386,1.13386,1.13455,1.13456,1.13416,1.13416,,,,,48
2025-04-14 00:28:00,1.13384,1.13432,1.13383,1.1343,1.13417,1.13456,1.13411,1.13453,,,,,56
2025-04-14 00:29:00,1.13429,1.13432,1.13423,1.13427,1.13452,1.13454,1.13446,1.1345,,,,,35
2025-04-14 00:30:00,1.13429,1.13493,1.13418,1.13493,1.13449,1.13515,1.13442,1.13515,,,,,74
2025-04-14 00:31:00,1.13492,1.13516,1.13467,1.13511,1.13513,1.13541,1.13493,1.13536,,,,,71
2025-04-14 00:32:00,1.1351,1.13521,1.13503,1.13509,1.13535,1.13544,1.13526,1.13534,,,,,75
2025-04-14 00:33:00,1.1351,1.1354,1.13501,1.1353,1.13525,1.13566,1.13525,1.13554,,,,,85
2025-04-14 00:34:00,1.13524,1.13524,1.13444,1.13466,1.13549,1.13549,1.13481,1.13497,,,,,76
2025-04-14 00:35:00,1.13465,1.13476,1.1344,1.13444,1.13502,1.13503,1.13473,1.13473,,,,,73
2025-04-14 00:36:00,1.13442,1.1345,1.13426,1.13436,1.13471,1.13475,1.13457,1.13461,,,,,68
2025-04-14 00:37:00,1.13432,1.13444,1.13411,1.13422,1.13462,1.13473,1.13443,1.13445,,,,,62
2025-04-14 00:38:00,1.13421,1.13421,1.13394,1.13418,1.13444,1.13444,1.13416,1.13438,,,,,44
2025-04-14 00:39:00,1.1342,1.13424,1.13399,1.13417,1.1344,1.13444,1.13419,1.13437,,,,,45
2025-04-14 00:40:00,1.13419,1.13457,1.13419,1.13457,1.13439,1.13477,1.13439,1.13477,,,,,61
2025-04-14 00:41:00,1.13454,1.13491,1.13447,1.13478,1.13474,1.13511,1.13467,1.13498,,,,,56
2025-04-14 00:42:00,1.13476,1.13483,1.13446,1.13454,1.13496,1.13504,1.13466,1.13475,,,,,70
2025-04-14 00:43:00,1.13453,1.13456,1.13429,1.13436,1.13473,1.13476,1.13446,1.13449,,,,,48
2025-04-14 00:44:00,1.13438,1.1345,1.13397,1.13398,1.1345,1.13463,1.13409,1.13411,,,,,85
2025-04-14 00:45:00,1.13401,1.13405,1.13392,1.13397,1.13413,1.13418,1.13405,1.1341,,,,,60
2025-04-14 00:46:00,1.13399,1.13433,1.13394,1.13433,1.13411,1.13449,1.13411,1.13449,,,,,42
2025-04-14 00:47:00,1.13435,1.13435,1.13413,1.13428,1.13447,1.13454,1.13434,1.13445,,,,,48
2025-04-14 00:48:00,1.13431,1.13452,1.13429,1.13438,1.13448,1.13467,1.13448,1.13456,,,,,51
2025-04-14 00:49:00,1.13439,1.1344,1.13417,1.13439,1.13457,1.13457,1.13432,1.13451,,,,,58
2025-04-14 00:50:00,1.13441,1.13469,1.13434,1.13463,1.1345,1.13487,1.1345,1.13478,,,,,53
2025-04-14 00:51:00,1.1346,1.13481,1.13457,1.13464,1.13475,1.1349,1.13469,1.13477,,,,,66
2025-04-14 00:52:00,1.13463,1.13464,1.13418,1.13418,1.13475,1.13476,1.13427,1.13427,,,,,42
2025-04-14 00:53:00,1.13421,1.13421,1.13395,1.13417,1.1343,1.1343,1.13404,1.13426,,,,,45
2025-04-14 00:54:00,1.13416,1.13416,1.13357,1.1336,1.13425,1.13425,1.13366,1.13369,,,,,50
2025-04-14 00:55:00,1.13361,1.13362,1.1332,1.13321,1.1337,1.13371,1.13329,1.1333,,,,,53
2025-04-14 00:56:00,1.13322,1.13341,1.1331,1.13313,1.13331,1.1335,1.13319,1.13322,,,,,40
2025-04-14 00:57:00,1.13312,1.1332,1.133,1.13313,1.13321,1.13334,1.13309,1.13333,,,,,50
2025-04-14 00:58:00,1.13311,1.13334,1.13296,1.13332,1.13334,1.13356,1.13316,1.13355,,,,,60
2025-04-14 00:59:00,1.13335,1.13335,1.13327,1.13331,1.13356,1.13356,1.13345,1.13349,,,,,47
2025-04-14 01:00:00,1.13339,1.13381,1.13325,1.1337,1.13357,1.13395,1.13344,1.13391,,,,,115
2025-04-14 01:01:00,1.13366,1.1337,1.13345,1.1335,1.13385,1.13386,1.13361,1.13365,,,,,82
2025-04-14 01:02:00,1.13349,1.13349,1.133,1.13308,1.13364,1.13364,1.13316,1.13324,,,,,95
2025-04-14 01:03:00,1.1331,1.13327,1.13279,1.13283,1.13326,1.13336,1.13298,1.13305,,,,,94
2025-04-14 01:04:00,1.13282,1.13312,1.13282,1.13294,1.13303,1.1333,1.13303,1.1331,,,,,103
2025-04-14 01:05:00,1.13293,1.13325,1.13293,1.13317,1.13309,1.13344,1.13309,1.13336,,,,,74
2025-04-14 01:06:00,1.13316,1.13343,1.13295,1.13339,1.13335,1.1336,1.1331,1.13352,,,,,85
2025-04-14 01:07:00,1.1334,1.13401,1.13332,1.13401,1.1335,1.13413,1.13343,1.1341,,,,,80
2025-04-14 01:08:00,1.13406,1.13417,1.1337,1.13381,1.13415,1.13427,1.13384,1.134,,,,,71
2025-04-14 01:09:00,1.13383,1.13404,1.1337,1.13374,1.13402,1.13413,1.13379,1.13383,,,,,32
2025-04-14 01:10:00,1.1337,1.13417,1.13339,1.13408,1.13379,1.13426,1.13348,1.13417,,,,,68
2025-04-14 01:11:00,1.13411,1.13438,1.13394,1.13399,1.1342,1.13448,1.13403,1.13408,,,,,60
2025-04-14 01:12:00,1.13397,1.13408,1.13365,1.13375,1.13406,1.13417,1.13374,1.13384,,,,,32
2025-04-14 01:13:00,1.13377,1.13377,1.13339,1.13358,1.13388,1.13388,1.13348,1.13369,,,,,51
2025-04-14 01:14:00,1.13352,1.13359,1.13327,1.13333,1.13363,1.1337,1.13336,1.13344,,,,,49
2025-04-14 01:15:00,1.13335,1.13381,1.13332,1.1335,1.13342,1.13392,1.13342,1.13359,,,,,61
2025-04-14 01:16:00,1.13351,1.13378,1.13351,1.13373,1.1336,1.13387,1.1336,1.13382,,,,,38
2025-04-14 01:17:00,1.13372,1.13374,1.13339,1.13363,1.13381,1.13383,1.13348,1.13372,,,,,52
2025-04-14 01:18:00,1.13357,1.13384,1.13357,1.13384,1.13366,1.13393,1.13366,1.13393,,,,,51
2025-04-14 01:19:00,1.1338,1.13388,1.13373,1.13375,1.13389,1.13397,1.13382,1.13384,,,,,51
2025-04-14 01:20:00,1.13376,1.13388,1.13343,1.13347,1.13385,1.13397,1.13352,1.13356,,,,,44
2025-04-14 01:21:00,1.1335,1.13367,1.13327,1.13362,1.13359,1.1338,1.13342,1.13371,,,,,49
2025-04-14 01:22:00,1.13363,1.13363,1.13348,1.13349,1.13372,1.13375,1.13357,1.13358,,,,,40
2025-04-14 01:23:00,1.13347,1.13348,1.13308,1.13329,1.13356,1.13357,1.13317,1.13338,,,,,58
2025-04-14 01:24:00,1.13331,1.13344,1.13326,1.13332,1.1334,1.13353,1.13335,1.13341,,,,,45
2025-04-14 01:25:00,1.13333,1.13346,1.13324,1.13326,1.13342,1.13355,1.13333,1.13335,,,,,49
2025-04-14 01:26:00,1.13327,1.13337,1.13285,1.1329,1.13336,1.13346,1.13298,1.13299,,,,,37
2025-04-14 01:27:00,1.13283,1.13286,1.13262,1.13265,1.13292,1.13295,1.13271,1.13274,,,,,42
2025-04-14 01:28:00,1.13264,1.13286,1.1326,1.1326,1.13273,1.13295,1.13269,1.13269,,,,,34
2025-04-14 01:29:00,1.13261,1.13295,1.13238,1.13285,1.1327,1.13304,1.13247,1.13296,,,,,66
2025-04-14 01:30:00,1.13295,1.13328,1.1329,1.13309,1.13304,1.13339,1.13301,1.13318,,,,,59
2025-04-14 01:31:00,1.13319,1.13325,1.13306,1.13315,1.13328,1.13334,1.13315,1.13324,,,,,38
2025-04-14 01:32:00,1.13312,1.13328,1.13308,1.13325,1.13321,1.13337,1.13317,1.13334,,,,,41
2025-04-14 01:33:00,1.13324,1.13343,1.13295,1.13295,1.13333,1.13352,1.13304,1.13304,,,,,51
2025-04-14 01:34:00,1.13293,1.13327,1.13289,1.13301,1.13302,1.13338,1.13298,1.1331,,,,,56
2025-04-14 01:35:00,1.13305,1.13306,1.13286,1.13303,1.13314,1.13315,1.13295,1.13312,,,,,50
2025-04-14 01:36:00,1.13302,1.13316,1.13293,1.13314,1.13311,1.13325,1.13302,1.13323,,,,,41
2025-04-14 01:37:00,1.13317,1.13359,1.13315,1.13345,1.13326,1.13368,1.13324,1.13354,,,,,48
2025-04-14 01:38:00,1.13344,1.13371,1.13343,1.13356,1.13353,1.1338,1.13352,1.13365,,,,,48
2025-04-14 01:39:00,1.13354,1.13354,1.13336,1.13345,1.13363,1.13363,1.13345,1.13354,,,,,25
2025-04-14 01:40:00,1.13344,1.1336,1.13332,1.13346,1.13353,1.13369,1.13343,1.13357,,,,,46
2025-04-14 01:41:00,1.13344,1.13352,1.13344,1.13345,1.13355,1.13362,1.13355,1.13356,,,,,14
2025-04-14 01:42:00,1.13351,1.13368,1.13341,1.13358,1.13362,1.13379,1.13352,1.13369,,,,,36
2025-04-14 01:43:00,1.13359,1.13379,1.1335,1.13376,1.1337,1.1339,1.13361,1.13387,,,,,35
2025-04-14 01:44:00,1.13375,1.13405,1.13375,1.13393,1.13386,1.13416,1.13386,1.13404,,,,,57
2025-04-14 01:45:00,1.1339,1.1342,1.13388,1.1342,1.13401,1.13429,1.13399,1.13429,,,,,85
2025-04-14 01:46:00,1.13419,1.13426,1.13407,1.13426,1.13428,1.13437,1.13416,1.13437,,,,,73
2025-04-14 01:47:00,1.13425,1.13489,1.13399,1.13461,1.13436,1.13498,1.1341,1.1347,,,,,84
2025-04-14 01:48:00,1.13455,1.13473,1.13442,1.13459,1.13464,1.13482,1.13451,1.13468,,,,,84
2025-04-14 01:49:00,1.13461,1.13472,1.13448,1.13455,1.1347,1.13481,1.13457,1.13464,,,,,53
2025-04-14 01:50:00,1.13454,1.13469,1.13434,1.1346,1.13463,1.13478,1.13443,1.13469,,,,,78
2025-04-14 01:51:00,1.13454,1.13454,1.13423,1.13424,1.13463,1.13463,1.13432,1.13433,,,,,39
2025-04-14 01:52:00,1.13425,1.13428,1.13407,1.13421,1.13434,1.13437,1.13416,1.1343,,,,,29
2025-04-14 01:53:00,1.1342,1.13421,1.1339,1.13395,1.13429,1.1343,1.13399,1.13404,,,,,51
2025-04-14 01:54:00,1.13394,1.13416,1.13394,1.13411,1.13403,1.13425,1.13403,1.1342,,,,,49
2025-04-14 01:55:00,1.13413,1.13421,1.13389,1.13421,1.13422,1.13427,1.13398,1.13427,,,,,56
2025-04-14 01:56:00,1.13417,1.13431,1.13415,1.13426,1.13423,1.13439,1.13421,1.13432,,,,,36
2025-04-14 01:57:00,1.13425,1.13437,1.13425,1.13435,1.13431,1.13444,1.13431,1.13441,,,,,31
2025-04-14 01:58:00,1.13433,1.13434,1.13405,1.13415,1.13439,1.1344,1.13411,1.13421,,,,,28
2025-04-14 01:59:00,1.13414,1.13428,1.13406,1.13417,1.1342,1.13437,1.13414,1.13426,,,,,42
2025-04-14 02:00:00,1.1342,1.13471,1.13406,1.13464,1.13429,1.1348,1.13412,1.13473,,,,,191
2025-04-14 02:01:00,1.13469,1.13497,1.13459,1.13472,1.13478,1.13506,1.13468,1.13481,,,,,141
2025-04-14 02:02:00,1.13471,1.13478,1.1343,1.1347,1.1348,1.13487,1.13439,1.13479,,,,,117
2025-04-14 02:03:00,1.13471,1.13518,1.13467,1.13496,1.1348,1.13527,1.13476,1.13505,,,,,121
2025-04-14 02:04:00,1.13501,1.13501,1.13485,1.1349,1.1351,1.13511,1.13494,1.13499,,,,,65
2025-04-14 02:05:00,1.13491,1.13522,1.13488,1.13509,1.135,1.13531,1.13497,1.13518,,,,,96
2025-04-14 02:06:00,1.13507,1.1353,1.13507,1.13528,1.13516,1.13539,1.13516,1.13537,,,,,93
2025-04-14 02:07:00,1.13527,1.13572,1.13504,1.13569,1.13536,1.13581,1.13513,1.13578,,,,,105
2025-04-14 02:08:00,1.13568,1.13615,1.13566,1.13592,1.13579,1.13627,1.13576,1.13606,,,,,109
2025-04-14 02:09:00,1.13594,1.13614,1.13589,1.13597,1.13608,1.13632,1.13601,1.13621,,,,,101
2025-04-14 02:10:00,1.13598,1.1365,1.13587,1.1365,1.1362,1.13659,1.13605,1.13659,,,,,92
2025-04-14 02:11:00,1.13654,1.13699,1.13623,1.13675,1.13663,1.13711,1.13635,1.13684,,,,,118
2025-04-14 02:12:00,1.13674,1.13703,1.13667,1.13693,1.13683,1.13712,1.13677,1.13704,,,,,77
2025-04-14 02:13:00,1.13695,1.13702,1.1366,1.13675,1.13699,1.13716,1.13669,1.13691,,,,,102
2025-04-14 02:14:00,1.13678,1.13681,1.13648,1.13666,1.13694,1.13694,1.13657,1.13675,,,,,60
2025-04-14 02:15:00,1.13656,1.13661,1.13635,1.1366,1.13665,1.1367,1.13644,1.13669,,,,,80
2025-04-14 02:16:00,1.13659,1.13686,1.13642,1.13655,1.13668,1.13698,1.13651,1.13664,,,,,72
2025-04-14 02:17:00,1.13661,1.13679,1.13642,1.13673,1.1367,1.13691,1.13651,1.13689,,,,,92
2025-04-14 02:18:00,1.13672,1.13686,1.13653,1.13658,1.13688,1.13696,1.13663,1.13669,,,,,74
2025-04-14 02:19:00,1.1366,1.1366,1.13599,1.13633,1.13668,1.13668,1.13608,1.13642,,,,,110
2025-04-14 02:20:00,1.13632,1.13652,1.13607,1.13611,1.13641,1.13661,1.13616,1.1362,,,,,96
2025-04-14 02:21:00,1.13609,1.13627,1.13599,1.13619,1.13618,1.13636,1.13608,1.13628,,,,,88
2025-04-14 02:22:00,1.13621,1.13641,1.13611,1.13628,1.1363,1.1365,1.1362,1.13637,,,,,77
2025-04-14 02:23:00,1.13624,1.1363,1.13582,1.13583,1.13633,1.13639,1.13591,1.13592,,,,,88
2025-04-14 02:24:00,1.13585,1.13594,1.1357,1.13575,1.13594,1.13603,1.13579,1.13584,,,,,54
2025-04-14 02:25:00,1.13572,1.13572,1.13509,1.13519,1.13581,1.13581,1.13518,1.13528,,,,,102
2025-04-14 02:26:00,1.1352,1.13523,1.13497,1.13497,1.13529,1.13532,1.13506,1.13506,,,,,67
2025-04-14 02:27:00,1.13499,1.13524,1.13495,1.13519,1.13508,1.13533,1.13504,1.13528,,,,,60
2025-04-14 02:28:00,1.1352,1.13594,1.1351,1.13583,1.13529,1.13605,1.13519,1.13596,,,,,68
2025-04-14 02:29:00,1.13589,1.13598,1.13565,1.13578,1.13601,1.13609,1.13574,1.13587,,,,,65
2025-04-14 02:30:00,1.13584,1.1361,1.13574,1.136,1.13593,1.13619,1.13583,1.13609,,,,,59
2025-04-14 02:31:00,1.13602,1.13662,1.136,1.13661,1.13611,1.13675,1.13609,1.13674,,,,,92
2025-04-14 02:32:00,1.13663,1.1368,1.13625,1.1364,1.13675,1.13693,1.13635,1.13649,,,,,103
2025-04-14 02:33:00,1.13642,1.13642,1.13619,1.13641,1.13651,1.13651,1.13628,1.1365,,,,,64
2025-04-14 02:34:00,1.13649,1.1368,1.13644,1.13678,1.13658,1.13689,1.13653,1.13687,,,,,66
2025-04-14 02:35:00,1.13676,1.13679,1.1363,1.13661,1.13685,1.13688,1.13639,1.1367,,,,,87
2025-04-14 02:36:00,1.13665,1.13678,1.13654,1.13677,1.13674,1.13686,1.13663,1.13683,,,,,63
2025-04-14 02:37:00,1.13679,1.13693,1.13647,1.13647,1.13685,1.13699,1.1366,1.1366,,,,,70
2025-04-14 02:38:00,1.13648,1.13658,1.13626,1.13652,1.13661,1.13673,1.13635,1.13667,,,,,71
2025-04-14 02:39:00,1.13656,1.13665,1.13644,1.13655,1.1367,1.13674,1.13656,1.13664,,,,,58
2025-04-14 02:40:00,1.13652,1.13658,1.13622,1.13622,1.13667,1.13671,1.13629,1.13637,,,,,57
2025-04-14 02:41:00,1.13632,1.13649,1.13612,1.13617,1.13644,1.13658,1.1362,1.13626,,,,,60
2025-04-14 02:42:00,1.13614,1.13631,1.13598,1.13624,1.13625,1.1364,1.13611,1.13633,,,,,87
2025-04-14 02:43:00,1.13622,1.13628,1.13614,1.13615,1.13634,1.13637,1.13626,1.13629,,,,,71
2025-04-14 02:44:00,1.13612,1.13625,1.13579,1.13579,1.1363,1.13635,1.13593,1.13593,,,,,76
2025-04-14 02:45:00,1.13578,1.13584,1.13566,1.1357,1.13592,1.13598,1.13578,1.13585,,,,,72
2025-04-14 02:46:00,1.13573,1.13585,1.13557,1.13566,1.13587,1.13598,1.13566,1.13579,,,,,65
2025-04-14 02:47:00,1.13567,1.13573,1.13554,1.13565,1.1358,1.13582,1.13563,1.13574,,,,,44
2025-04-14 02:48:00,1.13566,1.136,1.13566,1.13598,1.13575,1.13606,1.13575,1.13604,,,,,57
2025-04-14 02:49:00,1.136,1.136,1.1355,1.13563,1.13606,1.13606,1.13563,1.13572,,,,,65
2025-04-14 02:50:00,1.13562,1.13582,1.13544,1.13566,1.13571,1.13591,1.13555,1.13581,,,,,80
2025-04-14 02:51:00,1.13563,1.13582,1.13525,1.13528,1.13578,1.13597,1.13537,1.13537,,,,,97
2025-04-14 02:52:00,1.13526,1.13526,1.13512,1.13518,1.13535,1.13538,1.13523,1.13527,,,,,63
2025-04-14 02:53:00,1.1352,1.13524,1.13508,1.13517,1.13529,1.13533,1.13517,1.13526,,,,,85
2025-04-14 02:54:00,1.13519,1.13545,1.13507,1.13539,1.13528,1.13552,1.13515,1.13545,,,,,153
2025-04-14 02:55:00,1.1354,1.13548,1.13502,1.13511,1.13546,1.13554,1.1351,1.13517,,,,,172
2025-04-14 02:56:00,1.13517,1.13541,1.13504,1.13509,1.13523,1.13547,1.13514,1.13518,,,,,124
2025-04-14 02:57:00,1.1351,1.13603,1.13507,1.13573,1.13519,1.13609,1.13515,1.13579,,,,,138
2025-04-14 02:58:00,1.13572,1.13698,1.13572,1.13691,1.13578,1.13707,1.13578,1.13706,,,,,177
2025-04-14 02:59:00,1.1369,1.13695,1.13643,1.13652,1.13702,1.13708,1.13651,1.13658,,,,,117
2025-04-14 03:00:00,1.13654,1.13693,1.1364,1.13686,1.1366,1.13705,1.13648,1.13702,,,,,106
2025-04-14 03:01:00,1.13687,1.13756,1.13675,1.13682,1.13706,1.1377,1.13681,1.13691,,,,,129
2025-04-14 03:02:00,1.13683,1.13725,1.13666,1.1372,1.13692,1.13734,1.13672,1.13726,,,,,89
2025-04-14 03:03:00,1.13725,1.13734,1.13704,1.13734,1.13731,1.1374,1.13711,1.1374,,,,,75
2025-04-14 03:04:00,1.1373,1.13736,1.13696,1.13698,1.13736,1.13742,1.13706,1.13711,,,,,74
2025-04-14 03:05:00,1.13709,1.13731,1.13685,1.13688,1.13723,1.13737,1.13691,1.13694,,,,,68
2025-04-14 03:06:00,1.13689,1.13702,1.13681,1.13699,1.13695,1.13709,1.13687,1.13708,,,,,60
2025-04-14 03:07:00,1.13707,1.13719,1.13695,1.13715,1.13716,1.13728,1.13706,1.13724,,,,,73
2025-04-14 03:08:00,1.13716,1.13727,1.13685,1.1372,1.13725,1.13733,1.13691,1.13726,,,,,84
2025-04-14 03:09:00,1.13723,1.13726,1.13701,1.13724,1.13729,1.13732,1.13707,1.1373,,,,,55
2025-04-14 03:10:00,1.13725,1.13753,1.13722,1.13752,1.13731,1.13765,1.13731,1.13763,,,,,82
2025-04-14 03:11:00,1.13758,1.13761,1.13739,1.13753,1.13767,1.13767,1.13748,1.13759,,,,,61
2025-04-14 03:12:00,1.13761,1.1385,1.13761,1.13843,1.13767,1.13864,1.13767,1.13852,,,,,148
2025-04-14 03:13:00,1.13842,1.13842,1.13788,1.13799,1.13848,1.13851,1.13796,1.13805,,,,,112
2025-04-14 03:14:00,1.13796,1.13816,1.13767,1.13777,1.13802,1.13822,1.13776,1.13786,,,,,108
2025-04-14 03:15:00,1.13775,1.13781,1.13725,1.13747,1.13784,1.1379,1.13734,1.13758,,,,,119
2025-04-14 03:16:00,1.13749,1.13806,1.13739,1.13797,1.13756,1.13819,1.13745,1.13811,,,,,118
2025-04-14 03:17:00,1.13795,1.13844,1.13784,1.13789,1.13808,1.13858,1.13795,1.13795,,,,,117
2025-04-14 03:18:00,1.13788,1.13809,1.13782,1.1379,1.13794,1.13818,1.13794,1.13799,,,,,69
2025-04-14 03:19:00,1.13784,1.13791,1.13751,1.13764,1.13793,1.13798,1.13757,1.13773,,,,,72
2025-04-14 03:20:00,1.13763,1.13785,1.13763,1.13775,1.13772,1.13791,1.13771,1.13781,,,,,60
2025-04-14 03:21:00,1.13776,1.13832,1.1377,1.13831,1.13782,1.13838,1.13776,1.13837,,,,,115
2025-04-14 03:22:00,1.13828,1.13863,1.13827,1.13861,1.13834,1.13872,1.13834,1.1387,,,,,99
2025-04-14 03:23:00,1.13863,1.13891,1.13856,1.13884,1.13872,1.13907,1.13862,1.13893,,,,,116
2025-04-14 03:24:00,1.13885,1.13892,1.13848,1.13861,1.13894,1.13899,1.13854,1.13867,,,,,94
2025-04-14 03:25:00,1.1386,1.13888,1.13851,1.1388,1.13866,1.13904,1.13857,1.139,,,,,61
2025-04-14 03:26:00,1.13884,1.13945,1.13882,1.13943,1.13904,1.13954,1.13895,1.13952,,,,,109
2025-04-14 03:27:00,1.1394,1.13945,1.13896,1.13897,1.13949,1.13954,1.13905,1.13906,,,,,53
2025-04-14 03:28:00,1.139,1.13959,1.13885,1.13913,1.13909,1.13968,1.13894,1.13922,,,,,100
2025-04-14 03:29:00,1.13911,1.13922,1.13905,1.1391,1.1392,1.13931,1.13914,1.13919,,,,,58
2025-04-14 03:30:00,1.13905,1.13906,1.13881,1.13891,1.13914,1.13915,1.13893,1.139,,,,,67
2025-04-14 03:31:00,1.13889,1.13889,1.1383,1.13858,1.13898,1.13898,1.13836,1.13867,,,,,77
2025-04-14 03:32:00,1.13857,1.13865,1.13849,1.1386,1.13866,1.13874,1.13858,1.13869,,,,,57
2025-04-14 03:33:00,1.13859,1.13904,1.13859,1.13894,1.13868,1.13913,1.13868,1.1391,,,,,67
2025-04-14 03:34:00,1.13897,1.13943,1.13897,1.13942,1.13913,1.13954,1.13913,1.13951,,,,,67
2025-04-14 03:35:00,1.13943,1.13961,1.13939,1.13954,1.13952,1.1397,1.13948,1.13963,,,,,69
2025-04-14 03:36:00,1.13949,1.1398,1.13949,1.13975,1.13958,1.13995,1.13958,1.13992,,,,,63
2025-04-14 03:37:00,1.13979,1.13994,1.13955,1.13988,1.13996,1.14004,1.13961,1.13994,,,,,152
2025-04-14 03:38:00,1.13989,1.14027,1.13981,1.14004,1.13995,1.14034,1.13988,1.14019,,,,,112
2025-04-14 03:39:00,1.14006,1.14083,1.14004,1.14076,1.1402,1.14096,1.14019,1.14088,,,,,134
2025-04-14 03:40:00,1.14078,1.14085,1.14004,1.14037,1.1409,1.14094,1.14023,1.14046,,,,,145
2025-04-14 03:41:00,1.14039,1.14067,1.14022,1.14042,1.14048,1.14075,1.1403,1.14051,,,,,145
2025-04-14 03:42:00,1.14041,1.14061,1.14009,1.14033,1.1405,1.1407,1.14018,1.14042,,,,,164
2025-04-14 03:43:00,1.14032,1.14037,1.13934,1.13988,1.14041,1.14046,1.13943,1.13997,,,,,156
2025-04-14 03:44:00,1.13995,1.13995,1.13896,1.1391,1.14004,1.14004,1.13905,1.13919,,,,,190
2025-04-14 03:45:00,1.13911,1.13972,1.13869,1.13888,1.1392,1.14003,1.13879,1.13897,,,,,192
2025-04-14 03:46:00,1.13889,1.13962,1.13889,1.13962,1.13898,1.13971,1.13898,1.13971,,,,,133
2025-04-14 03:47:00,1.13956,1.13974,1.13931,1.13971,1.13965,1.13983,1.1394,1.1398,,,,,108
2025-04-14 03:48:00,1.1397,1.14017,1.13964,1.14001,1.13979,1.14026,1.13973,1.14014,,,,,98
2025-04-14 03:49:00,1.14016,1.14051,1.14006,1.14009,1.14029,1.14062,1.14017,1.14018,,,,,122
2025-04-14 03:50:00,1.14006,1.14014,1.13937,1.13937,1.14015,1.14023,1.13946,1.13946,,,,,83
2025-04-14 03:51:00,1.13938,1.13943,1.1392,1.13936,1.13947,1.13957,1.13929,1.13945,,,,,68
2025-04-14 03:52:00,1.13931,1.13933,1.13865,1.13881,1.1394,1.13942,1.13876,1.1389,,,,,104
2025-04-14 03:53:00,1.13882,1.13898,1.13863,1.13882,1.13891,1.13909,1.13872,1.13891,,,,,77
2025-04-14 03:54:00,1.13879,1.13899,1.13852,1.13864,1.13894,1.13914,1.13865,1.13873,,,,,80
2025-04-14 03:55:00,1.13861,1.13877,1.13854,1.13874,1.13874,1.13886,1.13866,1.1388,,,,,55
2025-04-14 03:56:00,1.13875,1.13875,1.13836,1.13848,1.13881,1.13881,1.13844,1.13857,,,,,99
2025-04-14 03:57:00,1.13849,1.13849,1.13813,1.13815,1.13858,1.13858,1.13821,1.13824,,,,,70
2025-04-14 03:58:00,1.13814,1.13844,1.13809,1.13828,1.13823,1.13853,1.13821,1.13837,,,,,87
2025-04-14 03:59:00,1.13831,1.13862,1.13828,1.13854,1.13844,1.13871,1.1384,1.1386,,,,,44
2025-04-14 04:00:00,1.13852,1.13861,1.13816,1.13846,1.13858,1.1387,1.13832,1.13861,,,,,143
2025-04-14 04:01:00,1.13847,1.13905,1.13845,1.13896,1.1386,1.13914,1.13858,1.13908,,,,,106
2025-04-14 04:02:00,1.13897,1.13904,1.13893,1.13896,1.13906,1.13913,1.13901,1.13905,,,,,37
2025-04-14 04:03:00,1.13901,1.13956,1.13901,1.13912,1.1391,1.13965,1.1391,1.13921,,,,,92
2025-04-14 04:04:00,1.13908,1.13959,1.13908,1.13959,1.13924,1.13968,1.13924,1.13968,,,,,52
2025-04-14 04:05:00,1.13958,1.13958,1.13882,1.13896,1.13967,1.13967,1.13888,1.13908,,,,,59
2025-04-14 04:06:00,1.13897,1.13944,1.13894,1.13941,1.13907,1.13955,1.13902,1.1395,,,,,77
2025-04-14 04:07:00,1.1394,1.13953,1.13926,1.13952,1.13949,1.13971,1.13935,1.13971,,,,,57
2025-04-14 04:08:00,1.13953,1.13954,1.13936,1.13949,1.1397,1.13971,1.13945,1.13958,,,,,43
2025-04-14 04:09:00,1.13953,1.13998,1.13951,1.13982,1.13962,1.14012,1.1396,1.13991,,,,,60
2025-04-14 04:10:00,1.13979,1.13998,1.13962,1.13965,1.13988,1.14007,1.13971,1.13974,,,,,73
2025-04-14 04:11:00,1.13964,1.13993,1.13951,1.13952,1.13973,1.14002,1.13957,1.13961,,,,,59
2025-04-14 04:12:00,1.13953,1.13993,1.13948,1.13989,1.13962,1.14001,1.13957,1.13998,,,,,66
2025-04-14 04:13:00,1.13987,1.13993,1.13967,1.13976,1.13996,1.14,1.13981,1.13987,,,,,52
2025-04-14 04:14:00,1.13975,1.14008,1.13975,1.13994,1.13988,1.14017,1.13987,1.14012,,,,,74
2025-04-14 04:15:00,1.1399,1.13996,1.13921,1.13935,1.14008,1.14012,1.13937,1.13951,,,,,101
2025-04-14 04:16:00,1.13932,1.13947,1.13879,1.13889,1.13949,1.13961,1.13894,1.13903,,,,,90
2025-04-14 04:17:00,1.13891,1.13908,1.13879,1.13893,1.13905,1.13917,1.13893,1.13902,,,,,61
2025-04-14 04:18:00,1.13895,1.1391,1.13886,1.13887,1.13904,1.13918,1.13896,1.13896,,,,,55
2025-04-14 04:19:00,1.13884,1.13903,1.13884,1.13898,1.139,1.13914,1.139,1.13907,,,,,44
2025-04-14 04:20:00,1.13895,1.13917,1.13889,1.13904,1.13904,1.13926,1.13898,1.13913,,,,,52
2025-04-14 04:21:00,1.13915,1.13961,1.13912,1.1392,1.13924,1.1397,1.13921,1.13929,,,,,66
2025-04-14 04:22:00,1.13917,1.13933,1.13893,1.13918,1.13926,1.13942,1.13907,1.13927,,,,,57
2025-04-14 04:23:00,1.13916,1.13939,1.13897,1.13932,1.13925,1.13955,1.13906,1.13941,,,,,67
2025-04-14 04:24:00,1.13937,1.13944,1.13881,1.13883,1.13946,1.13953,1.1389,1.13892,,,,,44
2025-04-14 04:25:00,1.13882,1.13882,1.13838,1.13842,1.13891,1.13891,1.13847,1.13851,,,,,63
2025-04-14 04:26:00,1.13841,1.13864,1.13837,1.13848,1.1385,1.13873,1.13845,1.13857,,,,,63
2025-04-14 04:27:00,1.13842,1.13877,1.13802,1.13808,1.13851,1.13891,1.13827,1.1383,,,,,77
2025-04-14 04:28:00,1.1381,1.13844,1.13809,1.13835,1.13829,1.13859,1.13818,1.13844,,,,,103
2025-04-14 04:29:00,1.13836,1.13889,1.13833,1.13888,1.13845,1.13898,1.13842,1.13897,,,,,50
2025-04-14 04:30:00,1.13887,1.13894,1.13847,1.13892,1.13896,1.13906,1.1386,1.13903,,,,,71
2025-04-14 04:31:00,1.13891,1.13896,1.13865,1.1388,1.13904,1.13906,1.13879,1.13896,,,,,74
2025-04-14 04:32:00,1.13881,1.13886,1.13822,1.13822,1.13898,1.13904,1.13834,1.13842,,,,,60
2025-04-14 04:33:00,1.13828,1.13838,1.13804,1.13804,1.13848,1.13855,1.13816,1.13816,,,,,36
2025-04-14 04:34:00,1.13805,1.13842,1.13802,1.13818,1.13817,1.13848,1.13811,1.13824,,,,,76
2025-04-14 04:35:00,1.13817,1.13847,1.13793,1.13836,1.13823,1.1386,1.13802,1.13856,,,,,44
2025-04-14 04:36:00,1.13838,1.13846,1.13816,1.13825,1.13859,1.13859,1.13825,1.13834,,,,,42
2025-04-14 04:37:00,1.13824,1.13829,1.13807,1.1382,1.13833,1.13835,1.13813,1.13826,,,,,41
2025-04-14 04:38:00,1.13818,1.13839,1.13772,1.13773,1.13824,1.13845,1.1378,1.13782,,,,,57
2025-04-14 04:39:00,1.13777,1.13795,1.13749,1.13755,1.13786,1.13804,1.13755,1.13764,,,,,49
2025-04-14 04:40:00,1.13752,1.13773,1.13748,1.13757,1.13761,1.13779,1.13757,1.13763,,,,,52
2025-04-14 04:41:00,1.13766,1.1377,1.13747,1.13763,1.13772,1.13776,1.13753,1.13772,,,,,48
2025-04-14 04:42:00,1.13765,1.13771,1.13742,1.13762,1.13769,1.1378,1.13749,1.13768,,,,,65
2025-04-14 04:43:00,1.13758,1.13802,1.13758,1.13794,1.13764,1.13808,1.13764,1.138,,,,,78
2025-04-14 04:44:00,1.13793,1.13805,1.13789,1.13798,1.13802,1.13814,1.13798,1.13807,,,,,36
2025-04-14 04:45:00,1.138,1.1383,1.13777,1.13815,1.13809,1.13839,1.13786,1.13824,,,,,59
2025-04-14 04:46:00,1.13814,1.13818,1.1379,1.13797,1.13823,1.13827,1.138,1.13806,,,,,57
2025-04-14 04:47:00,1.13796,1.13812,1.13794,1.13804,1.13805,1.13818,1.138,1.1381,,,,,22
2025-04-14 04:48:00,1.13805,1.1383,1.13798,1.13823,1.13811,1.1384,1.13804,1.13832,,,,,52
2025-04-14 04:49:00,1.13824,1.13837,1.13817,1.13829,1.13833,1.13843,1.13826,1.13835,,,,,47
2025-04-14 04:50:00,1.13828,1.1383,1.13795,1.13802,1.13834,1.13836,1.13801,1.13808,,,,,46
2025-04-14 04:51:00,1.13801,1.13832,1.13792,1.13822,1.1381,1.13841,1.13801,1.13834,,,,,83
2025-04-14 04:52:00,1.13829,1.13838,1.13803,1.13808,1.13838,1.13847,1.13809,1.13814,,,,,58
2025-04-14 04:53:00,1.13809,1.13824,1.13804,1.13817,1.13815,1.1383,1.1381,1.13823,,,,,49
2025-04-14 04:54:00,1.13812,1.1383,1.13781,1.13781,1.13818,1.13836,1.1379,1.1379,,,,,39
2025-04-14 04:55:00,1.13782,1.13788,1.13743,1.13777,1.13791,1.13797,1.13752,1.13786,,,,,67
2025-04-14 04:56:00,1.13773,1.13773,1.13725,1.13726,1.13782,1.13782,1.13734,1.13735,,,,,49
2025-04-14 04:57:00,1.13725,1.13731,1.13722,1.13723,1.13734,1.13742,1.13731,1.13732,,,,,53
2025-04-14 04:58:00,1.13722,1.1373,1.13705,1.13729,1.13731,1.13739,1.13716,1.13738,,,,,71
2025-04-14 04:59:00,1.13728,1.13739,1.13713,1.13717,1.13737,1.13745,1.13719,1.13726,,,,,37
2025-04-14 05:00:00,1.13716,1.13732,1.13704,1.13724,1.13725,1.13741,1.13713,1.13733,,,,,59
2025-04-14 05:01:00,1.1373,1.13741,1.1373,1.13734,1.13739,1.13749,1.13739,1.1374,,,,,33
2025-04-14 05:02:00,1.13733,1.13744,1.13719,1.1374,1.13739,1.1375,1.13725,1.13746,,,,,71
2025-04-14 05:03:00,1.13741,1.13757,1.13721,1.13722,1.13747,1.13767,1.13729,1.13731,,,,,54
2025-04-14 05:04:00,1.13729,1.13763,1.13721,1.13763,1.13735,1.13772,1.13727,1.13772,,,,,49
2025-04-14 05:05:00,1.1377,1.13779,1.13743,1.13765,1.13776,1.13788,1.13749,1.13771,,,,,51
2025-04-14 05:06:00,1.13769,1.13789,1.13769,1.13778,1.13775,1.13798,1.13775,1.13787,,,,,65
2025-04-14 05:07:00,1.13783,1.13799,1.13783,1.13794,1.13789,1.13807,1.13789,1.13803,,,,,52
2025-04-14 05:08:00,1.13793,1.13804,1.13774,1.13798,1.13802,1.13813,1.13783,1.13807,,,,,67
2025-04-14 05:09:00,1.13797,1.13834,1.13793,1.13797,1.13806,1.13843,1.13805,1.13806,,,,,108
2025-04-14 05:10:00,1.138,1.13802,1.13747,1.13758,1.13809,1.13811,1.13756,1.13767,,,,,104
2025-04-14 05:11:00,1.13752,1.13752,1.13677,1.13706,1.13761,1.13761,1.13686,1.13712,,,,,104
2025-04-14 05:12:00,1.13705,1.1371,1.13696,1.13699,1.13711,1.13716,1.13703,1.13708,,,,,57
2025-04-14 05:13:00,1.13702,1.13702,1.13664,1.13667,1.13711,1.13711,1.13677,1.13682,,,,,89
2025-04-14 05:14:00,1.13672,1.13705,1.13664,1.137,1.13686,1.13714,1.13673,1.13706,,,,,62
2025-04-14 05:15:00,1.13698,1.13708,1.13688,1.13704,1.13707,1.13714,1.13694,1.1371,,,,,51
2025-04-14 05:16:00,1.137,1.13722,1.137,1.13715,1.13706,1.1373,1.13706,1.13724,,,,,40
2025-04-14 05:17:00,1.13714,1.13737,1.13691,1.1371,1.13723,1.13743,1.137,1.13723,,,,,66
2025-04-14 05:18:00,1.13703,1.13707,1.13686,1.13694,1.13712,1.13716,1.13695,1.13703,,,,,34
2025-04-14 05:19:00,1.13693,1.13701,1.13687,1.13699,1.13702,1.13707,1.13695,1.13705,,,,,17
2025-04-14 05:20:00,1.137,1.137,1.1368,1.13699,1.13706,1.13708,1.13689,1.13708,,,,,44
2025-04-14 05:21:00,1.137,1.13703,1.13678,1.13683,1.13709,1.13712,1.13687,1.13692,,,,,74
2025-04-14 05:22:00,1.13682,1.13695,1.13677,1.13682,1.13691,1.13704,1.13686,1.13688,,,,,65
2025-04-14 05:23:00,1.1368,1.13683,1.13639,1.13641,1.13686,1.13689,1.13647,1.13647,,,,,64
2025-04-14 05:24:00,1.1364,1.13665,1.13633,1.13658,1.13646,1.13674,1.13642,1.13667,,,,,66
2025-04-14 05:25:00,1.13659,1.13665,1.13644,1.13654,1.13668,1.1368,1.13653,1.13663,,,,,82
2025-04-14 05:26:00,1.13652,1.13684,1.13649,1.1368,1.13664,1.1369,1.1366,1.13689,,,,,42
2025-04-14 05:27:00,1.13683,1.13701,1.13674,1.13701,1.13692,1.1371,1.13683,1.1371,,,,,44
2025-04-14 05:28:00,1.13703,1.13706,1.13689,1.13689,1.13712,1.13715,1.13695,1.13695,,,,,24
2025-04-14 05:29:00,1.1369,1.13693,1.13667,1.13673,1.13696,1.13699,1.13676,1.13682,,,,,50
2025-04-14 05:30:00,1.13669,1.137,1.13669,1.13684,1.13678,1.13709,1.13678,1.13693,,,,,67
2025-04-14 05:31:00,1.13685,1.13687,1.13659,1.13662,1.13694,1.13696,1.13668,1.13671,,,,,34
2025-04-14 05:32:00,1.13663,1.13681,1.13654,1.13655,1.13672,1.1369,1.13663,1.13664,,,,,46
2025-04-14 05:33:00,1.1366,1.13666,1.13642,1.13649,1.13669,1.13675,1.13651,1.13658,,,,,39
2025-04-14 05:34:00,1.13651,1.13662,1.13647,1.1365,1.1366,1.13671,1.13656,1.13659,,,,,34
2025-04-14 05:35:00,1.13649,1.13649,1.1361,1.13621,1.13658,1.13658,1.13619,1.13635,,,,,41
2025-04-14 05:36:00,1.13622,1.1365,1.13597,1.1361,1.1364,1.13659,1.13608,1.13626,,,,,92
2025-04-14 05:37:00,1.13611,1.13631,1.1361,1.13631,1.13627,1.13637,1.13621,1.13637,,,,,41
2025-04-14 05:38:00,1.13627,1.13628,1.136,1.13608,1.13633,1.13637,1.13606,1.13614,,,,,53
2025-04-14 05:39:00,1.13607,1.13613,1.13589,1.13591,1.13613,1.13619,1.13596,1.13597,,,,,48
2025-04-14 05:40:00,1.13587,1.13597,1.13573,1.13592,1.13593,1.13609,1.13585,1.13601,,,,,55
2025-04-14 05:41:00,1.13591,1.13606,1.13587,1.13591,1.136,1.13612,1.13596,1.136,,,,,29
2025-04-14 05:42:00,1.13592,1.13625,1.13592,1.13623,1.13601,1.13634,1.13601,1.13632,,,,,63
2025-04-14 05:43:00,1.13624,1.1364,1.13624,1.13627,1.13633,1.13646,1.13633,1.13633,,,,,42
2025-04-14 05:44:00,1.13626,1.13635,1.13619,1.13621,1.13632,1.13644,1.13626,1.13627,,,,,48
2025-04-14 05:45:00,1.1362,1.13636,1.13619,1.13632,1.13626,1.13645,1.13626,1.13641,,,,,31
2025-04-14 05:46:00,1.13631,1.13635,1.13624,1.13633,1.1364,1.13644,1.13633,1.13642,,,,,33
2025-04-14 05:47:00,1.13632,1.13651,1.13632,1.13638,1.13641,1.1366,1.13641,1.13647,,,,,43
2025-04-14 05:48:00,1.13637,1.13667,1.13637,1.13667,1.13646,1.13676,1.13646,1.13676,,,,,39
2025-04-14 05:49:00,1.1367,1.13674,1.13659,1.13671,1.13679,1.13688,1.13668,1.13687,,,,,41
2025-04-14 05:50:00,1.13679,1.13683,1.13658,1.13663,1.13695,1.137,1.13667,1.13672,,,,,54
2025-04-14 05:51:00,1.13662,1.13676,1.13654,1.13655,1.13671,1.13687,1.1366,1.13661,,,,,30
2025-04-14 05:52:00,1.13652,1.13662,1.13647,1.13651,1.13665,1.13673,1.13656,1.1366,,,,,33
2025-04-14 05:53:00,1.1365,1.13665,1.13644,1.13658,1.13659,1.13674,1.13653,1.13667,,,,,27
2025-04-14 05:54:00,1.13664,1.13688,1.13664,1.13686,1.13673,1.13697,1.13673,1.13695,,,,,36
2025-04-14 05:55:00,1.13685,1.13694,1.13683,1.13689,1.13694,1.13705,1.13692,1.13703,,,,,32
2025-04-14 05:56:00,1.13688,1.13689,1.13671,1.13673,1.13701,1.13703,1.1368,1.13689,,,,,45
2025-04-14 05:57:00,1.13676,1.13705,1.13676,1.13701,1.13691,1.13714,1.13691,1.1371,,,,,26
2025-04-14 05:58:00,1.13695,1.13704,1.13687,1.13704,1.13704,1.13713,1.13696,1.13713,,,,,23
2025-04-14 05:59:00,1.13705,1.13715,1.137,1.13711,1.13714,1.13724,1.13709,1.1372,,,,,35
2025-04-14 06:00:00,1.13718,1.13729,1.13698,1.13707,1.13727,1.13738,1.13707,1.13716,,,,,36
2025-04-14 06:01:00,1.1371,1.1371,1.13697,1.13709,1.13719,1.13723,1.13706,1.13721,,,,,24
2025-04-14 06:02:00,1.13708,1.1372,1.13708,1.13713,1.13724,1.13731,1.13719,1.13722,,,,,34
2025-04-14 06:03:00,1.13712,1.13712,1.1369,1.13691,1.13721,1.13721,1.13696,1.137,,,,,25
2025-04-14 06:04:00,1.13685,1.1369,1.13678,1.13689,1.13694,1.137,1.1369,1.13698,,,,,30
2025-04-14 06:05:00,1.13684,1.13728,1.13683,1.13721,1.13693,1.13737,1.13692,1.1373,,,,,32
2025-04-14 06:06:00,1.1372,1.13729,1.13717,1.1372,1.13729,1.13738,1.13726,1.13729,,,,,32
2025-04-14 06:07:00,1.13721,1.13725,1.13713,1.13713,1.1373,1.13734,1.13722,1.13722,,,,,23
2025-04-14 06:08:00,1.13712,1.13715,1.13681,1.13682,1.13721,1.13723,1.1369,1.13691,,,,,38
2025-04-14 06:09:00,1.13681,1.13682,1.13664,1.13672,1.1369,1.1369,1.13673,1.13681,,,,,29
2025-04-14 06:10:00,1.13674,1.13679,1.13662,1.13664,1.13683,1.13688,1.13671,1.13673,,,,,20
2025-04-14 06:11:00,1.13671,1.13697,1.1367,1.13695,1.1368,1.13704,1.13679,1.13701,,,,,24
2025-04-14 06:12:00,1.13688,1.1372,1.13686,1.1369,1.13694,1.13726,1.13694,1.13699,,,,,51
2025-04-14 06:13:00,1.13694,1.13715,1.13693,1.13712,1.13703,1.13722,1.13702,1.13718,,,,,39
2025-04-14 06:14:00,1.13714,1.13716,1.13698,1.13713,1.1372,1.13722,1.13707,1.13722,,,,,49
2025-04-14 06:15:00,1.1371,1.13749,1.1371,1.13745,1.13719,1.13758,1.13719,1.13754,,,,,38
2025-04-14 06:16:00,1.13749,1.13766,1.13746,1.13766,1.13758,1.13778,1.13755,1.13778,,,,,42
2025-04-14 06:17:00,1.13765,1.13788,1.13761,1.13782,1.13774,1.13797,1.1377,1.13791,,,,,32
2025-04-14 06:18:00,1.13783,1.13792,1.13777,1.13781,1.13792,1.13811,1.13783,1.13805,,,,,41
2025-04-14 06:19:00,1.13785,1.13809,1.13782,1.13805,1.1381,1.13826,1.13803,1.13819,,,,,52
2025-04-14 06:20:00,1.13804,1.13817,1.13797,1.13809,1.13817,1.13832,1.13806,1.13832,,,,,59
2025-04-14 06:21:00,1.13804,1.13811,1.13796,1.13804,1.13836,1.13837,1.13811,1.13816,,,,,68
2025-04-14 06:22:00,1.13806,1.13847,1.13799,1.13819,1.13817,1.13856,1.13814,1.13825,,,,,102
2025-04-14 06:23:00,1.13821,1.13826,1.13782,1.138,1.13827,1.13835,1.13791,1.13806,,,,,61
2025-04-14 06:24:00,1.13801,1.13805,1.13789,1.13798,1.13807,1.13811,1.13795,1.13804,,,,,22
2025-04-14 06:25:00,1.13797,1.13799,1.13763,1.13763,1.13803,1.13805,1.13772,1.13772,,,,,34
2025-04-14 06:26:00,1.13765,1.13765,1.13744,1.13749,1.13774,1.13774,1.13753,1.13758,,,,,51
2025-04-14 06:27:00,1.13755,1.13762,1.1375,1.13756,1.13761,1.13769,1.13759,1.13765,,,,,35
2025-04-14 06:28:00,1.13751,1.13763,1.13738,1.13745,1.1376,1.13769,1.13745,1.13754,,,,,55
2025-04-14 06:29:00,1.13746,1.13765,1.13738,1.13764,1.13755,1.13773,1.13744,1.13773,,,,,41
2025-04-14 06:30:00,1.13765,1.13773,1.13745,1.13745,1.13774,1.13779,1.13752,1.13754,,,,,22
2025-04-14 06:31:00,1.1374,1.13763,1.13739,1.13763,1.13749,1.13772,1.13745,1.13772,,,,,33
2025-04-14 06:32:00,1.13762,1.13764,1.13748,1.13751,1.13771,1.13773,1.13755,1.13757,,,,,29
2025-04-14 06:33:00,1.13753,1.13768,1.13753,1.13768,1.13762,1.13774,1.13762,1.13774,,,,,26
2025-04-14 06:34:00,1.13767,1.1378,1.13763,1.1378,1.13773,1.13789,1.13771,1.13789,,,,,43
2025-04-14 06:35:00,1.13779,1.13786,1.13771,1.13776,1.13788,1.13795,1.1378,1.13785,,,,,41
2025-04-14 06:36:00,1.13777,1.13778,1.13768,1.13774,1.13786,1.13787,1.13778,1.13783,,,,,20
2025-04-14 06:37:00,1.13775,1.13807,1.13775,1.13805,1.13784,1.13822,1.13784,1.1382,,,,,56
2025-04-14 06:38:00,1.13806,1.13807,1.13769,1.1377,1.13821,1.13822,1.13775,1.13776,,,,,37
2025-04-14 06:39:00,1.13769,1.13782,1.13762,1.13782,1.13775,1.13791,1.13771,1.13791,,,,,23
2025-04-14 06:40:00,1.13781,1.13782,1.13764,1.13766,1.1379,1.13791,1.1377,1.13772,,,,,28
2025-04-14 06:41:00,1.13764,1.13766,1.1375,1.1375,1.1377,1.13773,1.13762,1.13763,,,,,15
2025-04-14 06:42:00,1.13745,1.13745,1.13724,1.13724,1.13757,1.13757,1.13735,1.13738,,,,,30
2025-04-14 06:43:00,1.13726,1.13729,1.137,1.13707,1.13737,1.13739,1.13711,1.13716,,,,,35
2025-04-14 06:44:00,1.13708,1.13713,1.13702,1.13712,1.13717,1.13722,1.13711,1.13721,,,,,21
2025-04-14 06:45:00,1.13718,1.13721,1.13703,1.13717,1.13727,1.1373,1.13712,1.13726,,,,,23
2025-04-14 06:46:00,1.13718,1.13734,1.13712,1.1372,1.13727,1.13745,1.13721,1.13729,,,,,34
2025-04-14 06:47:00,1.13719,1.13723,1.13703,1.13718,1.13728,1.13732,1.13712,1.13727,,,,,57
2025-04-14 06:48:00,1.13717,1.13718,1.137,1.13704,1.13726,1.13727,1.13709,1.13713,,,,,23
2025-04-14 06:49:00,1.13709,1.13709,1.13697,1.13701,1.13718,1.1372,1.13707,1.1371,,,,,11
2025-04-14 06:50:00,1.13703,1.13704,1.13657,1.1369,1.13712,1.13713,1.13668,1.13696,,,,,53
2025-04-14 06:51:00,1.13693,1.13694,1.13681,1.13681,1.13699,1.13706,1.13691,1.13694,,,,,27
2025-04-14 06:52:00,1.13684,1.1369,1.13661,1.13669,1.13695,1.13699,1.13674,1.13678,,,,,25
2025-04-14 06:53:00,1.13667,1.13685,1.13663,1.13683,1.13673,1.13692,1.13672,1.13692,,,,,22
2025-04-14 06:54:00,1.13685,1.13685,1.13672,1.13683,1.13694,1.13694,1.13681,1.13692,,,,,40
2025-04-14 06:55:00,1.13682,1.13682,1.13665,1.13665,1.13691,1.13691,1.13671,1.13671,,,,,18
2025-04-14 06:56:00,1.13664,1.1367,1.1366,1.13669,1.1367,1.13676,1.13666,1.13675,,,,,22
2025-04-14 06:57:00,1.1367,1.13685,1.13666,1.13674,1.13676,1.13691,1.13672,1.1368,,,,,21
2025-04-14 06:58:00,1.13669,1.13674,1.13652,1.13652,1.13678,1.1368,1.13662,1.13672,,,,,21
2025-04-14 06:59:00,1.13654,1.13675,1.13651,1.13673,1.13674,1.13681,1.13659,1.13679,,,,,34
2025-04-14 07:00:00,1.1368,1.13721,1.13679,1.13721,1.13686,1.13727,1.13685,1.13727,,,,,43
2025-04-14 07:01:00,1.13719,1.13726,1.13704,1.13705,1.13725,1.13732,1.1372,1.1372,,,,,42
2025-04-14 07:02:00,1.13706,1.13725,1.13706,1.13707,1.13725,1.13734,1.13713,1.13713,,,,,43
2025-04-14 07:03:00,1.13704,1.13716,1.13694,1.13694,1.13712,1.13722,1.137,1.137,,,,,27
2025-04-14 07:04:00,1.13692,1.13695,1.13669,1.1369,1.13701,1.13701,1.13675,1.13696,,,,,48
2025-04-14 07:05:00,1.13683,1.13688,1.13606,1.13609,1.13692,1.13694,1.13615,1.13618,,,,,80
2025-04-14 07:06:00,1.13612,1.13634,1.13582,1.13583,1.13621,1.13646,1.13592,1.13592,,,,,75
2025-04-14 07:07:00,1.13586,1.13594,1.13584,1.13588,1.13594,1.13603,1.13592,1.13597,,,,,29
2025-04-14 07:08:00,1.13587,1.13587,1.13548,1.13555,1.13596,1.13597,1.13559,1.13572,,,,,69
2025-04-14 07:09:00,1.13554,1.13557,1.13546,1.13547,1.13573,1.13573,1.1356,1.1356,,,,,38
2025-04-14 07:10:00,1.13548,1.13559,1.13534,1.13534,1.13555,1.13569,1.13549,1.1355,,,,,42
2025-04-14 07:11:00,1.1353,1.1356,1.13525,1.13551,1.13545,1.13566,1.13535,1.13557,,,,,38
2025-04-14 07:12:00,1.1355,1.1356,1.13543,1.13544,1.13556,1.13566,1.13549,1.1355,,,,,45
2025-04-14 07:13:00,1.13538,1.13573,1.13538,1.13564,1.13544,1.1358,1.13544,1.13573,,,,,52
2025-04-14 07:14:00,1.13563,1.1359,1.13558,1.13589,1.13572,1.13596,1.13566,1.13595,,,,,38
2025-04-14 07:15:00,1.13588,1.13594,1.13564,1.13572,1.13594,1.13603,1.1357,1.13581,,,,,42
2025-04-14 07:16:00,1.13567,1.13567,1.13549,1.13553,1.13576,1.13576,1.13556,1.13562,,,,,39
2025-04-14 07:17:00,1.13554,1.13585,1.1355,1.13553,1.13563,1.13591,1.13556,1.13562,,,,,31
2025-04-14 07:18:00,1.13554,1.13594,1.13553,1.13585,1.13563,1.136,1.13559,1.13591,,,,,44
2025-04-14 07:19:00,1.13588,1.13645,1.13586,1.13644,1.13594,1.13653,1.13592,1.13653,,,,,57
2025-04-14 07:20:00,1.13643,1.13671,1.13641,1.13649,1.13652,1.1368,1.1365,1.13655,,,,,55
2025-04-14 07:21:00,1.1365,1.13665,1.13643,1.13665,1.13659,1.13674,1.13649,1.13674,,,,,38
2025-04-14 07:22:00,1.13664,1.13673,1.13664,1.13672,1.13673,1.13682,1.13673,1.13681,,,,,32
2025-04-14 07:23:00,1.13675,1.13704,1.13675,1.13697,1.13684,1.13717,1.13684,1.13708,,,,,48
2025-04-14 07:24:00,1.13696,1.13701,1.13676,1.13676,1.13706,1.1371,1.13685,1.13685,,,,,23
2025-04-14 07:25:00,1.13675,1.13693,1.13651,1.13693,1.13684,1.13702,1.1366,1.13702,,,,,53
2025-04-14 07:26:00,1.13696,1.13707,1.13691,1.13704,1.13705,1.13716,1.137,1.13713,,,,,31
2025-04-14 07:27:00,1.13707,1.13724,1.13707,1.1372,1.13716,1.13733,1.13716,1.13729,,,,,17
2025-04-14 07:28:00,1.13718,1.1375,1.13718,1.13736,1.13727,1.13759,1.13727,1.13745,,,,,55
2025-04-14 07:29:00,1.13737,1.13774,1.13733,1.13773,1.13746,1.13783,1.13742,1.13782,,,,,54
2025-04-14 07:30:00,1.13772,1.13775,1.13763,1.13768,1.13781,1.13784,1.13772,1.13777,,,,,39
2025-04-14 07:31:00,1.13762,1.13766,1.13746,1.1376,1.13771,1.1378,1.13755,1.1378,,,,,46
2025-04-14 07:32:00,1.13769,1.13814,1.13766,1.13814,1.13787,1.13823,1.13782,1.13823,,,,,69
2025-04-14 07:33:00,1.13813,1.13813,1.13786,1.13801,1.13822,1.13822,1.13799,1.1381,,,,,36
2025-04-14 07:34:00,1.13802,1.13812,1.1379,1.13795,1.13811,1.13821,1.13802,1.13809,,,,,64
2025-04-14 07:35:00,1.13793,1.13804,1.13788,1.13788,1.13806,1.13818,1.13797,1.13797,,,,,33
2025-04-14 07:36:00,1.13787,1.13789,1.13758,1.13778,1.13796,1.13798,1.13767,1.13796,,,,,61
2025-04-14 07:37:00,1.13779,1.13807,1.13779,1.13787,1.13797,1.13824,1.13795,1.13796,,,,,74
2025-04-14 07:38:00,1.13786,1.13807,1.13772,1.13779,1.13795,1.13813,1.1378,1.13785,,,,,28
2025-04-14 07:39:00,1.1378,1.1382,1.13779,1.13803,1.13786,1.13833,1.13785,1.13814,,,,,49
2025-04-14 07:40:00,1.13786,1.13827,1.13786,1.13814,1.13795,1.13833,1.13795,1.1382,,,,,54
2025-04-14 07:41:00,1.13815,1.1382,1.13766,1.13774,1.13821,1.13827,1.13772,1.1378,,,,,58
2025-04-14 07:42:00,1.13767,1.13771,1.13715,1.13715,1.13776,1.13777,1.13729,1.13729,,,,,62
2025-04-14 07:43:00,1.13716,1.13734,1.13682,1.13682,1.1373,1.13744,1.13691,1.13695,,,,,74
2025-04-14 07:44:00,1.13681,1.13689,1.13669,1.13689,1.137,1.137,1.13679,1.13698,,,,,76
2025-04-14 07:45:00,1.13688,1.1371,1.13687,1.13709,1.13697,1.13719,1.13696,1.13718,,,,,38
2025-04-14 07:46:00,1.13708,1.13746,1.13704,1.13724,1.13717,1.13754,1.1371,1.1373,,,,,68
2025-04-14 07:47:00,1.13734,1.13751,1.1372,1.13732,1.1374,1.13757,1.13728,1.13745,,,,,66
2025-04-14 07:48:00,1.13733,1.13756,1.13705,1.13745,1.13746,1.13763,1.13718,1.13761,,,,,60
2025-04-14 07:49:00,1.13741,1.13762,1.1374,1.13762,1.13757,1.13775,1.13752,1.13775,,,,,57
2025-04-14 07:50:00,1.13763,1.13778,1.13763,1.13773,1.13776,1.13786,1.13774,1.13786,,,,,27
2025-04-14 07:51:00,1.13772,1.1381,1.13769,1.1379,1.13785,1.13819,1.1378,1.13796,,,,,60
2025-04-14 07:52:00,1.13791,1.13814,1.13784,1.13804,1.13797,1.13824,1.13792,1.13813,,,,,65
2025-04-14 07:53:00,1.13803,1.13809,1.13799,1.13804,1.13812,1.1382,1.13805,1.13813,,,,,34
2025-04-14 07:54:00,1.13806,1.13853,1.13806,1.13844,1.13812,1.13863,1.13812,1.13853,,,,,66
2025-04-14 07:55:00,1.13842,1.13873,1.13832,1.13863,1.13851,1.1388,1.13841,1.13869,,,,,87
2025-04-14 07:56:00,1.13868,1.13875,1.13857,1.13875,1.13874,1.13881,1.13863,1.13881,,,,,52
2025-04-14 07:57:00,1.13874,1.13877,1.13853,1.13869,1.1388,1.13884,1.13862,1.13878,,,,,65
2025-04-14 07:58:00,1.1387,1.13875,1.13836,1.13852,1.13879,1.13881,1.13849,1.13858,,,,,90
2025-04-14 07:59:00,1.13854,1.13866,1.1384,1.1385,1.1386,1.13875,1.13846,1.13856,,,,,63
2025-04-14 08:00:00,1.13853,1.13869,1.13827,1.13843,1.13859,1.13875,1.13833,1.13849,,,,,179
2025-04-14 08:01:00,1.1384,1.13859,1.13823,1.13833,1.13846,1.13865,1.13829,1.13839,,,,,127
2025-04-14 08:02:00,1.13834,1.13834,1.13799,1.13812,1.1384,1.1384,1.13805,1.13821,,,,,142
2025-04-14 08:03:00,1.13808,1.13818,1.13768,1.13787,1.13817,1.13827,1.13777,1.13793,,,,,165
2025-04-14 08:04:00,1.13784,1.138,1.13764,1.13793,1.1379,1.13809,1.1377,1.13807,,,,,104
2025-04-14 08:05:00,1.1379,1.13904,1.13789,1.13903,1.13804,1.13912,1.13804,1.13909,,,,,169
2025-04-14 08:06:00,1.13905,1.13926,1.13893,1.13913,1.13911,1.13935,1.13901,1.13922,,,,,126
2025-04-14 08:07:00,1.13916,1.13946,1.13909,1.13946,1.13925,1.13955,1.13915,1.13955,,,,,132
2025-04-14 08:08:00,1.13945,1.1401,1.13936,1.13995,1.13954,1.14027,1.13946,1.14013,,,,,182
2025-04-14 08:09:00,1.13997,1.14,1.1393,1.13941,1.14012,1.14013,1.13936,1.13947,,,,,135
2025-04-14 08:10:00,1.13937,1.1394,1.13896,1.13922,1.13943,1.13946,1.13905,1.13928,,,,,169
2025-04-14 08:11:00,1.13916,1.13948,1.13905,1.13924,1.13922,1.13954,1.13911,1.1393,,,,,110
2025-04-14 08:12:00,1.13922,1.1393,1.13896,1.13906,1.13928,1.13936,1.13902,1.13912,,,,,116
2025-04-14 08:13:00,1.13915,1.13964,1.13893,1.13952,1.13921,1.13973,1.13902,1.13958,,,,,127
2025-04-14 08:14:00,1.13949,1.13968,1.13936,1.1395,1.13955,1.13974,1.13942,1.13956,,,,,126
2025-04-14 08:15:00,1.13948,1.13962,1.13919,1.1392,1.13954,1.13968,1.13925,1.13926,,,,,104
2025-04-14 08:16:00,1.13922,1.13953,1.13894,1.13946,1.13928,1.13967,1.13901,1.13955,,,,,126
2025-04-14 08:17:00,1.13948,1.14022,1.13945,1.1401,1.13957,1.14028,1.13951,1.14016,,,,,124
2025-04-14 08:18:00,1.14015,1.14025,1.13971,1.13983,1.14021,1.14031,1.13977,1.13992,,,,,115
2025-04-14 08:19:00,1.13982,1.13998,1.13958,1.13967,1.13991,1.14004,1.13968,1.13976,,,,,114
2025-04-14 08:20:00,1.13966,1.13999,1.13957,1.13962,1.13975,1.14005,1.13966,1.13968,,,,,158
2025-04-14 08:21:00,1.13965,1.13981,1.1396,1.13961,1.13971,1.13989,1.13966,1.13967,,,,,75
2025-04-14 08:22:00,1.1396,1.14016,1.1396,1.13994,1.13966,1.14022,1.13966,1.14,,,,,100
2025-04-14 08:23:00,1.13995,1.14019,1.13977,1.14,1.14001,1.14039,1.13983,1.14009,,,,,144
2025-04-14 08:24:00,1.13996,1.14073,1.13996,1.14046,1.14015,1.14082,1.14015,1.14052,,,,,149
2025-04-14 08:25:00,1.14045,1.14053,1.13971,1.13971,1.14051,1.14062,1.13983,1.13988,,,,,148
2025-04-14 08:26:00,1.13972,1.13972,1.13926,1.13944,1.13989,1.13989,1.13939,1.13957,,,,,119
2025-04-14 08:27:00,1.1394,1.13993,1.1394,1.13981,1.13953,1.14,1.13952,1.13987,,,,,89
2025-04-14 08:28:00,1.13988,1.14024,1.13986,1.14007,1.13994,1.1403,1.13992,1.14013,,,,,97
2025-04-14 08:29:00,1.14011,1.14036,1.13986,1.13988,1.14017,1.14045,1.13998,1.14,,,,,124
2025-04-14 08:30:00,1.13987,1.14014,1.13932,1.13932,1.14001,1.14023,1.13946,1.13946,,,,,136
2025-04-14 08:31:00,1.13934,1.13965,1.13917,1.13965,1.13947,1.13972,1.13923,1.13971,,,,,118
2025-04-14 08:32:00,1.13964,1.14065,1.13964,1.14061,1.1397,1.14079,1.1397,1.14076,,,,,125
2025-04-14 08:33:00,1.1406,1.1416,1.14051,1.1416,1.14075,1.14169,1.1406,1.14169,,,,,127
2025-04-14 08:34:00,1.14159,1.14173,1.1412,1.14143,1.14168,1.14183,1.14134,1.14149,,,,,160
2025-04-14 08:35:00,1.14147,1.14184,1.14125,1.14132,1.14156,1.14193,1.14136,1.14141,,,,,112
2025-04-14 08:36:00,1.1414,1.1416,1.14108,1.14128,1.14149,1.14167,1.14114,1.14137,,,,,144
2025-04-14 08:37:00,1.14129,1.14154,1.14119,1.14139,1.14138,1.14163,1.14128,1.14154,,,,,131
2025-04-14 08:38:00,1.14137,1.14139,1.14108,1.14124,1.14151,1.14151,1.14123,1.14133,,,,,101
2025-04-14 08:39:00,1.14125,1.14159,1.14121,1.14155,1.14134,1.14168,1.14133,1.14166,,,,,108
2025-04-14 08:40:00,1.14157,1.14172,1.14144,1.14149,1.14164,1.14181,1.14154,1.14161,,,,,99
2025-04-14 08:41:00,1.1415,1.14182,1.14147,1.1416,1.14159,1.14188,1.14156,1.14169,,,,,110
2025-04-14 08:42:00,1.14161,1.14183,1.14151,1.14156,1.14167,1.14196,1.14157,1.14162,,,,,139
2025-04-14 08:43:00,1.14154,1.14159,1.14105,1.14131,1.1416,1.14175,1.14111,1.14137,,,,,137
2025-04-14 08:44:00,1.14129,1.14142,1.14092,1.14136,1.14135,1.14148,1.14101,1.14142,,,,,122
2025-04-14 08:45:00,1.14137,1.14166,1.14122,1.1415,1.14143,1.14174,1.14128,1.14156,,,,,107
2025-04-14 08:46:00,1.14153,1.14156,1.14037,1.14078,1.14159,1.14165,1.14046,1.14084,,,,,135
2025-04-14 08:47:00,1.14079,1.1408,1.14044,1.14049,1.14085,1.14089,1.14053,1.14058,,,,,89
2025-04-14 08:48:00,1.14047,1.14068,1.14017,1.14064,1.14056,1.14081,1.14031,1.1407,,,,,128
2025-04-14 08:49:00,1.14063,1.14104,1.14057,1.141,1.14069,1.1411,1.14063,1.14106,,,,,102
2025-04-14 08:50:00,1.14097,1.1413,1.14085,1.1413,1.14103,1.1415,1.14094,1.14142,,,,,127
2025-04-14 08:51:00,1.14129,1.14184,1.14129,1.14173,1.14146,1.14195,1.14144,1.14188,,,,,140
2025-04-14 08:52:00,1.14169,1.14189,1.14155,1.1418,1.14184,1.14203,1.14166,1.14197,,,,,93
2025-04-14 08:53:00,1.14184,1.14228,1.14171,1.14217,1.14201,1.14237,1.14177,1.14223,,,,,158
2025-04-14 08:54:00,1.14219,1.14231,1.14191,1.1423,1.14225,1.14248,1.14206,1.14236,,,,,173
2025-04-14 08:55:00,1.14224,1.14231,1.14198,1.14214,1.1423,1.1424,1.14208,1.14223,,,,,128
2025-04-14 08:56:00,1.14217,1.14228,1.14191,1.14202,1.14226,1.14237,1.142,1.14208,,,,,92
2025-04-14 08:57:00,1.14201,1.14201,1.14129,1.14149,1.14207,1.14207,1.14138,1.14155,,,,,118
2025-04-14 08:58:00,1.14151,1.14176,1.14143,1.14157,1.14157,1.14187,1.14152,1.14163,,,,,128
2025-04-14 08:59:00,1.14156,1.14186,1.14155,1.14167,1.14162,1.14195,1.14161,1.14173,,,,,129
2025-04-14 09:00:00,1.14164,1.14229,1.14142,1.14208,1.14176,1.14238,1.14152,1.14217,,,,,234
2025-04-14 09:01:00,1.14209,1.14231,1.14186,1.14226,1.14218,1.14242,1.14194,1.14235,,,,,172
2025-04-14 09:02:00,1.14224,1.14234,1.14177,1.1421,1.1423,1.14243,1.14193,1.14216,,,,,165
2025-04-14 09:03:00,1.14214,1.14225,1.14179,1.14183,1.14222,1.14234,1.14188,1.14192,,,,,126
2025-04-14 09:04:00,1.14182,1.14182,1.14149,1.14155,1.14191,1.14191,1.14155,1.14161,,,,,128
2025-04-14 09:05:00,1.14154,1.14183,1.14127,1.14138,1.1416,1.14196,1.14133,1.14147,,,,,162
2025-04-14 09:06:00,1.14135,1.1419,1.14131,1.1418,1.14144,1.142,1.14138,1.14195,,,,,119
2025-04-14 09:07:00,1.14179,1.14212,1.14166,1.14212,1.14194,1.14221,1.14174,1.14221,,,,,123
2025-04-14 09:08:00,1.14213,1.14244,1.14181,1.14194,1.14222,1.1425,1.14187,1.14203,,,,,123
2025-04-14 09:09:00,1.14197,1.14199,1.14159,1.14188,1.14206,1.14208,1.14166,1.14197,,,,,116
2025-04-14 09:10:00,1.14187,1.14188,1.14146,1.14161,1.14196,1.14197,1.14152,1.1417,,,,,113
2025-04-14 09:11:00,1.14159,1.14159,1.14138,1.14145,1.14168,1.14174,1.14145,1.14154,,,,,111
2025-04-14 09:12:00,1.14144,1.14146,1.14071,1.14095,1.14153,1.14155,1.14085,1.14101,,,,,146
2025-04-14 09:13:00,1.14098,1.14108,1.14032,1.14078,1.14107,1.1412,1.14044,1.14087,,,,,133
2025-04-14 09:14:00,1.14077,1.14125,1.14074,1.14094,1.14086,1.14133,1.14083,1.141,,,,,143
2025-04-14 09:15:00,1.14095,1.1412,1.14077,1.14106,1.14101,1.14126,1.14083,1.14112,,,,,142
2025-04-14 09:16:00,1.14105,1.14115,1.14061,1.14064,1.14111,1.14121,1.1407,1.14073,,,,,138
2025-04-14 09:17:00,1.14065,1.14082,1.14052,1.14058,1.14074,1.14088,1.14061,1.14067,,,,,129
2025-04-14 09:18:00,1.14057,1.14076,1.14027,1.14076,1.14066,1.14082,1.14033,1.14082,,,,,134
2025-04-14 09:19:00,1.14074,1.14101,1.14045,1.14045,1.1408,1.1411,1.14054,1.14054,,,,,127
2025-04-14 09:20:00,1.14044,1.14044,1.14012,1.14043,1.14053,1.14053,1.14023,1.14052,,,,,140
2025-04-14 09:21:00,1.14044,1.14056,1.14018,1.14037,1.14053,1.14074,1.14033,1.14043,,,,,110
2025-04-14 09:22:00,1.14036,1.14043,1.14017,1.14019,1.14042,1.14055,1.14028,1.14028,,,,,119
2025-04-14 09:23:00,1.14021,1.14024,1.14004,1.1401,1.14027,1.14033,1.14011,1.14016,,,,,110
2025-04-14 09:24:00,1.14008,1.1405,1.14005,1.14035,1.14014,1.14056,1.14013,1.1405,,,,,127
2025-04-14 09:25:00,1.14042,1.14056,1.13992,1.14043,1.14055,1.14068,1.14006,1.14061,,,,,104
2025-04-14 09:26:00,1.14046,1.14049,1.13972,1.13984,1.14063,1.14063,1.13984,1.14003,,,,,132
2025-04-14 09:27:00,1.13987,1.13989,1.13954,1.1396,1.14001,1.14007,1.13973,1.13974,,,,,132
2025-04-14 09:28:00,1.13961,1.13984,1.13943,1.13954,1.13975,1.1399,1.1396,1.13963,,,,,112
2025-04-14 09:29:00,1.13951,1.13996,1.13946,1.1399,1.13957,1.14002,1.13952,1.13996,,,,,108
2025-04-14 09:30:00,1.13992,1.14003,1.13962,1.13991,1.13998,1.14009,1.13978,1.14,,,,,118
2025-04-14 09:31:00,1.13993,1.13993,1.13958,1.13968,1.14002,1.14002,1.13971,1.13977,,,,,89
2025-04-14 09:32:00,1.13976,1.13976,1.13903,1.13919,1.13985,1.13985,1.13911,1.13925,,,,,140
2025-04-14 09:33:00,1.1392,1.13949,1.1388,1.13931,1.13926,1.13955,1.13886,1.13937,,,,,124
2025-04-14 09:34:00,1.13933,1.13936,1.13906,1.13915,1.13939,1.13942,1.13912,1.13921,,,,,83
2025-04-14 09:35:00,1.13909,1.13968,1.13906,1.13963,1.13915,1.13974,1.13912,1.13969,,,,,116
2025-04-14 09:36:00,1.1396,1.13968,1.13912,1.13915,1.13966,1.13974,1.13918,1.13921,,,,,108
2025-04-14 09:37:00,1.13909,1.13938,1.13893,1.13917,1.13915,1.13944,1.13906,1.13929,,,,,126
2025-04-14 09:38:00,1.1392,1.13938,1.13915,1.13922,1.13932,1.13947,1.13922,1.13928,,,,,117
2025-04-14 09:39:00,1.13918,1.13979,1.13915,1.13966,1.13924,1.13985,1.13921,1.13972,,,,,123
2025-04-14 09:40:00,1.13967,1.14006,1.1396,1.14006,1.13973,1.14013,1.13966,1.14012,,,,,117
2025-04-14 09:41:00,1.14004,1.1404,1.14003,1.14032,1.14013,1.14057,1.14012,1.14047,,,,,122
2025-04-14 09:42:00,1.14031,1.14035,1.13958,1.13979,1.14046,1.14048,1.13964,1.13985,,,,,114
2025-04-14 09:43:00,1.1398,1.13988,1.13944,1.13953,1.13986,1.13995,1.13956,1.13962,,,,,102
2025-04-14 09:44:00,1.13954,1.13961,1.13905,1.13905,1.13963,1.13969,1.1392,1.1392,,,,,141
2025-04-14 09:45:00,1.13916,1.13921,1.13856,1.13873,1.1393,1.13935,1.13865,1.13879,,,,,118
2025-04-14 09:46:00,1.1387,1.13871,1.13845,1.13855,1.1388,1.13883,1.13854,1.13869,,,,,91
2025-04-14 09:47:00,1.13857,1.13897,1.13849,1.13886,1.13868,1.13905,1.13863,1.13892,,,,,85
2025-04-14 09:48:00,1.13885,1.13892,1.13839,1.13861,1.13891,1.13901,1.13848,1.13867,,,,,123
2025-04-14 09:49:00,1.1386,1.13873,1.1385,1.1387,1.13866,1.13879,1.13856,1.13876,,,,,96
2025-04-14 09:50:00,1.13872,1.139,1.13866,1.13885,1.13878,1.13906,1.13872,1.13891,,,,,127
2025-04-14 09:51:00,1.13877,1.13881,1.13858,1.13881,1.13883,1.13887,1.13864,1.13887,,,,,92
2025-04-14 09:52:00,1.13882,1.13891,1.13831,1.1386,1.13888,1.13901,1.13843,1.13866,,,,,123
2025-04-14 09:53:00,1.13862,1.13892,1.13862,1.13886,1.13868,1.13898,1.13868,1.13892,,,,,81
2025-04-14 09:54:00,1.13887,1.13904,1.13866,1.13902,1.13893,1.1391,1.13872,1.13908,,,,,108
2025-04-14 09:55:00,1.139,1.139,1.13873,1.13886,1.13906,1.13906,1.13879,1.13892,,,,,112
2025-04-14 09:56:00,1.13887,1.13921,1.13874,1.13892,1.13893,1.13927,1.1388,1.13898,,,,,122
2025-04-14 09:57:00,1.13888,1.1391,1.13871,1.13872,1.13894,1.13916,1.13881,1.13883,,,,,125
2025-04-14 09:58:00,1.13871,1.13919,1.13862,1.13916,1.1388,1.13925,1.13871,1.13922,,,,,140
2025-04-14 09:59:00,1.13915,1.13933,1.13883,1.13897,1.13921,1.13939,1.13889,1.13903,,,,,122
2025-04-14 10:00:00,1.13898,1.13901,1.1387,1.13879,1.13904,1.13907,1.13876,1.13885,,,,,148
2025-04-14 10:01:00,1.13878,1.13891,1.13864,1.13871,1.13884,1.13897,1.1387,1.13877,,,,,127
2025-04-14 10:02:00,1.1387,1.13912,1.13868,1.13873,1.13876,1.13918,1.13874,1.13879,,,,,112
2025-04-14 10:03:00,1.13875,1.13886,1.13862,1.13862,1.13881,1.13892,1.13868,1.13868,,,,,105
2025-04-14 10:04:00,1.13863,1.13869,1.13852,1.13862,1.13869,1.13875,1.13858,1.13868,,,,,110
2025-04-14 10:05:00,1.13863,1.139,1.13839,1.13893,1.13869,1.13906,1.13846,1.13899,,,,,112
2025-04-14 10:06:00,1.13897,1.13932,1.13894,1.13931,1.13903,1.13948,1.13902,1.13947,,,,,145
2025-04-14 10:07:00,1.1393,1.13941,1.1388,1.13881,1.13946,1.1395,1.13889,1.1389,,,,,89
2025-04-14 10:08:00,1.1388,1.1388,1.1385,1.13871,1.13889,1.13893,1.13859,1.13877,,,,,90
2025-04-14 10:09:00,1.13869,1.13937,1.13868,1.13921,1.13875,1.13943,1.13874,1.1393,,,,,94
2025-04-14 10:10:00,1.1392,1.13995,1.1392,1.13995,1.13929,1.14004,1.13929,1.14004,,,,,101
2025-04-14 10:11:00,1.13999,1.14004,1.13952,1.13983,1.14005,1.14013,1.13961,1.13989,,,,,118
2025-04-14 10:12:00,1.13984,1.13984,1.13956,1.13976,1.1399,1.1399,1.13962,1.13988,,,,,94
2025-04-14 10:13:00,1.13977,1.13997,1.13968,1.13996,1.13986,1.14006,1.13974,1.14002,,,,,117
2025-04-14 10:14:00,1.13993,1.14013,1.13976,1.14007,1.13999,1.14022,1.13984,1.14013,,,,,106
2025-04-14 10:15:00,1.14009,1.14023,1.13978,1.14005,1.14015,1.14032,1.13987,1.14011,,,,,153
2025-04-14 10:16:00,1.14006,1.14008,1.13982,1.14008,1.14012,1.14017,1.13992,1.14017,,,,,138
2025-04-14 10:17:00,1.14007,1.1402,1.13982,1.13985,1.14016,1.14026,1.13988,1.14,,,,,146
2025-04-14 10:18:00,1.13986,1.14028,1.13978,1.14028,1.13999,1.14034,1.13987,1.14034,,,,,89
2025-04-14 10:19:00,1.14025,1.14054,1.14015,1.14054,1.14031,1.1406,1.1403,1.1406,,,,,123
2025-04-14 10:20:00,1.14053,1.14084,1.1403,1.14073,1.14059,1.14093,1.14039,1.14079,,,,,89
2025-04-14 10:21:00,1.14072,1.14096,1.14066,1.14067,1.14078,1.14106,1.14072,1.14073,,,,,89
2025-04-14 10:22:00,1.14066,1.14086,1.14059,1.14078,1.14076,1.14098,1.14065,1.14091,,,,,104
2025-04-14 10:23:00,1.14079,1.14079,1.14041,1.14047,1.1409,1.1409,1.14047,1.14053,,,,,95
2025-04-14 10:24:00,1.14048,1.14049,1.14018,1.14024,1.14054,1.14055,1.14031,1.14036,,,,,126
2025-04-14 10:25:00,1.14023,1.14036,1.14012,1.14035,1.14035,1.14042,1.14019,1.14041,,,,,100
2025-04-14 10:26:00,1.14027,1.14046,1.14019,1.14029,1.14036,1.14052,1.14026,1.14042,,,,,104
2025-04-14 10:27:00,1.14027,1.14046,1.14018,1.14019,1.1404,1.14052,1.14024,1.14028,,,,,93
2025-04-14 10:28:00,1.1402,1.14031,1.14014,1.14018,1.14026,1.14038,1.1402,1.14024,,,,,88
2025-04-14 10:29:00,1.14017,1.14041,1.14,1.14004,1.14023,1.14047,1.14012,1.14013,,,,,124
2025-04-14 10:30:00,1.14002,1.14024,1.13975,1.13975,1.14017,1.14033,1.13984,1.13984,,,,,143
2025-04-14 10:31:00,1.13969,1.13989,1.13928,1.13929,1.13982,1.14,1.13935,1.13938,,,,,147
2025-04-14 10:32:00,1.13928,1.13931,1.13895,1.13923,1.13937,1.13938,1.13911,1.13932,,,,,153
2025-04-14 10:33:00,1.13921,1.13921,1.13873,1.13885,1.13933,1.13934,1.13884,1.13891,,,,,107
2025-04-14 10:34:00,1.13883,1.13909,1.13868,1.13887,1.13892,1.13916,1.13882,1.13896,,,,,125
2025-04-14 10:35:00,1.13884,1.13945,1.13884,1.13924,1.13893,1.13954,1.13893,1.1393,,,,,126
2025-04-14 10:36:00,1.13923,1.13933,1.13868,1.13869,1.13929,1.13939,1.13877,1.13882,,,,,112
2025-04-14 10:37:00,1.13868,1.13935,1.13862,1.1393,1.13881,1.13944,1.13871,1.13936,,,,,97
2025-04-14 10:38:00,1.13931,1.13947,1.13924,1.13927,1.13937,1.13956,1.13931,1.13933,,,,,110
2025-04-14 10:39:00,1.13925,1.1393,1.13849,1.13857,1.13934,1.13936,1.13862,1.13866,,,,,185
2025-04-14 10:40:00,1.13856,1.13856,1.1378,1.13807,1.13865,1.13867,1.13795,1.13816,,,,,175
2025-04-14 10:41:00,1.13806,1.13818,1.13789,1.13799,1.13815,1.13827,1.13797,1.13808,,,,,120
2025-04-14 10:42:00,1.138,1.13846,1.13798,1.13825,1.13809,1.13852,1.13807,1.13831,,,,,94
2025-04-14 10:43:00,1.13827,1.13839,1.13814,1.13836,1.13833,1.13846,1.1382,1.13842,,,,,86
2025-04-14 10:44:00,1.13838,1.13838,1.13815,1.13818,1.13844,1.13844,1.13821,1.13827,,,,,92
2025-04-14 10:45:00,1.13827,1.1384,1.13809,1.13827,1.13836,1.13849,1.13815,1.13833,,,,,85
2025-04-14 10:46:00,1.13826,1.13841,1.13809,1.1384,1.13832,1.13848,1.13815,1.13846,,,,,76
2025-04-14 10:47:00,1.13839,1.13847,1.13831,1.13845,1.13845,1.13858,1.13841,1.13851,,,,,104
2025-04-14 10:48:00,1.13848,1.13849,1.13814,1.13828,1.13854,1.13855,1.13823,1.13834,,,,,57
2025-04-14 10:49:00,1.13829,1.1383,1.13809,1.13814,1.13835,1.13836,1.13815,1.13823,,,,,72
2025-04-14 10:50:00,1.13816,1.13931,1.13816,1.13925,1.13825,1.13949,1.13825,1.1394,,,,,134
2025-04-14 10:51:00,1.13924,1.13956,1.13897,1.13925,1.13937,1.13962,1.13906,1.13934,,,,,158
2025-04-14 10:52:00,1.13924,1.13954,1.13908,1.13946,1.13933,1.13963,1.13916,1.13955,,,,,87
2025-04-14 10:53:00,1.13943,1.13986,1.13943,1.13956,1.1396,1.14,1.13959,1.13965,,,,,94
2025-04-14 10:54:00,1.13955,1.13979,1.13947,1.13947,1.13964,1.13985,1.13953,1.13953,,,,,70
2025-04-14 10:55:00,1.13944,1.13951,1.1389,1.13891,1.1395,1.13958,1.13896,1.13897,,,,,77
2025-04-14 10:56:00,1.1388,1.139,1.13875,1.13877,1.13886,1.13908,1.13881,1.13883,,,,,80
2025-04-14 10:57:00,1.13876,1.13882,1.13849,1.13857,1.13882,1.13888,1.13855,1.13863,,,,,95
2025-04-14 10:58:00,1.13859,1.13916,1.13854,1.13908,1.13865,1.13923,1.1386,1.13914,,,,,103
2025-04-14 10:59:00,1.1391,1.13925,1.13868,1.13873,1.13916,1.13931,1.13876,1.13882,,,,,116
2025-04-14 11:00:00,1.13872,1.13905,1.1387,1.13904,1.13881,1.13913,1.13879,1.13913,,,,,102
2025-04-14 11:01:00,1.139,1.13906,1.13886,1.13888,1.13909,1.13915,1.13892,1.13894,,,,,86
2025-04-14 11:02:00,1.13896,1.13963,1.13893,1.13956,1.13902,1.13969,1.13902,1.13962,,,,,107
2025-04-14 11:03:00,1.13958,1.13979,1.13941,1.13973,1.13964,1.13988,1.13947,1.13982,,,,,123
2025-04-14 11:04:00,1.13977,1.13993,1.13963,1.13992,1.13986,1.14003,1.13976,1.13998,,,,,87
2025-04-14 11:05:00,1.13993,1.14005,1.13975,1.13981,1.13999,1.14011,1.13981,1.13987,,,,,65
2025-04-14 11:06:00,1.13983,1.13988,1.13968,1.13973,1.13989,1.13994,1.13974,1.13979,,,,,68
2025-04-14 11:07:00,1.13972,1.13986,1.13962,1.13983,1.13978,1.13992,1.13968,1.13989,,,,,95
2025-04-14 11:08:00,1.13984,1.13992,1.13966,1.13992,1.1399,1.13998,1.13972,1.13998,,,,,77
2025-04-14 11:09:00,1.1399,1.14038,1.13972,1.14034,1.13996,1.14052,1.13978,1.14047,,,,,99
2025-04-14 11:10:00,1.14036,1.14044,1.14009,1.14015,1.14046,1.14056,1.14015,1.14021,,,,,111
2025-04-14 11:11:00,1.14017,1.14035,1.1401,1.14026,1.14023,1.14041,1.14017,1.14032,,,,,82
2025-04-14 11:12:00,1.14025,1.14036,1.14016,1.14025,1.14031,1.14042,1.14022,1.14031,,,,,73
2025-04-14 11:13:00,1.14026,1.14047,1.14019,1.14036,1.14032,1.14053,1.14025,1.14042,,,,,75
2025-04-14 11:14:00,1.14035,1.14054,1.14015,1.14034,1.14041,1.14062,1.14021,1.1404,,,,,65
2025-04-14 11:15:00,1.14032,1.14048,1.14003,1.14008,1.14041,1.14054,1.14015,1.14017,,,,,77
2025-04-14 11:16:00,1.14006,1.14067,1.14005,1.14022,1.14015,1.14073,1.14014,1.14028,,,,,94
2025-04-14 11:17:00,1.14024,1.14057,1.14022,1.14026,1.1403,1.14066,1.14029,1.14032,,,,,91
2025-04-14 11:18:00,1.14028,1.14029,1.14001,1.14016,1.14034,1.14035,1.14014,1.14029,,,,,103
2025-04-14 11:19:00,1.14014,1.14053,1.14014,1.14047,1.1403,1.14059,1.14026,1.14053,,,,,85
2025-04-14 11:20:00,1.1405,1.14067,1.14044,1.14048,1.14056,1.14073,1.14051,1.14054,,,,,85
2025-04-14 11:21:00,1.14047,1.14072,1.14039,1.14066,1.14056,1.14078,1.14046,1.14072,,,,,69
2025-04-14 11:22:00,1.14063,1.14068,1.14033,1.14057,1.14069,1.14078,1.14039,1.14073,,,,,86
2025-04-14 11:23:00,1.14054,1.1407,1.14044,1.14049,1.14074,1.14089,1.1405,1.14055,,,,,124
2025-04-14 11:24:00,1.14044,1.14056,1.14012,1.14017,1.14059,1.14062,1.14025,1.14029,,,,,106
2025-04-14 11:25:00,1.14014,1.14017,1.13962,1.13977,1.14025,1.14028,1.13982,1.13995,,,,,131
2025-04-14 11:26:00,1.13976,1.13999,1.13965,1.13971,1.13991,1.14005,1.13971,1.13977,,,,,116
2025-04-14 11:27:00,1.13972,1.13992,1.13957,1.1396,1.13978,1.14,1.13963,1.13977,,,,,96
2025-04-14 11:28:00,1.13962,1.13969,1.13947,1.13961,1.13978,1.13978,1.13957,1.13967,,,,,75
2025-04-14 11:29:00,1.13959,1.13962,1.13927,1.1393,1.13965,1.13968,1.13936,1.13936,,,,,124
2025-04-14 11:30:00,1.13927,1.13978,1.13927,1.13963,1.13934,1.13989,1.13934,1.13969,,,,,118
2025-04-14 11:31:00,1.13965,1.13981,1.13953,1.13962,1.13971,1.13987,1.13959,1.13971,,,,,81
2025-04-14 11:32:00,1.13961,1.13967,1.13935,1.13947,1.1397,1.13983,1.1395,1.13956,,,,,86
2025-04-14 11:33:00,1.13945,1.13955,1.13937,1.13944,1.1395,1.13967,1.13943,1.1395,,,,,85
2025-04-14 11:34:00,1.13945,1.13959,1.1393,1.13942,1.13951,1.13968,1.13942,1.13948,,,,,110
2025-04-14 11:35:00,1.13938,1.13951,1.13929,1.13934,1.13952,1.13957,1.13937,1.1394,,,,,81
2025-04-14 11:36:00,1.13937,1.13946,1.13927,1.13945,1.13943,1.13952,1.13933,1.13951,,,,,58
2025-04-14 11:37:00,1.13946,1.13946,1.13923,1.13924,1.13952,1.13952,1.13929,1.1393,,,,,95
2025-04-14 11:38:00,1.13927,1.13951,1.13917,1.13951,1.13933,1.13959,1.13926,1.13957,,,,,75
2025-04-14 11:39:00,1.13955,1.13987,1.13942,1.13943,1.13961,1.13993,1.13948,1.13949,,,,,79
2025-04-14 11:40:00,1.13945,1.13947,1.13919,1.13945,1.13951,1.13953,1.13925,1.13951,,,,,94
2025-04-14 11:41:00,1.13944,1.1398,1.13936,1.13976,1.1395,1.13986,1.13942,1.13982,,,,,83
2025-04-14 11:42:00,1.13977,1.13986,1.13967,1.1398,1.13983,1.14,1.13975,1.13986,,,,,115
2025-04-14 11:43:00,1.13978,1.13988,1.13921,1.13921,1.13984,1.13994,1.13927,1.13927,,,,,82
2025-04-14 11:44:00,1.13916,1.13921,1.13881,1.13905,1.13922,1.13927,1.13887,1.13911,,,,,112
2025-04-14 11:45:00,1.13904,1.1393,1.13898,1.13909,1.1391,1.13936,1.13907,1.13915,,,,,76
2025-04-14 11:46:00,1.13907,1.13953,1.13891,1.13952,1.13913,1.13959,1.13897,1.13958,,,,,102
2025-04-14 11:47:00,1.13949,1.14009,1.13948,1.13978,1.13955,1.14015,1.13954,1.13987,,,,,73
2025-04-14 11:48:00,1.13982,1.14007,1.13951,1.13957,1.13991,1.14013,1.13964,1.13971,,,,,126
2025-04-14 11:49:00,1.13959,1.13973,1.1395,1.13959,1.13972,1.13986,1.1396,1.13968,,,,,97
2025-04-14 11:50:00,1.13968,1.13989,1.1395,1.13952,1.13977,1.13998,1.13956,1.13961,,,,,98
2025-04-14 11:51:00,1.1395,1.1397,1.13939,1.13965,1.13959,1.13976,1.13946,1.13971,,,,,95
2025-04-14 11:52:00,1.13964,1.13966,1.13931,1.13938,1.1397,1.13972,1.13943,1.13947,,,,,112
2025-04-14 11:53:00,1.13939,1.13951,1.139,1.13919,1.13948,1.13957,1.13915,1.13925,,,,,124
2025-04-14 11:54:00,1.13912,1.1395,1.13912,1.13945,1.13929,1.13959,1.13929,1.13951,,,,,81
2025-04-14 11:55:00,1.13935,1.13935,1.1391,1.13912,1.13941,1.13941,1.13919,1.13921,,,,,60
2025-04-14 11:56:00,1.13913,1.13926,1.13886,1.13905,1.13922,1.13935,1.13899,1.13914,,,,,71
2025-04-14 11:57:00,1.13904,1.13912,1.13886,1.13892,1.13913,1.13922,1.13895,1.13901,,,,,86
2025-04-14 11:58:00,1.13891,1.13892,1.13867,1.13887,1.139,1.139,1.13879,1.13896,,,,,109
2025-04-14 11:59:00,1.13886,1.1389,1.13862,1.13864,1.13895,1.13901,1.13875,1.13878,,,,,70
2025-04-14 12:00:00,1.13863,1.13879,1.13826,1.13828,1.13879,1.13886,1.13842,1.13844,,,,,142
2025-04-14 12:01:00,1.13829,1.13843,1.13792,1.13797,1.13842,1.13852,1.13809,1.13811,,,,,144
2025-04-14 12:02:00,1.13798,1.1382,1.13789,1.13809,1.13812,1.13834,1.13801,1.13818,,,,,95
2025-04-14 12:03:00,1.13811,1.13819,1.13798,1.13818,1.1382,1.13826,1.13807,1.13824,,,,,70
2025-04-14 12:04:00,1.13819,1.13847,1.13819,1.13823,1.13825,1.13858,1.13825,1.13829,,,,,86
2025-04-14 12:05:00,1.13821,1.13848,1.13805,1.13808,1.13827,1.13854,1.13814,1.13817,,,,,103
2025-04-14 12:06:00,1.13807,1.13824,1.13787,1.13799,1.13816,1.13832,1.13796,1.13805,,,,,111
2025-04-14 12:07:00,1.13798,1.1381,1.13786,1.13794,1.13804,1.13817,1.13795,1.138,,,,,88
2025-04-14 12:08:00,1.13795,1.13796,1.13783,1.13789,1.13801,1.13806,1.13792,1.13795,,,,,63
2025-04-14 12:09:00,1.1379,1.1379,1.13778,1.13781,1.13796,1.13797,1.13787,1.1379,,,,,50
2025-04-14 12:10:00,1.13779,1.1379,1.13753,1.13764,1.13788,1.13796,1.13761,1.13773,,,,,103
2025-04-14 12:11:00,1.13763,1.13791,1.13755,1.13782,1.13772,1.13797,1.13761,1.13788,,,,,86
2025-04-14 12:12:00,1.1378,1.13796,1.13767,1.13792,1.13786,1.13802,1.13773,1.13798,,,,,100
2025-04-14 12:13:00,1.13797,1.138,1.1378,1.138,1.13803,1.13807,1.13786,1.13806,,,,,76
2025-04-14 12:14:00,1.13799,1.13799,1.13753,1.13755,1.13805,1.13805,1.13762,1.13764,,,,,87
2025-04-14 12:15:00,1.13753,1.13763,1.1373,1.13745,1.13762,1.1377,1.13736,1.13751,,,,,114
2025-04-14 12:16:00,1.13746,1.13748,1.13725,1.13735,1.13752,1.13754,1.13731,1.13744,,,,,71
2025-04-14 12:17:00,1.13738,1.1374,1.13718,1.13732,1.13749,1.13749,1.13727,1.13738,,,,,73
2025-04-14 12:18:00,1.13731,1.1374,1.13714,1.13724,1.1374,1.13746,1.13721,1.1373,,,,,85
2025-04-14 12:19:00,1.13723,1.13731,1.13713,1.13731,1.13729,1.1374,1.1372,1.1374,,,,,72
2025-04-14 12:20:00,1.13733,1.13744,1.13728,1.13739,1.13742,1.1375,1.13736,1.13745,,,,,68
2025-04-14 12:21:00,1.13737,1.13743,1.1373,1.1374,1.13743,1.13752,1.13738,1.13746,,,,,68
2025-04-14 12:22:00,1.13739,1.13787,1.13736,1.13773,1.13745,1.13796,1.13742,1.13779,,,,,85
2025-04-14 12:23:00,1.13772,1.13781,1.13757,1.13766,1.13778,1.13788,1.13765,1.13775,,,,,98
2025-04-14 12:24:00,1.13767,1.1378,1.13755,1.13777,1.13776,1.13786,1.13761,1.13783,,,,,59
2025-04-14 12:25:00,1.13773,1.13777,1.13755,1.13755,1.13782,1.13783,1.13762,1.13764,,,,,73
2025-04-14 12:26:00,1.13758,1.13766,1.13742,1.13743,1.13766,1.13772,1.13748,1.13749,,,,,49
2025-04-14 12:27:00,1.13742,1.13807,1.13742,1.13806,1.13748,1.13818,1.13748,1.13815,,,,,75
2025-04-14 12:28:00,1.13804,1.13824,1.13798,1.13824,1.13813,1.13831,1.13807,1.1383,,,,,47
2025-04-14 12:29:00,1.13826,1.1384,1.13824,1.13829,1.13832,1.13849,1.1383,1.13835,,,,,45
2025-04-14 12:30:00,1.13828,1.13875,1.13826,1.13871,1.13834,1.13881,1.13832,1.13877,,,,,89
2025-04-14 12:31:00,1.1387,1.13888,1.13865,1.13888,1.13876,1.13894,1.13873,1.13894,,,,,73
2025-04-14 12:32:00,1.13887,1.13907,1.13886,1.13901,1.13896,1.13913,1.13892,1.1391,,,,,70
2025-04-14 12:33:00,1.139,1.13919,1.13897,1.13915,1.13909,1.13925,1.13907,1.13921,,,,,55
2025-04-14 12:34:00,1.13917,1.1392,1.13859,1.1387,1.13923,1.13926,1.13865,1.13879,,,,,78
2025-04-14 12:35:00,1.13866,1.13873,1.13852,1.13856,1.13875,1.13879,1.1386,1.13862,,,,,66
2025-04-14 12:36:00,1.13855,1.13861,1.13835,1.13853,1.13861,1.13867,1.13841,1.13859,,,,,65
2025-04-14 12:37:00,1.13856,1.13859,1.13837,1.13853,1.13862,1.13865,1.13843,1.13859,,,,,76
2025-04-14 12:38:00,1.13852,1.13852,1.13819,1.13832,1.13858,1.13858,1.13828,1.13841,,,,,75
2025-04-14 12:39:00,1.13833,1.13854,1.13832,1.13851,1.13842,1.1386,1.13841,1.13857,,,,,87
2025-04-14 12:40:00,1.13852,1.13858,1.13826,1.13833,1.13858,1.13864,1.13832,1.13839,,,,,68
2025-04-14 12:41:00,1.13834,1.13858,1.13831,1.13846,1.1384,1.13864,1.13837,1.13852,,,,,71
2025-04-14 12:42:00,1.13847,1.13863,1.13846,1.13863,1.13853,1.13869,1.13852,1.13869,,,,,64
2025-04-14 12:43:00,1.1386,1.13867,1.1384,1.13847,1.13866,1.13877,1.13849,1.13853,,,,,64
2025-04-14 12:44:00,1.13848,1.13866,1.13827,1.13827,1.13854,1.13872,1.13834,1.13836,,,,,70
2025-04-14 12:45:00,1.13825,1.13853,1.13825,1.13851,1.13837,1.13859,1.13836,1.13857,,,,,53
2025-04-14 12:46:00,1.13852,1.13859,1.13835,1.13839,1.13858,1.13865,1.13843,1.13845,,,,,46
2025-04-14 12:47:00,1.13838,1.1386,1.13835,1.13853,1.13844,1.13866,1.13843,1.13859,,,,,73
2025-04-14 12:48:00,1.13857,1.13858,1.13847,1.13855,1.13863,1.13864,1.13855,1.13864,,,,,48
2025-04-14 12:49:00,1.13859,1.13866,1.13846,1.13859,1.13868,1.13875,1.13852,1.13865,,,,,64
2025-04-14 12:50:00,1.1386,1.13875,1.13844,1.13871,1.13866,1.13881,1.13853,1.1388,,,,,81
2025-04-14 12:51:00,1.13867,1.13878,1.13864,1.13869,1.13873,1.13885,1.13872,1.13875,,,,,59
2025-04-14 12:52:00,1.1387,1.1387,1.13846,1.13859,1.13876,1.13879,1.13854,1.13868,,,,,72
2025-04-14 12:53:00,1.1386,1.13868,1.13837,1.13837,1.13869,1.13875,1.13846,1.13846,,,,,58
2025-04-14 12:54:00,1.13836,1.13857,1.13828,1.13855,1.13845,1.13869,1.13835,1.13867,,,,,74
2025-04-14 12:55:00,1.13856,1.13868,1.13851,1.13866,1.13866,1.13875,1.1386,1.13875,,,,,82
2025-04-14 12:56:00,1.13865,1.13868,1.13847,1.13864,1.13874,1.1388,1.13859,1.13873,,,,,82
2025-04-14 12:57:00,1.13863,1.1387,1.13859,1.13863,1.13872,1.13879,1.13868,1.13869,,,,,53
2025-04-14 12:58:00,1.13862,1.13873,1.13862,1.13868,1.13868,1.1388,1.13868,1.13877,,,,,66
2025-04-14 12:59:00,1.13869,1.13877,1.13861,1.13869,1.13878,1.13884,1.1387,1.1388,,,,,61
2025-04-14 13:00:00,1.1387,1.13872,1.13853,1.13858,1.13882,1.13882,1.13859,1.13864,,,,,63
2025-04-14 13:01:00,1.1386,1.13875,1.1386,1.13865,1.13866,1.13883,1.13866,1.13871,,,,,59
2025-04-14 13:02:00,1.13866,1.1387,1.13852,1.13855,1.13872,1.13876,1.13858,1.13861,,,,,47
2025-04-14 13:03:00,1.13854,1.13858,1.13842,1.13855,1.1386,1.13864,1.13848,1.13861,,,,,36
2025-04-14 13:04:00,1.13861,1.13862,1.13849,1.13849,1.13867,1.13868,1.13855,1.13855,,,,,39
2025-04-14 13:05:00,1.13843,1.13849,1.13816,1.13822,1.13849,1.13855,1.13828,1.13833,,,,,52
2025-04-14 13:06:00,1.13817,1.13848,1.13799,1.13848,1.13826,1.13854,1.13808,1.13854,,,,,82
2025-04-14 13:07:00,1.13843,1.13845,1.13814,1.13816,1.13849,1.13851,1.13823,1.13825,,,,,47
2025-04-14 13:08:00,1.13818,1.13833,1.13818,1.13827,1.13824,1.13839,1.13824,1.13833,,,,,40
2025-04-14 13:09:00,1.1383,1.13867,1.13827,1.13864,1.13836,1.13873,1.13833,1.1387,,,,,52
2025-04-14 13:10:00,1.13863,1.13872,1.1385,1.13872,1.13869,1.13878,1.13858,1.13878,,,,,44
2025-04-14 13:11:00,1.13871,1.13881,1.13867,1.13877,1.13877,1.13887,1.13873,1.13883,,,,,38
2025-04-14 13:12:00,1.13876,1.13876,1.13848,1.13862,1.13882,1.13882,1.13854,1.13868,,,,,31
2025-04-14 13:13:00,1.13857,1.13873,1.13854,1.13867,1.13863,1.13879,1.1386,1.13873,,,,,41
2025-04-14 13:14:00,1.13866,1.13866,1.13847,1.13862,1.13872,1.13872,1.13853,1.13868,,,,,52
2025-04-14 13:15:00,1.13859,1.13861,1.13826,1.13832,1.13865,1.13867,1.13832,1.13838,,,,,62
2025-04-14 13:16:00,1.13831,1.13847,1.1383,1.13844,1.13837,1.13853,1.13836,1.1385,,,,,34
2025-04-14 13:17:00,1.13843,1.13867,1.13837,1.13865,1.13849,1.13873,1.13843,1.13871,,,,,38
2025-04-14 13:18:00,1.13866,1.13877,1.13864,1.13876,1.13872,1.13883,1.1387,1.13882,,,,,25
2025-04-14 13:19:00,1.13875,1.13882,1.13874,1.13875,1.13881,1.13888,1.1388,1.13881,,,,,34
2025-04-14 13:20:00,1.1388,1.13883,1.13874,1.13875,1.13886,1.13889,1.1388,1.13881,,,,,26
2025-04-14 13:21:00,1.13876,1.13924,1.13876,1.13924,1.13882,1.1393,1.13882,1.1393,,,,,58
2025-04-14 13:22:00,1.13925,1.1393,1.13909,1.13921,1.13931,1.13939,1.13915,1.13927,,,,,67
2025-04-14 13:23:00,1.13922,1.13931,1.13916,1.13918,1.13928,1.13939,1.13922,1.13924,,,,,42
2025-04-14 13:24:00,1.13919,1.13921,1.13905,1.13912,1.13925,1.13927,1.13911,1.13918,,,,,47
2025-04-14 13:25:00,1.13911,1.13917,1.13904,1.13905,1.13917,1.13923,1.13911,1.13911,,,,,52
2025-04-14 13:26:00,1.13906,1.13929,1.13904,1.13921,1.13912,1.13935,1.13911,1.13927,,,,,40
2025-04-14 13:27:00,1.13918,1.13931,1.1391,1.13919,1.13924,1.13937,1.13916,1.13925,,,,,46
2025-04-14 13:28:00,1.13912,1.13924,1.13891,1.13906,1.13921,1.1393,1.139,1.13912,,,,,54
2025-04-14 13:29:00,1.13904,1.13907,1.13886,1.13898,1.1391,1.13913,1.13892,1.13904,,,,,51
2025-04-14 13:30:00,1.13896,1.13913,1.13893,1.13906,1.13902,1.13919,1.13899,1.13912,,,,,41
2025-04-14 13:31:00,1.13904,1.1393,1.13901,1.1391,1.1391,1.13936,1.13907,1.13916,,,,,35
2025-04-14 13:32:00,1.13909,1.13914,1.13895,1.13912,1.13918,1.1392,1.13901,1.13918,,,,,51
2025-04-14 13:33:00,1.13915,1.13952,1.13915,1.13951,1.13921,1.13958,1.13921,1.13957,,,,,35
2025-04-14 13:34:00,1.13952,1.13973,1.13944,1.13971,1.13958,1.1398,1.1395,1.1398,,,,,54
2025-04-14 13:35:00,1.1397,1.13978,1.13958,1.13972,1.13976,1.13984,1.13964,1.13978,,,,,51
2025-04-14 13:36:00,1.13975,1.13979,1.13968,1.13974,1.13981,1.13985,1.13974,1.1398,,,,,46
2025-04-14 13:37:00,1.13975,1.13981,1.13969,1.13978,1.13981,1.13987,1.13978,1.13984,,,,,30
2025-04-14 13:38:00,1.1398,1.13982,1.13964,1.1397,1.13986,1.13988,1.1397,1.13976,,,,,31
2025-04-14 13:39:00,1.13971,1.1398,1.13957,1.13957,1.13977,1.13986,1.13963,1.13963,,,,,36
2025-04-14 13:40:00,1.13954,1.13992,1.13954,1.13989,1.1396,1.14,1.1396,1.14,,,,,39
2025-04-14 13:41:00,1.13994,1.14003,1.1398,1.1398,1.14005,1.14012,1.13989,1.13993,,,,,75
2025-04-14 13:42:00,1.13979,1.13983,1.13955,1.13963,1.13992,1.13992,1.13961,1.13969,,,,,57
2025-04-14 13:43:00,1.13959,1.13968,1.13951,1.13961,1.13973,1.13978,1.13958,1.1397,,,,,62
2025-04-14 13:44:00,1.13964,1.13985,1.13953,1.13985,1.13973,1.13991,1.13959,1.13991,,,,,65
2025-04-14 13:45:00,1.13983,1.13983,1.13937,1.13951,1.13989,1.13989,1.13943,1.13957,,,,,60
2025-04-14 13:46:00,1.13952,1.14011,1.13952,1.14011,1.13958,1.1402,1.13958,1.1402,,,,,61
2025-04-14 13:47:00,1.1401,1.14031,1.14003,1.14005,1.14019,1.14043,1.14009,1.14014,,,,,100
2025-04-14 13:48:00,1.13998,1.14043,1.13988,1.14034,1.14007,1.14054,1.13997,1.14047,,,,,95
2025-04-14 13:49:00,1.14037,1.14057,1.14023,1.14031,1.14051,1.14063,1.1403,1.14037,,,,,72
2025-04-14 13:50:00,1.14032,1.14032,1.14008,1.14017,1.14038,1.14038,1.14014,1.14023,,,,,67
2025-04-14 13:51:00,1.14016,1.14036,1.14015,1.14033,1.14022,1.14042,1.14021,1.14042,,,,,43
2025-04-14 13:52:00,1.14036,1.14054,1.14034,1.14041,1.14052,1.14062,1.1404,1.14047,,,,,49
2025-04-14 13:53:00,1.14039,1.14047,1.13965,1.13965,1.14045,1.14054,1.13974,1.13974,,,,,85
2025-04-14 13:54:00,1.13964,1.13971,1.13943,1.13945,1.13973,1.13977,1.13949,1.13951,,,,,91
2025-04-14 13:55:00,1.13944,1.13945,1.13823,1.13824,1.1395,1.13951,1.13832,1.13833,,,,,144
2025-04-14 13:56:00,1.13825,1.13854,1.13809,1.13819,1.13835,1.13862,1.13818,1.13825,,,,,156
2025-04-14 13:57:00,1.13821,1.1383,1.13736,1.13742,1.13827,1.1384,1.13742,1.13754,,,,,213
2025-04-14 13:58:00,1.13741,1.13824,1.13722,1.13823,1.13755,1.13833,1.13731,1.13832,,,,,203
2025-04-14 13:59:00,1.13821,1.13845,1.13811,1.13836,1.1383,1.13851,1.13819,1.13842,,,,,141
2025-04-14 14:00:00,1.13837,1.13862,1.1383,1.13854,1.13843,1.13868,1.13836,1.1386,,,,,158
2025-04-14 14:01:00,1.1385,1.13855,1.13828,1.13842,1.13856,1.13864,1.13834,1.13848,,,,,113
2025-04-14 14:02:00,1.13848,1.13881,1.13845,1.13875,1.13854,1.13887,1.13851,1.13881,,,,,115
2025-04-14 14:03:00,1.13872,1.13881,1.13848,1.13873,1.13878,1.1389,1.13857,1.13882,,,,,102
2025-04-14 14:04:00,1.13868,1.13876,1.13829,1.1384,1.13877,1.13882,1.13838,1.13849,,,,,120
2025-04-14 14:05:00,1.13841,1.13841,1.13815,1.13838,1.1385,1.1385,1.13821,1.13844,,,,,93
2025-04-14 14:06:00,1.1384,1.13854,1.13824,1.13852,1.13846,1.1386,1.1383,1.13858,,,,,97
2025-04-14 14:07:00,1.13849,1.13849,1.13816,1.13838,1.13855,1.13855,1.13822,1.13844,,,,,66
2025-04-14 14:08:00,1.13837,1.13847,1.13789,1.13789,1.13843,1.13853,1.13795,1.13798,,,,,131
2025-04-14 14:09:00,1.1379,1.13796,1.13754,1.13762,1.13799,1.13805,1.1376,1.13768,,,,,114
2025-04-14 14:10:00,1.13765,1.13786,1.1376,1.13769,1.13771,1.13792,1.13768,1.13775,,,,,85
2025-04-14 14:11:00,1.13768,1.13769,1.13721,1.13729,1.13774,1.13775,1.13727,1.13735,,,,,82
2025-04-14 14:12:00,1.13727,1.13751,1.13683,1.13697,1.13733,1.13757,1.13689,1.13703,,,,,125
2025-04-14 14:13:00,1.13699,1.137,1.13628,1.13691,1.13705,1.13708,1.13638,1.13697,,,,,160
2025-04-14 14:14:00,1.13697,1.13714,1.13679,1.13703,1.13703,1.13723,1.13687,1.13712,,,,,108
2025-04-14 14:15:00,1.13717,1.13737,1.13703,1.13724,1.13723,1.13746,1.13712,1.13733,,,,,84
2025-04-14 14:16:00,1.13725,1.1374,1.13719,1.1374,1.13731,1.13749,1.13725,1.13749,,,,,55
2025-04-14 14:17:00,1.13739,1.13746,1.13731,1.13731,1.13748,1.13763,1.13737,1.13737,,,,,69
2025-04-14 14:18:00,1.13728,1.1374,1.13709,1.13711,1.13734,1.13746,1.13718,1.1372,,,,,92
2025-04-14 14:19:00,1.13712,1.13712,1.13679,1.13689,1.13721,1.13721,1.13696,1.13701,,,,,96
2025-04-14 14:20:00,1.1369,1.13715,1.13643,1.1365,1.13699,1.13723,1.13652,1.13659,,,,,138
2025-04-14 14:21:00,1.13651,1.13651,1.13601,1.13617,1.1366,1.1366,1.1361,1.13626,,,,,144
2025-04-14 14:22:00,1.13616,1.13628,1.13604,1.13604,1.13625,1.13634,1.1361,1.1361,,,,,80
2025-04-14 14:23:00,1.13602,1.13613,1.13569,1.13609,1.13608,1.13621,1.13581,1.13618,,,,,128
2025-04-14 14:24:00,1.1361,1.1361,1.13535,1.13579,1.13619,1.13619,1.13541,1.13585,,,,,119
2025-04-14 14:25:00,1.13577,1.13595,1.13557,1.1359,1.13586,1.13606,1.1357,1.13596,,,,,131
2025-04-14 14:26:00,1.13586,1.13618,1.13564,1.13609,1.13592,1.13624,1.1357,1.13615,,,,,99
2025-04-14 14:27:00,1.13608,1.13608,1.13545,1.13549,1.13614,1.13616,1.13554,1.13558,,,,,89
2025-04-14 14:28:00,1.13548,1.1356,1.13543,1.13546,1.13557,1.13566,1.13549,1.13552,,,,,94
2025-04-14 14:29:00,1.13549,1.1356,1.13537,1.13539,1.13555,1.13566,1.13546,1.13548,,,,,50
2025-04-14 14:30:00,1.13546,1.13583,1.13546,1.13578,1.13555,1.13589,1.13554,1.13587,,,,,80
2025-04-14 14:31:00,1.13577,1.13599,1.13573,1.13591,1.13586,1.13605,1.13582,1.13597,,,,,73
2025-04-14 14:32:00,1.13593,1.13624,1.13587,1.13613,1.13599,1.13638,1.13593,1.13625,,,,,113
2025-04-14 14:33:00,1.13614,1.1363,1.13614,1.13627,1.13624,1.13636,1.1362,1.13633,,,,,77
2025-04-14 14:34:00,1.13625,1.13673,1.13624,1.1367,1.13631,1.13679,1.1363,1.13676,,,,,110
2025-04-14 14:35:00,1.13668,1.13689,1.13659,1.1368,1.13674,1.13695,1.13665,1.13686,,,,,91
2025-04-14 14:36:00,1.13683,1.13711,1.1368,1.13711,1.13689,1.13717,1.13686,1.13717,,,,,73
2025-04-14 14:37:00,1.13707,1.13719,1.13689,1.13696,1.13713,1.13725,1.13695,1.13702,,,,,82
2025-04-14 14:38:00,1.13689,1.13696,1.13661,1.13677,1.13695,1.13702,1.13667,1.13683,,,,,74
2025-04-14 14:39:00,1.13678,1.13678,1.1366,1.13661,1.13684,1.13684,1.13666,1.13667,,,,,52
2025-04-14 14:40:00,1.13662,1.13703,1.1366,1.13679,1.13668,1.13709,1.13666,1.13685,,,,,123
2025-04-14 14:41:00,1.13677,1.1372,1.1366,1.13717,1.13683,1.13726,1.13669,1.13723,,,,,107
2025-04-14 14:42:00,1.13713,1.13726,1.13691,1.13698,1.13719,1.13736,1.13697,1.13707,,,,,95
2025-04-14 14:43:00,1.13696,1.13721,1.13696,1.13721,1.13705,1.13729,1.13703,1.13727,,,,,70
2025-04-14 14:44:00,1.13722,1.13722,1.13658,1.13661,1.13728,1.13728,1.13667,1.13672,,,,,86
2025-04-14 14:45:00,1.13662,1.13668,1.13631,1.13639,1.13673,1.13674,1.13638,1.13645,,,,,83
2025-04-14 14:46:00,1.13647,1.13667,1.13632,1.13632,1.13653,1.13673,1.13638,1.13638,,,,,63
2025-04-14 14:47:00,1.13631,1.13645,1.13581,1.13589,1.13637,1.13651,1.13587,1.13598,,,,,104
2025-04-14 14:48:00,1.1359,1.13639,1.13583,1.13632,1.13599,1.13645,1.13595,1.13638,,,,,126
2025-04-14 14:49:00,1.13633,1.13636,1.13585,1.13622,1.13639,1.13642,1.13591,1.13628,,,,,101
2025-04-14 14:50:00,1.13623,1.13686,1.13623,1.13664,1.13629,1.13692,1.13629,1.1367,,,,,88
2025-04-14 14:51:00,1.13665,1.13667,1.13617,1.1363,1.13671,1.13678,1.13631,1.13636,,,,,106
2025-04-14 14:52:00,1.13629,1.13646,1.13601,1.13609,1.13635,1.13658,1.13615,1.1362,,,,,107
2025-04-14 14:53:00,1.13608,1.1361,1.13549,1.13551,1.13621,1.13621,1.13555,1.13557,,,,,99
2025-04-14 14:54:00,1.1355,1.13555,1.13535,1.13547,1.13556,1.13561,1.13546,1.13553,,,,,71
2025-04-14 14:55:00,1.13546,1.13553,1.13509,1.13511,1.13552,1.13559,1.13518,1.1352,,,,,86
2025-04-14 14:56:00,1.13512,1.13527,1.13384,1.13384,1.13521,1.13533,1.13393,1.13393,,,,,182
2025-04-14 14:57:00,1.13395,1.13431,1.13341,1.13384,1.13404,1.13437,1.13351,1.1339,,,,,224
2025-04-14 14:58:00,1.1339,1.13427,1.13348,1.13362,1.13396,1.13439,1.13354,1.13374,,,,,206
2025-04-14 14:59:00,1.13369,1.13394,1.13353,1.13388,1.13378,1.134,1.13359,1.13394,,,,,171
2025-04-14 15:00:00,1.13387,1.13412,1.13369,1.13378,1.13393,1.13418,1.1338,1.13387,,,,,165
2025-04-14 15:01:00,1.1338,1.13393,1.13331,1.13346,1.13391,1.13402,1.13337,1.13352,,,,,140
2025-04-14 15:02:00,1.13344,1.13394,1.13335,1.13348,1.1335,1.134,1.13342,1.13357,,,,,138
2025-04-14 15:03:00,1.13347,1.13371,1.13278,1.13282,1.13353,1.13377,1.13284,1.13288,,,,,114
2025-04-14 15:04:00,1.13283,1.13297,1.13158,1.13201,1.13289,1.13303,1.13168,1.13207,,,,,198
2025-04-14 15:05:00,1.13209,1.13249,1.13209,1.13224,1.13215,1.13255,1.13215,1.1323,,,,,144
2025-04-14 15:06:00,1.13225,1.13251,1.1314,1.1314,1.13231,1.13257,1.13149,1.13149,,,,,180
2025-04-14 15:07:00,1.13143,1.13173,1.13136,1.13164,1.13155,1.13179,1.13142,1.1317,,,,,181
2025-04-14 15:08:00,1.13166,1.13172,1.13108,1.13122,1.13172,1.13178,1.13114,1.13131,,,,,138
2025-04-14 15:09:00,1.13124,1.13124,1.13029,1.13029,1.13133,1.13133,1.13035,1.13035,,,,,215
2025-04-14 15:10:00,1.13025,1.13035,1.12957,1.12983,1.13031,1.13041,1.12963,1.12989,,,,,257
2025-04-14 15:11:00,1.12985,1.13119,1.12956,1.13079,1.12991,1.13128,1.12979,1.13088,,,,,200
2025-04-14 15:12:00,1.13074,1.13154,1.13066,1.13147,1.1308,1.13166,1.13072,1.13165,,,,,168
2025-04-14 15:13:00,1.13146,1.13165,1.13114,1.13164,1.13164,1.1318,1.13123,1.13173,,,,,138
2025-04-14 15:14:00,1.13165,1.13176,1.1314,1.13155,1.13174,1.13185,1.13149,1.13164,,,,,124
2025-04-14 15:15:00,1.13158,1.13202,1.13142,1.13197,1.13167,1.13214,1.13151,1.13211,,,,,168
2025-04-14 15:16:00,1.13195,1.13242,1.13192,1.1323,1.13209,1.13252,1.13207,1.13252,,,,,132
2025-04-14 15:17:00,1.13222,1.13226,1.13141,1.13151,1.13243,1.13243,1.13157,1.13172,,,,,113
2025-04-14 15:18:00,1.1315,1.1318,1.13121,1.13162,1.13173,1.13189,1.13134,1.13171,,,,,175
2025-04-14 15:19:00,1.13167,1.13199,1.13127,1.13138,1.13176,1.13208,1.13136,1.13144,,,,,116
2025-04-14 15:20:00,1.13143,1.13153,1.13101,1.13119,1.13149,1.13162,1.1311,1.13131,,,,,153
2025-04-14 15:21:00,1.1312,1.13123,1.13013,1.13015,1.13129,1.13132,1.13022,1.13024,,,,,194
2025-04-14 15:22:00,1.13012,1.13077,1.13012,1.1305,1.13021,1.13086,1.13021,1.13068,,,,,188
2025-04-14 15:23:00,1.13047,1.13055,1.12993,1.1302,1.13069,1.13071,1.13007,1.13029,,,,,172
2025-04-14 15:24:00,1.13021,1.13049,1.13004,1.13047,1.1303,1.13064,1.13015,1.13063,,,,,212
2025-04-14 15:25:00,1.13042,1.13073,1.1299,1.12996,1.13057,1.13082,1.13002,1.13005,,,,,210
2025-04-14 15:26:00,1.12995,1.13037,1.12982,1.13028,1.13004,1.13046,1.12995,1.13037,,,,,137
2025-04-14 15:27:00,1.13031,1.13045,1.12983,1.12997,1.1304,1.13054,1.12992,1.13006,,,,,110
2025-04-14 15:28:00,1.12991,1.13048,1.12977,1.13048,1.13,1.13057,1.12985,1.13057,,,,,147
2025-04-14 15:29:00,1.1305,1.13067,1.13011,1.13058,1.13059,1.13076,1.1302,1.13067,,,,,162
2025-04-14 15:30:00,1.13061,1.13099,1.13055,1.13076,1.1307,1.13108,1.13064,1.13085,,,,,160
2025-04-14 15:31:00,1.13077,1.1309,1.13055,1.13071,1.13086,1.13099,1.13064,1.1308,,,,,144
2025-04-14 15:32:00,1.1307,1.13107,1.13045,1.13084,1.13079,1.13116,1.13054,1.1309,,,,,179
2025-04-14 15:33:00,1.13082,1.13126,1.13077,1.13096,1.13091,1.13135,1.13086,1.13105,,,,,184
2025-04-14 15:34:00,1.13097,1.13126,1.13058,1.13126,1.13106,1.13139,1.13067,1.13139,,,,,186
2025-04-14 15:35:00,1.13125,1.13125,1.13063,1.1312,1.13136,1.13136,1.13072,1.13126,,,,,166
2025-04-14 15:36:00,1.13119,1.13122,1.13078,1.13109,1.13125,1.13131,1.13087,1.13118,,,,,154
2025-04-14 15:37:00,1.13111,1.13129,1.13084,1.13129,1.1312,1.13138,1.13093,1.13138,,,,,158
2025-04-14 15:38:00,1.13127,1.13161,1.13108,1.13123,1.13136,1.1317,1.13117,1.13132,,,,,186
2025-04-14 15:39:00,1.13121,1.13202,1.13111,1.13196,1.1313,1.13211,1.1312,1.13205,,,,,178
2025-04-14 15:40:00,1.13197,1.13205,1.13171,1.13186,1.13206,1.13214,1.13177,1.13195,,,,,178
2025-04-14 15:41:00,1.13187,1.13239,1.13183,1.13237,1.13196,1.13249,1.13192,1.13246,,,,,165
2025-04-14 15:42:00,1.13238,1.13264,1.13238,1.13254,1.13247,1.1327,1.13244,1.13263,,,,,127
2025-04-14 15:43:00,1.13258,1.13261,1.13224,1.13254,1.13267,1.1327,1.1323,1.13263,,,,,119
2025-04-14 15:44:00,1.13258,1.13277,1.13239,1.13246,1.13267,1.13286,1.13248,1.13252,,,,,137
2025-04-14 15:45:00,1.13247,1.13317,1.13241,1.13306,1.13253,1.13323,1.13247,1.13312,,,,,156
2025-04-14 15:46:00,1.13307,1.13317,1.1329,1.1331,1.13316,1.13326,1.13296,1.13316,,,,,110
2025-04-14 15:47:00,1.13311,1.13345,1.13293,1.13304,1.13317,1.1336,1.13302,1.13313,,,,,170
2025-04-14 15:48:00,1.13305,1.13331,1.133,1.13305,1.13314,1.13337,1.13306,1.13311,,,,,107
2025-04-14 15:49:00,1.13307,1.1332,1.1328,1.1328,1.13316,1.13328,1.13286,1.13286,,,,,108
2025-04-14 15:50:00,1.13281,1.13295,1.13263,1.13276,1.13287,1.13303,1.13269,1.13282,,,,,98
2025-04-14 15:51:00,1.13275,1.13275,1.13211,1.13247,1.13281,1.13281,1.1322,1.13253,,,,,102
2025-04-14 15:52:00,1.1325,1.13267,1.1323,1.13244,1.13256,1.13273,1.13242,1.13253,,,,,96
2025-04-14 15:53:00,1.13249,1.13249,1.1321,1.1322,1.13258,1.13258,1.13216,1.13229,,,,,73
2025-04-14 15:54:00,1.13225,1.13257,1.13211,1.1324,1.13231,1.13263,1.13217,1.13246,,,,,67
2025-04-14 15:55:00,1.13231,1.1329,1.13231,1.13289,1.1324,1.13299,1.1324,1.13298,,,,,82
2025-04-14 15:56:00,1.13291,1.13292,1.1326,1.13265,1.13297,1.13298,1.13266,1.13274,,,,,61
2025-04-14 15:57:00,1.13268,1.13281,1.13253,1.13281,1.13277,1.13287,1.13259,1.13287,,,,,75
2025-04-14 15:58:00,1.13276,1.13291,1.1325,1.13253,1.13282,1.133,1.13256,1.13262,,,,,79
2025-04-14 15:59:00,1.13254,1.13287,1.13251,1.13271,1.13263,1.13296,1.13257,1.13277,,,,,81
2025-04-14 16:00:00,1.13268,1.13307,1.13235,1.13298,1.13261,1.13314,1.13241,1.13304,,,,,112
2025-04-14 16:01:00,1.13297,1.13334,1.13297,1.13334,1.13303,1.13343,1.13303,1.1334,,,,,107
2025-04-14 16:02:00,1.1333,1.1333,1.13295,1.13301,1.13336,1.13336,1.13301,1.13307,,,,,88
2025-04-14 16:03:00,1.13298,1.13298,1.13208,1.13249,1.13304,1.13304,1.13217,1.13258,,,,,115
2025-04-14 16:04:00,1.13246,1.13246,1.13207,1.13219,1.13255,1.13255,1.13213,1.13225,,,,,66
2025-04-14 16:05:00,1.13224,1.13224,1.13197,1.13221,1.1323,1.1323,1.13203,1.13227,,,,,81
2025-04-14 16:06:00,1.13222,1.13255,1.13209,1.13244,1.13228,1.13261,1.13216,1.13253,,,,,113
2025-04-14 16:07:00,1.13245,1.13245,1.13219,1.13235,1.13254,1.13254,1.13225,1.13241,,,,,76
2025-04-14 16:08:00,1.13234,1.13252,1.13223,1.13223,1.1324,1.13258,1.13232,1.13232,,,,,100
2025-04-14 16:09:00,1.13226,1.13279,1.13219,1.13279,1.13235,1.13288,1.13225,1.13288,,,,,71
2025-04-14 16:10:00,1.1328,1.13309,1.13264,1.1329,1.13289,1.13315,1.13273,1.13296,,,,,106
2025-04-14 16:11:00,1.13294,1.13312,1.1329,1.13312,1.13303,1.13321,1.13296,1.13321,,,,,73
2025-04-14 16:12:00,1.1331,1.13356,1.13305,1.13343,1.13319,1.13362,1.13313,1.13349,,,,,107
2025-04-14 16:13:00,1.13342,1.13344,1.13308,1.13329,1.13348,1.13351,1.13316,1.13338,,,,,96
2025-04-14 16:14:00,1.1333,1.13381,1.13325,1.1338,1.13339,1.13393,1.13331,1.13389,,,,,112
2025-04-14 16:15:00,1.13379,1.13408,1.13363,1.13398,1.13388,1.13419,1.13369,1.13407,,,,,109
2025-04-14 16:16:00,1.13396,1.13396,1.13371,1.13379,1.13405,1.13406,1.13379,1.13385,,,,,95
2025-04-14 16:17:00,1.13381,1.13401,1.13377,1.13394,1.13387,1.1341,1.13384,1.13403,,,,,60
2025-04-14 16:18:00,1.13393,1.13439,1.13386,1.13418,1.13402,1.13448,1.13394,1.13424,,,,,92
2025-04-14 16:19:00,1.1342,1.13424,1.13366,1.13395,1.13426,1.13434,1.13372,1.13401,,,,,83
2025-04-14 16:20:00,1.13393,1.1342,1.13373,1.1341,1.13399,1.13429,1.13382,1.13416,,,,,119
2025-04-14 16:21:00,1.13412,1.13422,1.13378,1.13384,1.13418,1.13429,1.13386,1.13393,,,,,89
2025-04-14 16:22:00,1.13381,1.13414,1.13369,1.13404,1.1339,1.1342,1.13384,1.13413,,,,,117
2025-04-14 16:23:00,1.13407,1.13429,1.13396,1.13401,1.13418,1.1344,1.13406,1.1341,,,,,76
2025-04-14 16:24:00,1.13402,1.13436,1.13402,1.13425,1.13411,1.13443,1.13411,1.13431,,,,,89
2025-04-14 16:25:00,1.13426,1.13452,1.13404,1.13444,1.13432,1.13462,1.1341,1.1345,,,,,82
2025-04-14 16:26:00,1.13445,1.13471,1.13444,1.13457,1.13451,1.13485,1.1345,1.13466,,,,,82
2025-04-14 16:27:00,1.13456,1.13475,1.13454,1.13469,1.13465,1.13483,1.13463,1.13475,,,,,57
2025-04-14 16:28:00,1.13468,1.13491,1.13462,1.13468,1.13477,1.13505,1.13471,1.13477,,,,,90
2025-04-14 16:29:00,1.13469,1.1349,1.13469,1.13485,1.13478,1.13499,1.13478,1.13494,,,,,51
2025-04-14 16:30:00,1.13487,1.13532,1.13484,1.13532,1.13496,1.13544,1.1349,1.13541,,,,,121
2025-04-14 16:31:00,1.13538,1.13583,1.13538,1.13575,1.13547,1.13593,1.13546,1.13584,,,,,150
2025-04-14 16:32:00,1.13574,1.13628,1.13569,1.13607,1.13583,1.13637,1.13578,1.13616,,,,,119
2025-04-14 16:33:00,1.13604,1.13649,1.13588,1.13649,1.13613,1.13662,1.13597,1.13662,,,,,155
2025-04-14 16:34:00,1.13651,1.13658,1.13605,1.13605,1.13663,1.13676,1.13614,1.13614,,,,,142
2025-04-14 16:35:00,1.13604,1.13619,1.13565,1.1358,1.13613,1.13625,1.13574,1.13586,,,,,108
2025-04-14 16:36:00,1.13579,1.1358,1.13548,1.13558,1.13585,1.13586,1.13556,1.13567,,,,,75
2025-04-14 16:37:00,1.13556,1.13556,1.1351,1.13526,1.13565,1.13565,1.13522,1.13541,,,,,62
2025-04-14 16:38:00,1.13525,1.13561,1.13521,1.13554,1.1354,1.13569,1.13534,1.13563,,,,,82
2025-04-14 16:39:00,1.13553,1.13606,1.13551,1.13597,1.13562,1.13615,1.13558,1.13608,,,,,89
2025-04-14 16:40:00,1.13596,1.13619,1.13581,1.13609,1.13606,1.13628,1.13587,1.13618,,,,,97
2025-04-14 16:41:00,1.13614,1.13627,1.13594,1.13594,1.13623,1.13633,1.136,1.136,,,,,80
2025-04-14 16:42:00,1.13587,1.13604,1.13532,1.13532,1.13593,1.13611,1.13541,1.13544,,,,,111
2025-04-14 16:43:00,1.13533,1.13541,1.13495,1.13495,1.13542,1.13549,1.13504,1.13504,,,,,65
2025-04-14 16:44:00,1.13494,1.13529,1.13494,1.13515,1.13503,1.13538,1.13502,1.13524,,,,,97
2025-04-14 16:45:00,1.13514,1.13524,1.13494,1.13506,1.13523,1.13532,1.13503,1.13515,,,,,75
2025-04-14 16:46:00,1.13497,1.13509,1.13472,1.13489,1.13506,1.13515,1.13478,1.13498,,,,,109
2025-04-14 16:47:00,1.13491,1.13528,1.13491,1.13522,1.135,1.13534,1.13498,1.13531,,,,,69
2025-04-14 16:48:00,1.13523,1.13545,1.13514,1.1353,1.13532,1.13551,1.1352,1.13547,,,,,81
2025-04-14 16:49:00,1.13531,1.13562,1.1353,1.1355,1.13549,1.13573,1.13544,1.13559,,,,,100
2025-04-14 16:50:00,1.13552,1.13574,1.13548,1.1357,1.13561,1.13581,1.13557,1.13579,,,,,87
2025-04-14 16:51:00,1.13571,1.13614,1.13569,1.13614,1.1358,1.1362,1.13575,1.1362,,,,,93
2025-04-14 16:52:00,1.13607,1.1363,1.13595,1.13619,1.13616,1.13636,1.13601,1.13625,,,,,111
2025-04-14 16:53:00,1.13622,1.13664,1.13622,1.13645,1.13628,1.1367,1.13628,1.13651,,,,,145
2025-04-14 16:54:00,1.13644,1.13652,1.13611,1.13637,1.13653,1.13661,1.1362,1.13643,,,,,169
2025-04-14 16:55:00,1.13636,1.13638,1.13611,1.13631,1.13642,1.13646,1.1362,1.1364,,,,,120
2025-04-14 16:56:00,1.13627,1.13679,1.13617,1.13661,1.13637,1.13686,1.13623,1.13667,,,,,145
2025-04-14 16:57:00,1.13664,1.13667,1.13611,1.13662,1.13673,1.13673,1.13617,1.13671,,,,,226
2025-04-14 16:58:00,1.13664,1.13671,1.13658,1.13664,1.13673,1.13677,1.13664,1.13673,,,,,124
2025-04-14 16:59:00,1.13666,1.13676,1.13658,1.13673,1.13675,1.13682,1.13664,1.13679,,,,,126
2025-04-14 17:00:00,1.13674,1.13708,1.13658,1.13684,1.1368,1.13717,1.13665,1.1369,,,,,173
2025-04-14 17:01:00,1.13683,1.13687,1.13622,1.13687,1.13689,1.13693,1.13631,1.13693,,,,,222
2025-04-14 17:02:00,1.13688,1.13714,1.13684,1.13713,1.13694,1.1372,1.13693,1.13719,,,,,133
2025-04-14 17:03:00,1.13711,1.13716,1.1368,1.13692,1.13717,1.13724,1.13689,1.13698,,,,,111
2025-04-14 17:04:00,1.13691,1.13753,1.13688,1.13749,1.13697,1.13761,1.13694,1.13758,,,,,154
2025-04-14 17:05:00,1.13751,1.13767,1.13726,1.13733,1.1376,1.13776,1.13732,1.13739,,,,,120
2025-04-14 17:06:00,1.13734,1.13756,1.13726,1.13726,1.1374,1.13766,1.13732,1.13732,,,,,115
2025-04-14 17:07:00,1.1372,1.1372,1.13641,1.13642,1.13729,1.13729,1.13651,1.13658,,,,,139
2025-04-14 17:08:00,1.13645,1.13677,1.13644,1.13659,1.13661,1.13686,1.13656,1.13665,,,,,91
2025-04-14 17:09:00,1.1366,1.13705,1.13641,1.13705,1.13666,1.13714,1.1365,1.13714,,,,,102
2025-04-14 17:10:00,1.13703,1.13723,1.13673,1.13692,1.13712,1.13729,1.13681,1.13698,,,,,95
2025-04-14 17:11:00,1.13693,1.13702,1.13659,1.13689,1.13699,1.13708,1.13672,1.13695,,,,,93
2025-04-14 17:12:00,1.13684,1.13701,1.13682,1.13684,1.1369,1.1371,1.13689,1.1369,,,,,61
2025-04-14 17:13:00,1.13689,1.13691,1.13614,1.13644,1.13695,1.13697,1.13623,1.1365,,,,,90
2025-04-14 17:14:00,1.1365,1.13661,1.13634,1.13643,1.13656,1.1367,1.1364,1.13649,,,,,84
2025-04-14 17:15:00,1.13642,1.13646,1.13623,1.13643,1.13648,1.13653,1.13629,1.13652,,,,,50
2025-04-14 17:16:00,1.13644,1.13683,1.13638,1.13673,1.13653,1.1369,1.13644,1.13679,,,,,73
2025-04-14 17:17:00,1.1367,1.13719,1.13623,1.13625,1.13676,1.13725,1.13638,1.13638,,,,,111
2025-04-14 17:18:00,1.13624,1.13634,1.13599,1.13634,1.13637,1.13643,1.13605,1.1364,,,,,116
2025-04-14 17:19:00,1.13637,1.13651,1.13592,1.13604,1.13643,1.1366,1.13598,1.13613,,,,,73
2025-04-14 17:20:00,1.13605,1.13636,1.13558,1.13558,1.13614,1.13645,1.13564,1.13564,,,,,105
2025-04-14 17:21:00,1.13557,1.13572,1.13525,1.13525,1.13563,1.1358,1.13541,1.13541,,,,,85
2025-04-14 17:22:00,1.13527,1.13581,1.13523,1.13563,1.1354,1.13589,1.13534,1.13572,,,,,87
2025-04-14 17:23:00,1.13562,1.13583,1.13552,1.13581,1.13571,1.13592,1.13561,1.1359,,,,,51
2025-04-14 17:24:00,1.13575,1.13596,1.13562,1.13587,1.13584,1.13605,1.13571,1.13596,,,,,58
2025-04-14 17:25:00,1.13586,1.13625,1.13563,1.13612,1.13595,1.13634,1.13572,1.13621,,,,,73
2025-04-14 17:26:00,1.13613,1.13658,1.13612,1.13655,1.13622,1.13667,1.13621,1.13664,,,,,46
2025-04-14 17:27:00,1.13656,1.13662,1.13639,1.13652,1.13665,1.13671,1.13648,1.13661,,,,,60
2025-04-14 17:28:00,1.13653,1.13718,1.13647,1.13716,1.13662,1.13731,1.13656,1.13729,,,,,110
2025-04-14 17:29:00,1.13718,1.13734,1.13709,1.13711,1.13731,1.13749,1.13718,1.1372,,,,,111
2025-04-14 17:30:00,1.13714,1.13735,1.13705,1.13715,1.13723,1.13744,1.13714,1.13724,,,,,107
2025-04-14 17:31:00,1.13719,1.13734,1.13706,1.13714,1.13728,1.13743,1.13715,1.13723,,,,,99
2025-04-14 17:32:00,1.13713,1.13724,1.13699,1.13712,1.13722,1.13733,1.13708,1.13721,,,,,69
2025-04-14 17:33:00,1.13706,1.13708,1.1365,1.13653,1.13715,1.13717,1.13659,1.13659,,,,,99
2025-04-14 17:34:00,1.13658,1.13702,1.13654,1.13684,1.13664,1.13708,1.1366,1.1369,,,,,60
2025-04-14 17:35:00,1.13679,1.13707,1.13674,1.13695,1.13685,1.13713,1.1368,1.13701,,,,,87
2025-04-14 17:36:00,1.13694,1.13694,1.13672,1.13676,1.137,1.137,1.13681,1.13689,,,,,73
2025-04-14 17:37:00,1.13667,1.13692,1.13665,1.13677,1.13679,1.13705,1.13677,1.13686,,,,,96
2025-04-14 17:38:00,1.13675,1.13691,1.13673,1.13677,1.13684,1.13704,1.1368,1.13683,,,,,82
2025-04-14 17:39:00,1.13678,1.13688,1.13665,1.1367,1.13684,1.13699,1.13674,1.13679,,,,,59
2025-04-14 17:40:00,1.13657,1.13668,1.13635,1.1365,1.13666,1.13674,1.13644,1.13656,,,,,108
2025-04-14 17:41:00,1.13649,1.13688,1.13642,1.13677,1.13655,1.13697,1.13648,1.13686,,,,,89
2025-04-14 17:42:00,1.13678,1.13685,1.13664,1.13678,1.13687,1.13694,1.1367,1.13684,,,,,89
2025-04-14 17:43:00,1.13677,1.13682,1.13663,1.13676,1.13683,1.13689,1.13669,1.13685,,,,,96
2025-04-14 17:44:00,1.1367,1.13685,1.13667,1.13682,1.13676,1.13694,1.13673,1.13691,,,,,70
2025-04-14 17:45:00,1.13685,1.1374,1.13671,1.13737,1.13694,1.13755,1.1368,1.1375,,,,,110
2025-04-14 17:46:00,1.1374,1.1381,1.1374,1.13783,1.13754,1.13823,1.13754,1.13792,,,,,137
2025-04-14 17:47:00,1.13784,1.13812,1.13771,1.13788,1.13793,1.13821,1.13777,1.13801,,,,,140
2025-04-14 17:48:00,1.13791,1.13814,1.13751,1.1377,1.13804,1.13823,1.13765,1.13779,,,,,143
2025-04-14 17:49:00,1.13771,1.13777,1.13737,1.13766,1.1378,1.13783,1.13746,1.13775,,,,,126
2025-04-14 17:50:00,1.13769,1.13774,1.13752,1.13754,1.13777,1.13781,1.13761,1.13763,,,,,110
2025-04-14 17:51:00,1.13753,1.1377,1.1374,1.13755,1.13762,1.13779,1.13749,1.13761,,,,,115
2025-04-14 17:52:00,1.13754,1.13754,1.1366,1.13663,1.1376,1.1376,1.13669,1.13672,,,,,135
2025-04-14 17:53:00,1.13662,1.13679,1.13647,1.13656,1.13671,1.13686,1.13656,1.13665,,,,,107
2025-04-14 17:54:00,1.13658,1.13679,1.13614,1.13623,1.13664,1.13686,1.13623,1.13632,,,,,146
2025-04-14 17:55:00,1.13624,1.13652,1.13599,1.13621,1.13633,1.13661,1.13608,1.13633,,,,,150
2025-04-14 17:56:00,1.13623,1.1363,1.13607,1.13609,1.13632,1.13639,1.13616,1.13618,,,,,100
2025-04-14 17:57:00,1.13605,1.13619,1.13574,1.13574,1.13614,1.13628,1.13583,1.13583,,,,,118
2025-04-14 17:58:00,1.13573,1.13604,1.13571,1.13583,1.13582,1.1361,1.1358,1.13592,,,,,124
2025-04-14 17:59:00,1.13584,1.13591,1.13564,1.13571,1.13593,1.13597,1.13572,1.13577,,,,,148
2025-04-14 18:00:00,1.13572,1.13585,1.13553,1.13563,1.13578,1.13592,1.13562,1.13572,,,,,134
2025-04-14 18:01:00,1.13568,1.13581,1.1355,1.1355,1.13577,1.1359,1.13559,1.13559,,,,,98
2025-04-14 18:02:00,1.13551,1.13574,1.13541,1.13573,1.1356,1.13583,1.13547,1.13582,,,,,78
2025-04-14 18:03:00,1.13572,1.13631,1.13572,1.13613,1.13581,1.1364,1.13581,1.13622,,,,,86
2025-04-14 18:04:00,1.13618,1.13623,1.13606,1.13623,1.13627,1.13629,1.13612,1.13629,,,,,69
2025-04-14 18:05:00,1.13625,1.13664,1.13607,1.13607,1.13631,1.13673,1.13616,1.13616,,,,,98
2025-04-14 18:06:00,1.13606,1.13649,1.13587,1.13647,1.13615,1.13658,1.13596,1.13656,,,,,95
2025-04-14 18:07:00,1.13646,1.13671,1.13611,1.13636,1.13655,1.13677,1.1362,1.13645,,,,,76
2025-04-14 18:08:00,1.13635,1.13667,1.13619,1.13662,1.13644,1.13673,1.13628,1.13671,,,,,91
2025-04-14 18:09:00,1.1366,1.13666,1.13638,1.13647,1.13669,1.13677,1.13652,1.1366,,,,,84
2025-04-14 18:10:00,1.13653,1.13689,1.13653,1.13681,1.13665,1.13698,1.13664,1.1369,,,,,68
2025-04-14 18:11:00,1.13677,1.13693,1.1364,1.1368,1.13686,1.13702,1.13649,1.13689,,,,,122
2025-04-14 18:12:00,1.13679,1.1369,1.13667,1.13677,1.13688,1.13696,1.13675,1.13683,,,,,88
2025-04-14 18:13:00,1.13672,1.13699,1.13664,1.13672,1.13678,1.1371,1.13671,1.13681,,,,,91
2025-04-14 18:14:00,1.13674,1.13689,1.13651,1.13665,1.13683,1.13698,1.1366,1.13674,,,,,71
2025-04-14 18:15:00,1.13671,1.13676,1.13608,1.13622,1.1368,1.13685,1.13617,1.13631,,,,,89
2025-04-14 18:16:00,1.1362,1.13659,1.13619,1.13655,1.13629,1.13668,1.13628,1.13664,,,,,70
2025-04-14 18:17:00,1.13659,1.13659,1.13642,1.13651,1.13668,1.13668,1.13651,1.13657,,,,,68
2025-04-14 18:18:00,1.1365,1.13651,1.13611,1.13611,1.13659,1.13659,1.1362,1.1362,,,,,82
2025-04-14 18:19:00,1.13615,1.13616,1.13549,1.13566,1.13624,1.13628,1.13559,1.13577,,,,,156
2025-04-14 18:20:00,1.13569,1.13585,1.13478,1.13487,1.13578,1.13591,1.13487,1.13496,,,,,171
2025-04-14 18:21:00,1.13488,1.13525,1.13454,1.13459,1.13497,1.13534,1.13463,1.13468,,,,,177
2025-04-14 18:22:00,1.13456,1.13476,1.13434,1.1346,1.13465,1.13482,1.13443,1.13469,,,,,140
2025-04-14 18:23:00,1.13461,1.13489,1.13434,1.13488,1.1347,1.13497,1.1344,1.13497,,,,,106
2025-04-14 18:24:00,1.13487,1.13527,1.13486,1.13517,1.13496,1.13536,1.13495,1.13526,,,,,95
2025-04-14 18:25:00,1.13516,1.13547,1.13516,1.13541,1.13525,1.13556,1.13525,1.1355,,,,,75
2025-04-14 18:26:00,1.13542,1.13599,1.1353,1.13596,1.13551,1.13608,1.13539,1.13605,,,,,69
2025-04-14 18:27:00,1.13594,1.13597,1.13579,1.13584,1.13603,1.13606,1.13588,1.13593,,,,,50
2025-04-14 18:28:00,1.13585,1.13586,1.13549,1.13559,1.13594,1.13595,1.13558,1.13568,,,,,80
2025-04-14 18:29:00,1.13555,1.13581,1.13555,1.1356,1.13564,1.1359,1.13564,1.13569,,,,,54
2025-04-14 18:30:00,1.13561,1.13575,1.13544,1.1355,1.1357,1.13584,1.13553,1.13559,,,,,72
2025-04-14 18:31:00,1.13546,1.13556,1.1353,1.13531,1.13555,1.13565,1.13539,1.1354,,,,,63
2025-04-14 18:32:00,1.13529,1.13554,1.13518,1.13519,1.13538,1.1356,1.13527,1.13528,,,,,58
2025-04-14 18:33:00,1.13518,1.13557,1.13518,1.13557,1.13527,1.13566,1.13526,1.13566,,,,,68
2025-04-14 18:34:00,1.13553,1.13572,1.13533,1.13539,1.13562,1.13581,1.13542,1.13548,,,,,64
2025-04-14 18:35:00,1.13541,1.13584,1.13522,1.13574,1.1355,1.1359,1.13529,1.13583,,,,,67
2025-04-14 18:36:00,1.1357,1.13604,1.1356,1.13586,1.13579,1.13613,1.13569,1.13595,,,,,81
2025-04-14 18:37:00,1.13585,1.13627,1.13584,1.13626,1.13594,1.13633,1.13593,1.13632,,,,,85
2025-04-14 18:38:00,1.13628,1.13651,1.13623,1.13643,1.13634,1.13658,1.13632,1.13649,,,,,56
2025-04-14 18:39:00,1.13642,1.13665,1.13642,1.13646,1.13648,1.13674,1.13648,1.13652,,,,,48
2025-04-14 18:40:00,1.13643,1.13654,1.13632,1.13639,1.1365,1.13663,1.13641,1.13648,,,,,58
2025-04-14 18:41:00,1.13633,1.13633,1.13612,1.13612,1.13642,1.13642,1.13621,1.13621,,,,,48
2025-04-14 18:42:00,1.13613,1.13619,1.13555,1.13555,1.13622,1.13628,1.13567,1.13567,,,,,85
2025-04-14 18:43:00,1.13554,1.13567,1.13535,1.13535,1.13568,1.13579,1.13541,1.13541,,,,,53
2025-04-14 18:44:00,1.13536,1.13555,1.13534,1.13548,1.13542,1.13561,1.13542,1.13554,,,,,48
2025-04-14 18:45:00,1.13552,1.13553,1.135,1.13519,1.13561,1.13562,1.13506,1.13525,,,,,95
2025-04-14 18:46:00,1.1352,1.13523,1.13475,1.13482,1.13526,1.13529,1.13483,1.13491,,,,,76
2025-04-14 18:47:00,1.13489,1.13498,1.13477,1.13484,1.13495,1.13504,1.13484,1.1349,,,,,51
2025-04-14 18:48:00,1.13485,1.13494,1.13476,1.13486,1.13491,1.135,1.13482,1.13492,,,,,48
2025-04-14 18:49:00,1.13489,1.13504,1.13485,1.135,1.13495,1.1351,1.13493,1.13506,,,,,41
2025-04-14 18:50:00,1.13503,1.13541,1.13497,1.13535,1.13512,1.1355,1.13503,1.13541,,,,,64
2025-04-14 18:51:00,1.13533,1.13536,1.13524,1.13529,1.13539,1.13545,1.13533,1.13535,,,,,56
2025-04-14 18:52:00,1.13524,1.13524,1.13464,1.13468,1.1353,1.1353,1.1347,1.13474,,,,,64
2025-04-14 18:53:00,1.1347,1.13475,1.13438,1.13441,1.13479,1.13484,1.13447,1.1345,,,,,83
2025-04-14 18:54:00,1.13448,1.13452,1.13382,1.13383,1.13457,1.13461,1.13391,1.13392,,,,,101
2025-04-14 18:55:00,1.1338,1.134,1.13369,1.13369,1.13389,1.13406,1.13378,1.13378,,,,,70
2025-04-14 18:56:00,1.13372,1.13388,1.13357,1.13359,1.13381,1.13397,1.13366,1.13368,,,,,109
2025-04-14 18:57:00,1.13358,1.1338,1.13335,1.13337,1.13367,1.13386,1.13344,1.13346,,,,,95
2025-04-14 18:58:00,1.13334,1.13338,1.13297,1.13302,1.13343,1.13347,1.13308,1.13311,,,,,185
2025-04-14 18:59:00,1.13301,1.13325,1.13299,1.13304,1.1331,1.13331,1.13308,1.13313,,,,,103
2025-04-14 19:00:00,1.13307,1.13431,1.13302,1.13399,1.13311,1.13445,1.13311,1.13408,,,,,317
2025-04-14 19:01:00,1.13401,1.13451,1.13344,1.13354,1.13407,1.13457,1.13353,1.13363,,,,,175
2025-04-14 19:02:00,1.13351,1.13389,1.13347,1.13376,1.13366,1.13398,1.13358,1.13385,,,,,173
2025-04-14 19:03:00,1.13374,1.1339,1.13365,1.13389,1.13383,1.13399,1.13371,1.13395,,,,,52
2025-04-14 19:04:00,1.13388,1.13434,1.13387,1.13419,1.13394,1.13443,1.13393,1.13428,,,,,57
2025-04-14 19:05:00,1.1342,1.13446,1.13397,1.13444,1.13429,1.13459,1.13406,1.13455,,,,,82
2025-04-14 19:06:00,1.13445,1.1345,1.1343,1.13437,1.13453,1.13459,1.13439,1.13443,,,,,88
2025-04-14 19:07:00,1.13438,1.13445,1.13409,1.13416,1.13444,1.13454,1.13418,1.13425,,,,,99
2025-04-14 19:08:00,1.13419,1.13424,1.13403,1.13411,1.13428,1.13432,1.13412,1.1342,,,,,85
2025-04-14 19:09:00,1.13409,1.13415,1.13396,1.13401,1.13415,1.13424,1.13404,1.1341,,,,,47
2025-04-14 19:10:00,1.13386,1.13421,1.13366,1.13419,1.13395,1.13427,1.13372,1.13425,,,,,84
2025-04-14 19:11:00,1.1342,1.13455,1.13416,1.13442,1.13426,1.13461,1.13422,1.13451,,,,,59
2025-04-14 19:12:00,1.13441,1.13455,1.13441,1.13454,1.1345,1.13463,1.1345,1.13463,,,,,46
2025-04-14 19:13:00,1.1345,1.13451,1.13417,1.13423,1.13459,1.1346,1.13426,1.13429,,,,,84
2025-04-14 19:14:00,1.13426,1.13435,1.13411,1.13425,1.13432,1.13441,1.1342,1.13431,,,,,53
2025-04-14 19:15:00,1.13426,1.13429,1.13402,1.13402,1.13432,1.13437,1.13411,1.13411,,,,,40
2025-04-14 19:16:00,1.134,1.13408,1.13388,1.13401,1.13409,1.13417,1.13397,1.1341,,,,,55
2025-04-14 19:17:00,1.134,1.13408,1.13381,1.1339,1.13409,1.13417,1.1339,1.13399,,,,,56
2025-04-14 19:18:00,1.13389,1.13417,1.13369,1.13417,1.13398,1.13426,1.13378,1.13423,,,,,55
2025-04-14 19:19:00,1.13416,1.13421,1.13405,1.13411,1.13422,1.13432,1.13412,1.1342,,,,,48
2025-04-14 19:20:00,1.13413,1.13474,1.13413,1.13446,1.13422,1.13483,1.13422,1.13455,,,,,51
2025-04-14 19:21:00,1.13445,1.13449,1.13421,1.13436,1.13454,1.13458,1.1343,1.13445,,,,,41
2025-04-14 19:22:00,1.13441,1.13441,1.13425,1.13425,1.1345,1.1345,1.13434,1.13434,,,,,25
2025-04-14 19:23:00,1.13423,1.13452,1.13423,1.13452,1.13432,1.13461,1.13432,1.13461,,,,,34
2025-04-14 19:24:00,1.13453,1.13457,1.13435,1.13448,1.13462,1.13466,1.13444,1.13457,,,,,31
2025-04-14 19:25:00,1.13446,1.13459,1.13438,1.13438,1.13455,1.13468,1.13447,1.13447,,,,,46
2025-04-14 19:26:00,1.13439,1.13444,1.13416,1.13428,1.13448,1.13453,1.13425,1.13437,,,,,44
2025-04-14 19:27:00,1.13429,1.13429,1.13403,1.13409,1.13438,1.13438,1.13412,1.13415,,,,,58
2025-04-14 19:28:00,1.13408,1.13408,1.13391,1.13397,1.13417,1.13417,1.134,1.13406,,,,,47
2025-04-14 19:29:00,1.13396,1.13412,1.13396,1.13412,1.13405,1.13421,1.13405,1.13421,,,,,49
2025-04-14 19:30:00,1.13409,1.13414,1.13387,1.13401,1.13418,1.13423,1.13396,1.1341,,,,,34
2025-04-14 19:31:00,1.13396,1.13431,1.13394,1.13427,1.13405,1.1344,1.13403,1.13436,,,,,58
2025-04-14 19:32:00,1.1342,1.13429,1.13411,1.13423,1.13429,1.13438,1.1342,1.13432,,,,,49
2025-04-14 19:33:00,1.13426,1.13426,1.13377,1.13387,1.13435,1.13435,1.13383,1.13396,,,,,58
2025-04-14 19:34:00,1.13386,1.13429,1.13386,1.13421,1.13395,1.13438,1.13395,1.1343,,,,,53
2025-04-14 19:35:00,1.1342,1.1342,1.13381,1.13384,1.13429,1.13429,1.13392,1.13393,,,,,75
2025-04-14 19:36:00,1.13385,1.13407,1.13385,1.13401,1.13394,1.13414,1.13394,1.1341,,,,,54
2025-04-14 19:37:00,1.13396,1.13407,1.13388,1.13404,1.13405,1.13414,1.13397,1.1341,,,,,52
2025-04-14 19:38:00,1.13403,1.13442,1.13403,1.13434,1.13409,1.1345,1.13409,1.13443,,,,,66
2025-04-14 19:39:00,1.13436,1.13463,1.13436,1.13438,1.13445,1.13472,1.13445,1.13447,,,,,69
2025-04-14 19:40:00,1.13435,1.13443,1.13406,1.13409,1.13444,1.13452,1.13412,1.13415,,,,,50
2025-04-14 19:41:00,1.13408,1.1341,1.1338,1.13385,1.13414,1.13417,1.13389,1.13394,,,,,81
2025-04-14 19:42:00,1.13382,1.13389,1.13364,1.13379,1.13391,1.13398,1.13373,1.13385,,,,,73
2025-04-14 19:43:00,1.13369,1.13372,1.13346,1.1337,1.13375,1.13381,1.13355,1.13379,,,,,57
2025-04-14 19:44:00,1.13367,1.13383,1.13364,1.13369,1.13376,1.13392,1.13373,1.13378,,,,,60
2025-04-14 19:45:00,1.13368,1.13372,1.13344,1.13346,1.13377,1.13381,1.13353,1.13355,,,,,53
2025-04-14 19:46:00,1.13351,1.13369,1.13332,1.13364,1.1336,1.13378,1.13341,1.13373,,,,,66
2025-04-14 19:47:00,1.13366,1.1337,1.13347,1.1335,1.13375,1.13379,1.13356,1.13359,,,,,29
2025-04-14 19:48:00,1.13351,1.13352,1.13327,1.13328,1.1336,1.13361,1.13336,1.13337,,,,,30
2025-04-14 19:49:00,1.13326,1.13327,1.13286,1.13296,1.13335,1.13336,1.13295,1.13305,,,,,72
2025-04-14 19:50:00,1.13297,1.13305,1.13287,1.13305,1.13306,1.13314,1.13296,1.13314,,,,,59
2025-04-14 19:51:00,1.13296,1.13306,1.13281,1.13291,1.13305,1.13315,1.1329,1.133,,,,,60
2025-04-14 19:52:00,1.1329,1.13312,1.13288,1.13306,1.13299,1.13321,1.13297,1.13315,,,,,44
2025-04-14 19:53:00,1.13305,1.13362,1.13305,1.13354,1.13314,1.13371,1.13314,1.13363,,,,,63
2025-04-14 19:54:00,1.13352,1.13369,1.13346,1.13369,1.13361,1.13378,1.13355,1.13378,,,,,54
2025-04-14 19:55:00,1.13365,1.13386,1.13359,1.13378,1.13374,1.13395,1.13368,1.13387,,,,,46
2025-04-14 19:56:00,1.13376,1.13385,1.13366,1.13382,1.13385,1.13394,1.13375,1.13391,,,,,42
2025-04-14 19:57:00,1.13381,1.13386,1.13361,1.13364,1.1339,1.13395,1.1337,1.13378,,,,,31
2025-04-14 19:58:00,1.13365,1.13371,1.13358,1.13367,1.13377,1.13381,1.13369,1.13379,,,,,36
2025-04-14 19:59:00,1.13365,1.13384,1.13365,1.1338,1.1338,1.13393,1.13375,1.13389,,,,,53
2025-04-14 20:00:00,1.13381,1.13401,1.1338,1.13399,1.1339,1.1341,1.13389,1.13408,,,,,58
2025-04-14 20:01:00,1.13408,1.13414,1.13375,1.13396,1.13417,1.13423,1.13384,1.13405,,,,,72
2025-04-14 20:02:00,1.13395,1.13426,1.13393,1.13423,1.13404,1.13435,1.13402,1.13429,,,,,44
2025-04-14 20:03:00,1.13421,1.13462,1.13415,1.13459,1.1343,1.13471,1.13424,1.13468,,,,,60
2025-04-14 20:04:00,1.13458,1.13471,1.13452,1.13471,1.13467,1.13482,1.13467,1.1348,,,,,57
2025-04-14 20:05:00,1.1347,1.13496,1.13467,1.13487,1.13479,1.13507,1.13479,1.135,,,,,65
2025-04-14 20:06:00,1.1349,1.13509,1.13488,1.13509,1.13499,1.13526,1.13498,1.13524,,,,,64
2025-04-14 20:07:00,1.1351,1.1351,1.13486,1.13492,1.13526,1.13527,1.13496,1.13501,,,,,47
2025-04-14 20:08:00,1.1349,1.1349,1.13473,1.13475,1.13502,1.13502,1.13482,1.13484,,,,,46
2025-04-14 20:09:00,1.13476,1.13477,1.13436,1.13441,1.13485,1.13486,1.13445,1.1345,,,,,80
2025-04-14 20:10:00,1.13443,1.13444,1.13421,1.13428,1.13452,1.13453,1.1343,1.13437,,,,,61
2025-04-14 20:11:00,1.13427,1.13427,1.13398,1.13398,1.13436,1.13436,1.13407,1.13407,,,,,71
2025-04-14 20:12:00,1.13399,1.1341,1.13391,1.13405,1.13408,1.13423,1.134,1.13422,,,,,79
2025-04-14 20:13:00,1.13406,1.13419,1.134,1.13407,1.13423,1.1343,1.13414,1.13416,,,,,59
2025-04-14 20:14:00,1.13408,1.13415,1.13372,1.13389,1.13417,1.13424,1.13386,1.13398,,,,,56
2025-04-14 20:15:00,1.13388,1.13395,1.1338,1.1338,1.13397,1.13405,1.13389,1.13389,,,,,45
2025-04-14 20:16:00,1.13381,1.13406,1.13378,1.13406,1.1339,1.13415,1.13387,1.13415,,,,,47
2025-04-14 20:17:00,1.13408,1.13425,1.13405,1.13414,1.13417,1.1344,1.13417,1.13429,,,,,25
2025-04-14 20:18:00,1.13413,1.13443,1.13413,1.13441,1.13427,1.13453,1.13427,1.1345,,,,,32
2025-04-14 20:19:00,1.13442,1.13459,1.13441,1.13454,1.13453,1.13468,1.1345,1.13463,,,,,41
2025-04-14 20:20:00,1.13455,1.13455,1.13443,1.13443,1.13464,1.13464,1.13452,1.13452,,,,,21
2025-04-14 20:21:00,1.13448,1.13452,1.1343,1.1343,1.13457,1.13461,1.13442,1.13447,,,,,25
2025-04-14 20:22:00,1.13432,1.13432,1.13416,1.13419,1.13448,1.13448,1.13427,1.13428,,,,,41
2025-04-14 20:23:00,1.13418,1.1342,1.13408,1.13414,1.13427,1.13429,1.13417,1.13423,,,,,25
2025-04-14 20:24:00,1.13415,1.13472,1.13415,1.13472,1.13424,1.13481,1.13424,1.13481,,,,,47
2025-04-14 20:25:00,1.13474,1.13486,1.13454,1.13486,1.13483,1.13495,1.13463,1.13495,,,,,80
2025-04-14 20:26:00,1.13492,1.13492,1.13482,1.13487,1.13501,1.13501,1.13491,1.13496,,,,,48
2025-04-14 20:27:00,1.13489,1.13492,1.13482,1.1349,1.13498,1.13501,1.13491,1.13499,,,,,46
2025-04-14 20:28:00,1.13487,1.13499,1.13481,1.13486,1.13496,1.13508,1.1349,1.13495,,,,,44
2025-04-14 20:29:00,1.13485,1.13493,1.13465,1.13473,1.13494,1.13502,1.13474,1.13482,,,,,66
2025-04-14 20:30:00,1.13474,1.13483,1.13467,1.13479,1.13483,1.13492,1.13476,1.13488,,,,,48
2025-04-14 20:31:00,1.1348,1.13486,1.13467,1.13475,1.13489,1.13495,1.13476,1.13484,,,,,46
2025-04-14 20:32:00,1.13476,1.13486,1.1346,1.13475,1.13485,1.13495,1.13469,1.13484,,,,,50
2025-04-14 20:33:00,1.13473,1.13478,1.13458,1.13469,1.13482,1.13487,1.13467,1.13478,,,,,62
2025-04-14 20:34:00,1.13467,1.13467,1.13454,1.13458,1.13476,1.13476,1.13463,1.13467,,,,,51
2025-04-14 20:35:00,1.13459,1.13464,1.13452,1.13459,1.13468,1.13473,1.13461,1.13468,,,,,38
2025-04-14 20:36:00,1.13457,1.13481,1.13443,1.13473,1.13466,1.1349,1.13452,1.13482,,,,,50
2025-04-14 20:37:00,1.13472,1.13487,1.13468,1.13483,1.13481,1.13493,1.13475,1.13489,,,,,40
2025-04-14 20:38:00,1.13482,1.13483,1.13443,1.13459,1.13488,1.13489,1.13452,1.13468,,,,,60
2025-04-14 20:39:00,1.13455,1.13466,1.13439,1.13464,1.13464,1.13476,1.13454,1.13473,,,,,45
2025-04-14 20:40:00,1.13469,1.13475,1.13459,1.1347,1.13478,1.13487,1.13468,1.13487,,,,,36
2025-04-14 20:41:00,1.13471,1.1348,1.13464,1.13464,1.13488,1.13493,1.13476,1.13476,,,,,42
2025-04-14 20:42:00,1.13475,1.13476,1.13438,1.13438,1.13487,1.13487,1.13447,1.13447,,,,,50
2025-04-14 20:43:00,1.13439,1.13455,1.13434,1.13454,1.13448,1.13464,1.13443,1.13463,,,,,52
2025-04-14 20:44:00,1.13453,1.1346,1.13443,1.13445,1.13462,1.13469,1.13452,1.13454,,,,,37
2025-04-14 20:45:00,1.13446,1.13459,1.13433,1.13457,1.13455,1.13471,1.13442,1.13466,,,,,58
2025-04-14 20:46:00,1.13458,1.13479,1.13457,1.13477,1.13467,1.13488,1.13466,1.13486,,,,,51
2025-04-14 20:47:00,1.13476,1.13476,1.13455,1.13467,1.13485,1.13485,1.13464,1.13476,,,,,43
2025-04-14 20:48:00,1.13466,1.13487,1.13464,1.13479,1.13475,1.13496,1.13473,1.13488,,,,,23
2025-04-14 20:49:00,1.1348,1.13493,1.13456,1.13456,1.13489,1.13502,1.13467,1.13467,,,,,49
2025-04-14 20:50:00,1.13458,1.13469,1.13457,1.1346,1.13469,1.13479,1.13466,1.13469,,,,,44
2025-04-14 20:51:00,1.13459,1.13476,1.13449,1.13469,1.13468,1.13485,1.13458,1.13478,,,,,50
2025-04-14 20:52:00,1.13468,1.13468,1.13444,1.13449,1.13477,1.13477,1.13453,1.13458,,,,,37
2025-04-14 20:53:00,1.13452,1.13455,1.13445,1.13451,1.13461,1.13464,1.13454,1.1346,,,,,26
2025-04-14 20:54:00,1.1345,1.13459,1.13424,1.13446,1.13459,1.13477,1.13433,1.13471,,,,,39
2025-04-14 20:55:00,1.13447,1.13512,1.13447,1.13512,1.13483,1.13527,1.13476,1.13527,,,,,83
2025-04-14 20:56:00,1.1351,1.13513,1.1349,1.13494,1.13526,1.13527,1.13501,1.13503,,,,,46
2025-04-14 20:57:00,1.13492,1.13525,1.13477,1.13524,1.13501,1.13534,1.13486,1.1353,,,,,51
2025-04-14 20:58:00,1.13523,1.13562,1.1352,1.13556,1.13529,1.13581,1.13526,1.1357,,,,,83
2025-04-14 20:59:00,1.13558,1.13561,1.13535,1.13543,1.13574,1.13574,1.13544,1.13549,,,,,67
2025-04-14 21:00:00,1.13539,1.1356,1.13526,1.13553,1.13545,1.1357,1.13536,1.13562,,,,,79
2025-04-14 21:01:00,1.13554,1.13554,1.13534,1.13552,1.13563,1.13563,1.1354,1.13558,,,,,38
2025-04-14 21:02:00,1.13553,1.13553,1.13515,1.13518,1.13559,1.13559,1.13521,1.13524,,,,,50
2025-04-14 21:03:00,1.13519,1.13525,1.13497,1.13513,1.13528,1.13531,1.13506,1.13519,,,,,53
2025-04-14 21:04:00,1.1351,1.13524,1.13504,1.13514,1.13517,1.1353,1.13513,1.13523,,,,,37
2025-04-14 21:05:00,1.13518,1.13519,1.13499,1.13516,1.13527,1.13528,1.13505,1.13522,,,,,32
2025-04-14 21:06:00,1.13513,1.1353,1.13513,1.13524,1.13519,1.13536,1.13519,1.1353,,,,,23
2025-04-14 21:07:00,1.13523,1.1356,1.13523,1.13555,1.13529,1.13569,1.13529,1.13561,,,,,41
2025-04-14 21:08:00,1.13554,1.13555,1.13546,1.13547,1.1356,1.13564,1.13555,1.13556,,,,,23
2025-04-14 21:09:00,1.13548,1.1355,1.13539,1.13548,1.13557,1.13559,1.13548,1.13554,,,,,23
2025-04-14 21:10:00,1.13547,1.1357,1.13547,1.13569,1.13553,1.13576,1.13553,1.13575,,,,,22
2025-04-14 21:11:00,1.13566,1.13583,1.13564,1.13582,1.13572,1.13589,1.1357,1.13588,,,,,27
2025-04-14 21:12:00,1.1358,1.13603,1.13579,1.13599,1.13586,1.13609,1.13585,1.13608,,,,,23
2025-04-14 21:13:00,1.13597,1.13603,1.13588,1.13602,1.13606,1.13612,1.13597,1.13611,,,,,22
2025-04-14 21:14:00,1.13599,1.13611,1.13582,1.13584,1.13608,1.13617,1.13588,1.1359,,,,,19
2025-04-14 21:15:00,1.13583,1.13606,1.1358,1.13602,1.13589,1.13612,1.13586,1.13608,,,,,27
2025-04-14 21:16:00,1.13601,1.13626,1.13591,1.13615,1.13607,1.13632,1.13597,1.13621,,,,,51
2025-04-14 21:17:00,1.13618,1.13636,1.13618,1.13633,1.13624,1.13642,1.13624,1.13639,,,,,40
2025-04-14 21:18:00,1.13629,1.13643,1.13629,1.13634,1.13635,1.1365,1.13635,1.1364,,,,,25
2025-04-14 21:19:00,1.13639,1.13658,1.13637,1.13653,1.13645,1.13664,1.13645,1.13659,,,,,34
2025-04-14 21:20:00,1.13654,1.13654,1.13637,1.13639,1.1366,1.1366,1.13643,1.13645,,,,,17
2025-04-14 21:21:00,1.13631,1.13636,1.13614,1.13617,1.13637,1.13642,1.13623,1.13626,,,,,25
2025-04-14 21:22:00,1.13614,1.13623,1.13595,1.13603,1.1362,1.1363,1.13604,1.13612,,,,,38
2025-04-14 21:23:00,1.13606,1.13612,1.13596,1.13612,1.13615,1.13621,1.13604,1.13621,,,,,24
2025-04-14 21:24:00,1.13614,1.1362,1.13613,1.13619,1.13623,1.13629,1.13622,1.13625,,,,,13
2025-04-14 21:25:00,1.1362,1.13627,1.13609,1.1362,1.13626,1.13648,1.13622,1.13638,,,,,43
2025-04-14 21:26:00,1.13619,1.13634,1.13619,1.13619,1.13639,1.13658,1.13638,1.13648,,,,,48
2025-04-14 21:27:00,1.1362,1.13633,1.13607,1.13617,1.13646,1.13649,1.13621,1.1363,,,,,50
2025-04-14 21:28:00,1.1362,1.13642,1.13619,1.13633,1.13629,1.13651,1.13629,1.13639,,,,,31
2025-04-14 21:29:00,1.13634,1.13668,1.13634,1.1366,1.1364,1.13685,1.1364,1.13677,,,,,38
2025-04-14 21:30:00,1.13657,1.13684,1.13653,1.13682,1.13676,1.13698,1.13669,1.13691,,,,,49
2025-04-14 21:31:00,1.13679,1.13679,1.13659,1.13662,1.13688,1.13688,1.13667,1.13668,,,,,36
2025-04-14 21:32:00,1.13664,1.13664,1.13626,1.13635,1.1367,1.1367,1.13635,1.13641,,,,,63
2025-04-14 21:33:00,1.13636,1.13638,1.13622,1.13622,1.13642,1.13644,1.13628,1.13628,,,,,25
2025-04-14 21:34:00,1.13624,1.13641,1.13614,1.13637,1.1363,1.13647,1.1362,1.13643,,,,,23
2025-04-14 21:35:00,1.13636,1.1366,1.13635,1.1366,1.13642,1.13666,1.13641,1.13666,,,,,22
2025-04-14 21:36:00,1.13657,1.13661,1.1365,1.13655,1.13663,1.13667,1.13657,1.13661,,,,,20
2025-04-14 21:37:00,1.13658,1.13669,1.13654,1.13665,1.13664,1.13678,1.13663,1.13674,,,,,18
2025-04-14 21:38:00,1.13667,1.1367,1.13656,1.1367,1.13673,1.13676,1.13663,1.13676,,,,,14
2025-04-14 21:39:00,1.13667,1.13667,1.13649,1.13661,1.13673,1.13673,1.13655,1.1367,,,,,17
2025-04-14 21:40:00,1.1366,1.13676,1.13653,1.13676,1.13666,1.13685,1.13659,1.13685,,,,,27
2025-04-14 21:41:00,1.13681,1.13693,1.13681,1.13686,1.1369,1.13702,1.13688,1.13692,,,,,26
2025-04-14 21:42:00,1.13684,1.13685,1.13662,1.13663,1.1369,1.13691,1.13671,1.13672,,,,,27
2025-04-14 21:43:00,1.13662,1.13663,1.13642,1.13642,1.13671,1.13672,1.13648,1.13648,,,,,13
2025-04-14 21:44:00,1.13641,1.13642,1.13628,1.13629,1.13647,1.13648,1.13634,1.13638,,,,,20
2025-04-14 21:45:00,1.1363,1.13634,1.13619,1.13625,1.13635,1.13643,1.13626,1.13631,,,,,23
2025-04-14 21:46:00,1.13622,1.13649,1.13622,1.13648,1.13628,1.13655,1.13628,1.13654,,,,,21
2025-04-14 21:47:00,1.13649,1.13661,1.13639,1.13642,1.13655,1.13667,1.13648,1.13651,,,,,16
2025-04-14 21:48:00,1.13641,1.13668,1.13641,1.13664,1.1365,1.13674,1.1365,1.13673,,,,,17
2025-04-14 21:49:00,1.13668,1.13673,1.13663,1.13671,1.13674,1.1368,1.13672,1.1368,,,,,21
2025-04-14 21:50:00,1.13673,1.13678,1.1366,1.13669,1.13682,1.13684,1.13666,1.13675,,,,,25
2025-04-14 21:51:00,1.13661,1.13662,1.13628,1.13631,1.1367,1.1367,1.13635,1.13637,,,,,22
2025-04-14 21:52:00,1.1362,1.1362,1.13593,1.13596,1.13629,1.13629,1.13609,1.13614,,,,,26
2025-04-14 21:53:00,1.13598,1.13599,1.13571,1.13574,1.13615,1.13615,1.13583,1.13592,,,,,37
2025-04-14 21:54:00,1.13575,1.13577,1.1356,1.13564,1.13591,1.13593,1.13571,1.13573,,,,,43
2025-04-14 21:55:00,1.13566,1.13581,1.1356,1.13561,1.13575,1.13593,1.13569,1.1357,,,,,75
2025-04-14 21:56:00,1.13557,1.13578,1.13557,1.1356,1.13572,1.1359,1.13569,1.13569,,,,,41
2025-04-14 21:57:00,1.13562,1.13565,1.13531,1.13536,1.13571,1.13577,1.13541,1.13542,,,,,60
2025-04-14 21:58:00,1.13537,1.1354,1.13512,1.13514,1.13543,1.13549,1.13518,1.1352,,,,,61
2025-04-14 21:59:00,1.13512,1.13556,1.13512,1.13547,1.13518,1.13565,1.13518,1.13553,,,,,106
2025-04-14 22:00:00,1.13548,1.13562,1.13495,1.13495,1.13554,1.13571,1.13501,1.13501,,,,,68
2025-04-14 22:01:00,1.13492,1.135,1.13482,1.13483,1.13498,1.13506,1.13488,1.13489,,,,,97
2025-04-14 22:02:00,1.13486,1.13488,1.13458,1.13483,1.13495,1.13495,1.13467,1.13489,,,,,50
2025-04-14 22:03:00,1.13484,1.13484,1.13469,1.13469,1.1349,1.1349,1.13475,1.13475,,,,,22
2025-04-14 22:04:00,1.13468,1.13502,1.13466,1.13498,1.13474,1.13509,1.13472,1.13504,,,,,42
2025-04-14 22:05:00,1.13496,1.13504,1.13486,1.13501,1.13505,1.13513,1.13494,1.1351,,,,,32
2025-04-14 22:06:00,1.135,1.13537,1.13499,1.13537,1.13509,1.13544,1.13508,1.13543,,,,,35
2025-04-14 22:07:00,1.13535,1.13539,1.13525,1.1353,1.13541,1.13548,1.13534,1.13539,,,,,21
2025-04-14 22:08:00,1.13529,1.1354,1.13529,1.13534,1.13538,1.13549,1.13538,1.13543,,,,,31
2025-04-14 22:09:00,1.13532,1.13533,1.13527,1.1353,1.13541,1.13542,1.13536,1.13539,,,,,15
2025-04-14 22:10:00,1.13531,1.13531,1.1353,1.1353,1.1354,1.1354,1.13539,1.13539,,,,,2
2025-04-14 22:11:00,1.13526,1.1354,1.13518,1.13536,1.13543,1.13549,1.13524,1.13545,,,,,34
2025-04-14 22:12:00,1.13545,1.13567,1.13545,1.13566,1.13554,1.13576,1.13554,1.13575,,,,,17
2025-04-14 22:13:00,1.13563,1.13568,1.13562,1.13563,1.13572,1.13579,1.13571,1.13578,,,,,12
2025-04-14 22:14:00,1.13564,1.13576,1.13564,1.13575,1.13576,1.1359,1.13573,1.13587,,,,,17
2025-04-14 22:15:00,1.13574,1.13576,1.1355,1.13551,1.13588,1.13588,1.13558,1.1356,,,,,14
2025-04-14 22:16:00,1.13552,1.13571,1.13552,1.13566,1.13558,1.13577,1.13558,1.13575,,,,,18
2025-04-14 22:17:00,1.13565,1.1357,1.13561,1.13564,1.13574,1.13576,1.13568,1.13573,,,,,13
2025-04-14 22:18:00,1.13571,1.13578,1.1357,1.13571,1.13577,1.13584,1.13576,1.13577,,,,,13
2025-04-14 22:19:00,1.13572,1.13573,1.13533,1.13534,1.13578,1.13582,1.13542,1.13543,,,,,25
2025-04-14 22:20:00,1.13532,1.13534,1.13506,1.1352,1.13541,1.13543,1.13512,1.13526,,,,,24
2025-04-14 22:21:00,1.13523,1.13527,1.13511,1.13516,1.13529,1.13536,1.13517,1.13522,,,,,11
2025-04-14 22:22:00,1.13513,1.13523,1.13488,1.1349,1.13519,1.13529,1.13494,1.13499,,,,,24
2025-04-14 22:23:00,1.13491,1.1352,1.1349,1.13517,1.135,1.13526,1.13499,1.13523,,,,,17
2025-04-14 22:24:00,1.13521,1.13536,1.13518,1.13534,1.13527,1.13545,1.13524,1.13543,,,,,20
2025-04-14 22:25:00,1.13528,1.13528,1.13503,1.13514,1.13537,1.13537,1.13515,1.13523,,,,,19
2025-04-14 22:26:00,1.13513,1.13515,1.13504,1.13512,1.13522,1.13523,1.13513,1.13518,,,,,12
2025-04-14 22:27:00,1.13511,1.13512,1.13469,1.13469,1.13517,1.13518,1.13475,1.13475,,,,,25
2025-04-14 22:28:00,1.1347,1.13488,1.13463,1.13487,1.13476,1.13494,1.13472,1.13493,,,,,21
2025-04-14 22:29:00,1.1349,1.13499,1.13486,1.13494,1.13496,1.13505,1.13492,1.135,,,,,23
2025-04-14 22:30:00,1.13496,1.13497,1.13472,1.13475,1.13502,1.13503,1.13479,1.13481,,,,,21
2025-04-14 22:31:00,1.13476,1.13477,1.13451,1.13455,1.13482,1.13483,1.1346,1.13461,,,,,16
2025-04-14 22:32:00,1.13457,1.13492,1.13454,1.13486,1.13463,1.13498,1.13463,1.13492,,,,,30
2025-04-14 22:33:00,1.13487,1.13489,1.13472,1.13475,1.13493,1.13495,1.13478,1.13484,,,,,20
2025-04-14 22:34:00,1.13476,1.13481,1.13459,1.1346,1.13485,1.1349,1.13465,1.13466,,,,,18
2025-04-14 22:35:00,1.13456,1.13457,1.13431,1.13451,1.13462,1.13463,1.13437,1.1346,,,,,35
2025-04-14 22:36:00,1.1346,1.13484,1.1346,1.13484,1.13466,1.13493,1.13466,1.13493,,,,,33
2025-04-14 22:37:00,1.13483,1.13488,1.13473,1.13476,1.13492,1.13497,1.13482,1.13485,,,,,30
2025-04-14 22:38:00,1.13472,1.13474,1.13464,1.13465,1.13481,1.13483,1.13473,1.13474,,,,,9
2025-04-14 22:39:00,1.13474,1.13479,1.13474,1.13479,1.13483,1.13488,1.13483,1.13488,,,,,6
2025-04-14 22:40:00,1.1348,1.13491,1.13479,1.1349,1.13489,1.135,1.13488,1.13499,,,,,21
2025-04-14 22:41:00,1.13489,1.13499,1.13488,1.13496,1.13498,1.13508,1.13497,1.13502,,,,,7
2025-04-14 22:42:00,1.13508,1.13512,1.13485,1.13498,1.13517,1.13519,1.13494,1.13507,,,,,30
2025-04-14 22:43:00,1.135,1.1351,1.13495,1.13508,1.13509,1.13518,1.13501,1.13517,,,,,13
2025-04-14 22:44:00,1.13509,1.13515,1.13498,1.13514,1.13519,1.13528,1.13512,1.13527,,,,,46
2025-04-14 22:45:00,1.13513,1.13527,1.13509,1.13509,1.13526,1.1354,1.13522,1.13522,,,,,21
2025-04-14 22:46:00,1.13508,1.13524,1.13508,1.13524,1.13521,1.13535,1.13521,1.13533,,,,,22
2025-04-14 22:47:00,1.13519,1.1353,1.13519,1.1353,1.13541,1.13541,1.13529,1.13539,,,,,13
2025-04-14 22:48:00,1.13525,1.13536,1.13525,1.13535,1.13534,1.13545,1.13534,1.13544,,,,,8
2025-04-14 22:49:00,1.13537,1.13538,1.13526,1.13529,1.13546,1.13547,1.13535,1.13538,,,,,25
2025-04-14 22:50:00,1.13528,1.13536,1.13519,1.13535,1.13541,1.13547,1.13531,1.13546,,,,,25
2025-04-14 22:51:00,1.13541,1.13546,1.13531,1.13531,1.1355,1.13555,1.1354,1.1354,,,,,26
2025-04-14 22:52:00,1.13524,1.13527,1.13514,1.13517,1.13533,1.13536,1.13523,1.13526,,,,,14
2025-04-14 22:53:00,1.13516,1.13516,1.13503,1.1351,1.13525,1.13526,1.13512,1.13526,,,,,15
2025-04-14 22:54:00,1.13509,1.13509,1.13492,1.13506,1.13524,1.13524,1.13506,1.13515,,,,,12
2025-04-14 22:55:00,1.13503,1.13504,1.13471,1.13472,1.13518,1.13527,1.13488,1.13489,,,,,12
2025-04-14 22:56:00,1.13467,1.13485,1.13465,1.13485,1.13484,1.13502,1.13482,1.13502,,,,,24
2025-04-14 22:57:00,1.13475,1.13484,1.13459,1.13484,1.13512,1.13512,1.1349,1.13511,,,,,23
2025-04-14 22:58:00,1.13479,1.13486,1.13462,1.13485,1.13506,1.13514,1.13485,1.13509,,,,,46
2025-04-14 22:59:00,1.13487,1.13495,1.13478,1.13491,1.1351,1.13525,1.13506,1.13525,,,,,31
2025-04-14 23:00:00,1.13455,1.13455,1.13445,1.13445,1.13521,1.13521,1.13511,1.13511,,,,,2
2025-04-14 23:01:00,1.13403,1.13403,1.13403,1.13403,1.13469,1.13469,1.13469,1.13469,,,,,1
2025-04-14 23:02:00,1.13414,1.13414,1.13414,1.13414,1.1348,1.1348,1.1348,1.1348,,,,,1
2025-04-14 23:03:00,1.13415,1.13415,1.13415,1.13415,1.13481,1.13481,1.13481,1.13481,,,,,1
2025-04-14 23:04:00,1.13416,1.13416,1.13416,1.13416,1.13482,1.13482,1.13482,1.13482,,,,,1
2025-04-14 23:05:00,1.13421,1.13421,1.13421,1.13421,1.13487,1.13487,1.13487,1.13487,,,,,1
2025-04-14 23:06:00,1.13426,1.13426,1.13426,1.13426,1.13492,1.13492,1.13492,1.13492,,,,,1
2025-04-14 23:07:00,1.13424,1.13425,1.13424,1.13425,1.1349,1.13491,1.1349,1.13491,,,,,2
2025-04-14 23:08:00,1.13423,1.13423,1.13423,1.13423,1.13489,1.13489,1.13489,1.13489,,,,,1
2025-04-14 23:09:00,1.13428,1.13428,1.13428,1.13428,1.13494,1.13494,1.13494,1.13494,,,,,1
2025-04-14 23:10:00,1.13429,1.1343,1.13428,1.1343,1.13495,1.13496,1.13494,1.13496,,,,,3
2025-04-14 23:11:00,1.13421,1.13421,1.13419,1.13419,1.13487,1.13487,1.13485,1.13485,,,,,2
2025-04-14 23:12:00,1.13418,1.13418,1.13418,1.13418,1.13484,1.13484,1.13484,1.13484,,,,,1
2025-04-14 23:13:00,1.13416,1.13416,1.13416,1.13416,1.13482,1.13482,1.13482,1.13482,,,,,1
2025-04-14 23:14:00,1.13417,1.13417,1.13416,1.13416,1.13483,1.13483,1.13482,1.13482,,,,,2
2025-04-14 23:15:00,1.13424,1.13424,1.13424,1.13424,1.1349,1.1349,1.1349,1.1349,,,,,1
2025-04-14 23:16:00,1.13429,1.13429,1.13429,1.13429,1.13495,1.13495,1.13495,1.13495,,,,,1
2025-04-14 23:17:00,1.13517,1.13521,1.13427,1.13434,1.13583,1.13587,1.13493,1.135,,,,,7
2025-04-14 23:18:00,1.13433,1.13522,1.13433,1.1348,1.13499,1.13588,1.13499,1.13546,,,,,4
2025-04-14 23:19:00,1.13481,1.13481,1.13481,1.13481,1.13547,1.13547,1.13547,1.13547,,,,,1
2025-04-14 23:20:00,1.13434,1.13434,1.13434,1.13434,1.135,1.135,1.135,1.135,,,,,1
2025-04-14 23:21:00,1.13433,1.13433,1.13433,1.13433,1.13499,1.13499,1.13499,1.13499,,,,,1
2025-04-14 23:22:00,1.13515,1.13515,1.13515,1.13515,1.13581,1.13581,1.13581,1.13581,,,,,1
2025-04-14 23:23:00,1.1348,1.1348,1.13435,1.13449,1.13546,1.13546,1.13501,1.13515,,,,,3
2025-04-14 23:24:00,1.13457,1.13521,1.13438,1.13458,1.13523,1.13587,1.13504,1.13524,,,,,10
2025-04-14 23:25:00,1.13456,1.13456,1.13454,1.13454,1.13522,1.13522,1.1352,1.1352,,,,,2
2025-04-14 23:27:00,1.13455,1.13458,1.13455,1.13458,1.13521,1.13524,1.13521,1.13524,,,,,2
2025-04-14 23:28:00,1.13537,1.13537,1.13504,1.13508,1.13603,1.13603,1.1357,1.13574,,,,,4
2025-04-14 23:29:00,1.1346,1.1346,1.1346,1.1346,1.13526,1.13526,1.13526,1.13526,,,,,1
2025-04-14 23:30:00,1.13454,1.13458,1.13454,1.13458,1.1352,1.13524,1.1352,1.13524,,,,,2
2025-04-14 23:31:00,1.13459,1.13542,1.13459,1.13507,1.13525,1.13608,1.13525,1.13573,,,,,3
2025-04-14 23:32:00,1.13514,1.13531,1.13514,1.13521,1.1358,1.13597,1.1358,1.13587,,,,,6
2025-04-14 23:33:00,1.13527,1.13528,1.13527,1.13527,1.13593,1.13594,1.13593,1.13593,,,,,3
2025-04-14 23:34:00,1.13526,1.13526,1.13526,1.13526,1.13592,1.13592,1.13592,1.13592,,,,,1
2025-04-14 23:35:00,1.1353,1.13541,1.1353,1.13539,1.13596,1.13607,1.13596,1.13605,,,,,4
2025-04-14 23:36:00,1.13538,1.13538,1.13538,1.13538,1.13604,1.13604,1.13604,1.13604,,,,,1
2025-04-14 23:37:00,1.13543,1.13545,1.13543,1.13545,1.13609,1.13611,1.13609,1.13611,,,,,2
2025-04-14 23:38:00,1.13543,1.13543,1.13543,1.13543,1.13609,1.13609,1.13609,1.13609,,,,,1
2025-04-14 23:39:00,1.13537,1.13541,1.13537,1.13541,1.13603,1.13607,1.13603,1.13607,,,,,3
2025-04-14 23:40:00,1.13581,1.13581,1.13546,1.13546,1.13647,1.13647,1.13612,1.13612,,,,,3
2025-04-14 23:41:00,1.13538,1.13538,1.13538,1.13538,1.13604,1.13604,1.13604,1.13604,,,,,1
2025-04-14 23:42:00,1.13539,1.13539,1.13539,1.13539,1.13605,1.13605,1.13605,1.13605,,,,,1
2025-04-14 23:43:00,1.13538,1.13538,1.1352,1.1352,1.13604,1.13604,1.13586,1.13586,,,,,4
2025-04-14 23:44:00,1.13518,1.13518,1.13518,1.13518,1.13584,1.13584,1.13584,1.13584,,,,,1
2025-04-14 23:45:00,1.13519,1.13519,1.13519,1.13519,1.13585,1.13585,1.13585,1.13585,,,,,1
2025-04-14 23:48:00,1.13518,1.13518,1.13518,1.13518,1.13584,1.13584,1.13584,1.13584,,,,,1
2025-04-14 23:49:00,1.13519,1.13519,1.13519,1.13519,1.13585,1.13585,1.13585,1.13585,,,,,1
2025-04-14 23:50:00,1.1352,1.1352,1.1352,1.1352,1.13586,1.13586,1.13586,1.13586,,,,,1
2025-04-14 23:55:00,1.13522,1.13526,1.13518,1.13518,1.13588,1.13592,1.13584,1.13584,,,,,5
2025-04-14 23:59:00,1.13521,1.13524,1.13521,1.13524,1.13587,1.1359,1.13587,1.1359,,,,,2
2025-04-15 00:00:00,1.13519,1.13581,1.13502,1.13578,1.13585,1.13641,1.13568,1.13624,,,,,42
2025-04-15 00:01:00,1.13579,1.13583,1.13552,1.13559,1.13626,1.13626,1.13591,1.13598,,,,,49
2025-04-15 00:02:00,1.13572,1.13604,1.13559,1.13559,1.13597,1.13632,1.13597,1.13603,,,,,66
2025-04-15 00:03:00,1.13553,1.13571,1.13549,1.13571,1.13602,1.13607,1.13588,1.13606,,,,,28
2025-04-15 00:04:00,1.13574,1.13574,1.1357,1.1357,1.13607,1.13612,1.13607,1.13612,,,,,12
2025-04-15 00:05:00,1.13573,1.13577,1.1355,1.13551,1.13609,1.13609,1.13584,1.13584,,,,,9
2025-04-15 00:06:00,1.13544,1.13544,1.1352,1.13525,1.13583,1.13583,1.13555,1.13557,,,,,16
2025-04-15 00:07:00,1.13527,1.13527,1.13481,1.13486,1.13555,1.13555,1.13512,1.13513,,,,,22
2025-04-15 00:08:00,1.13485,1.13485,1.13471,1.13477,1.1351,1.1351,1.1349,1.1349,,,,,10
2025-04-15 00:09:00,1.13481,1.13498,1.13481,1.13497,1.13493,1.13512,1.13493,1.13512,,,,,25
2025-04-15 00:10:00,1.13498,1.13498,1.13496,1.13498,1.13511,1.13514,1.13511,1.13511,,,,,13
2025-04-15 00:11:00,1.13491,1.13491,1.13466,1.13466,1.13503,1.13503,1.13478,1.13478,,,,,10
2025-04-15 00:12:00,1.13464,1.13467,1.13454,1.13454,1.13477,1.13478,1.13463,1.13463,,,,,10
2025-04-15 00:13:00,1.13452,1.13455,1.13451,1.13453,1.13461,1.13464,1.1346,1.13462,,,,,8
2025-04-15 00:14:00,1.13452,1.13467,1.13452,1.13458,1.13461,1.13482,1.13461,1.13474,,,,,11
2025-04-15 00:15:00,1.13463,1.13469,1.1346,1.13465,1.13473,1.13484,1.13473,1.1348,,,,,17
2025-04-15 00:16:00,1.13464,1.1347,1.1345,1.13461,1.13478,1.13484,1.13461,1.13478,,,,,26
2025-04-15 00:17:00,1.13463,1.13468,1.13461,1.13466,1.13479,1.13484,1.13476,1.13482,,,,,15
2025-04-15 00:18:00,1.13467,1.13491,1.13463,1.13491,1.13483,1.135,1.13476,1.135,,,,,31
2025-04-15 00:19:00,1.13486,1.13496,1.13479,1.13486,1.13495,1.13505,1.13488,1.13495,,,,,21
2025-04-15 00:20:00,1.13477,1.13481,1.1347,1.13477,1.13486,1.1349,1.13479,1.13486,,,,,19
2025-04-15 00:21:00,1.1348,1.1348,1.13466,1.1347,1.13489,1.13489,1.13475,1.13479,,,,,23
2025-04-15 00:22:00,1.13471,1.13489,1.13471,1.13489,1.1348,1.13498,1.1348,1.13498,,,,,19
2025-04-15 00:23:00,1.13488,1.13498,1.13487,1.13493,1.13497,1.13507,1.13496,1.13502,,,,,8
2025-04-15 00:24:00,1.13494,1.13502,1.13492,1.13497,1.13503,1.13511,1.13501,1.13506,,,,,17
2025-04-15 00:25:00,1.13496,1.13501,1.13495,1.13498,1.13505,1.1351,1.13504,1.13507,,,,,8
2025-04-15 00:26:00,1.13495,1.13513,1.13495,1.13508,1.13504,1.13522,1.13504,1.13517,,,,,15
2025-04-15 00:27:00,1.13506,1.13514,1.13506,1.13514,1.13515,1.13523,1.13515,1.13523,,,,,9
2025-04-15 00:28:00,1.13518,1.13522,1.13518,1.13521,1.13527,1.13531,1.13527,1.1353,,,,,13
2025-04-15 00:29:00,1.13523,1.13523,1.13519,1.13522,1.13532,1.13532,1.13528,1.13531,,,,,18
2025-04-15 00:30:00,1.13525,1.13549,1.13525,1.13548,1.13534,1.13558,1.13534,1.13557,,,,,22
2025-04-15 00:31:00,1.13544,1.13556,1.13537,1.13552,1.13553,1.13565,1.13546,1.13561,,,,,21
2025-04-15 00:32:00,1.1355,1.1355,1.13536,1.13546,1.13559,1.13559,1.13545,1.13555,,,,,20
2025-04-15 00:33:00,1.13547,1.13569,1.13547,1.13568,1.13556,1.13578,1.13556,1.13577,,,,,24
2025-04-15 00:34:00,1.13565,1.13573,1.13565,1.1357,1.13574,1.13582,1.13574,1.13579,,,,,12
2025-04-15 00:35:00,1.13576,1.13577,1.13553,1.13556,1.13585,1.13586,1.13562,1.13565,,,,,18
2025-04-15 00:36:00,1.13551,1.13551,1.13548,1.1355,1.1356,1.1356,1.13557,1.13559,,,,,7
2025-04-15 00:37:00,1.13551,1.13552,1.13547,1.13547,1.1356,1.13561,1.13556,1.13556,,,,,8
2025-04-15 00:38:00,1.13545,1.13559,1.13544,1.13556,1.13554,1.13568,1.13553,1.13565,,,,,16
2025-04-15 00:39:00,1.13554,1.13554,1.13548,1.13549,1.13563,1.13563,1.13557,1.13558,,,,,12
2025-04-15 00:40:00,1.13552,1.13557,1.13551,1.13556,1.13561,1.13566,1.1356,1.13565,,,,,9
2025-04-15 00:41:00,1.13558,1.13564,1.13555,1.13556,1.13567,1.13573,1.13564,1.13565,,,,,11
2025-04-15 00:42:00,1.13553,1.13554,1.13547,1.13552,1.13562,1.13563,1.13556,1.13561,,,,,11
2025-04-15 00:43:00,1.13559,1.13559,1.13545,1.13545,1.13568,1.13568,1.13554,1.13554,,,,,9
2025-04-15 00:44:00,1.13548,1.13549,1.1354,1.13541,1.13557,1.13558,1.13549,1.1355,,,,,7
2025-04-15 00:45:00,1.1354,1.1354,1.13504,1.13505,1.13549,1.13549,1.13519,1.13525,,,,,14
2025-04-15 00:46:00,1.13508,1.13526,1.13508,1.13517,1.13517,1.13535,1.13517,1.13526,,,,,39
2025-04-15 00:47:00,1.13518,1.13518,1.13501,1.13502,1.13527,1.13527,1.1351,1.13511,,,,,21
2025-04-15 00:48:00,1.13503,1.13506,1.13502,1.13506,1.13512,1.13515,1.13511,1.13515,,,,,14
2025-04-15 00:49:00,1.13507,1.13509,1.13506,1.13506,1.13516,1.13518,1.13515,1.13515,,,,,6
2025-04-15 00:50:00,1.13508,1.13508,1.13503,1.13506,1.13517,1.13517,1.13512,1.13515,,,,,6
2025-04-15 00:51:00,1.13507,1.13533,1.13507,1.13528,1.13516,1.13542,1.13516,1.13537,,,,,15
2025-04-15 00:52:00,1.13532,1.13536,1.13527,1.13534,1.13541,1.13545,1.13536,1.13543,,,,,12
2025-04-15 00:53:00,1.13536,1.13536,1.13534,1.13534,1.13547,1.13547,1.13543,1.13543,,,,,5
2025-04-15 00:54:00,1.1353,1.13532,1.13529,1.13532,1.13539,1.13541,1.13538,1.13541,,,,,4
2025-04-15 00:55:00,1.13531,1.13536,1.13525,1.13528,1.1354,1.13545,1.13534,1.13537,,,,,20
2025-04-15 00:56:00,1.13529,1.13533,1.13526,1.13533,1.13538,1.13542,1.13535,1.13542,,,,,10
2025-04-15 00:57:00,1.13534,1.13539,1.1352,1.13526,1.13543,1.13548,1.13529,1.13535,,,,,21
2025-04-15 00:58:00,1.13527,1.13532,1.13523,1.13531,1.13536,1.13541,1.13532,1.1354,,,,,10
2025-04-15 00:59:00,1.13533,1.13536,1.1352,1.13535,1.13542,1.13545,1.13529,1.13544,,,,,22
2025-04-15 01:00:00,1.13534,1.1354,1.13523,1.13529,1.13543,1.13549,1.13532,1.13538,,,,,34
2025-04-15 01:01:00,1.13528,1.13536,1.13523,1.13524,1.13537,1.13543,1.13532,1.13533,,,,,34
2025-04-15 01:02:00,1.13523,1.13528,1.13507,1.13508,1.13532,1.13534,1.13513,1.13514,,,,,21
2025-04-15 01:03:00,1.13507,1.13514,1.13449,1.13449,1.13513,1.1352,1.13455,1.13455,,,,,42
2025-04-15 01:04:00,1.13451,1.13487,1.13451,1.13484,1.13457,1.13493,1.13457,1.1349,,,,,32
2025-04-15 01:05:00,1.13485,1.13489,1.13469,1.13482,1.13491,1.13495,1.13478,1.13488,,,,,22
2025-04-15 01:06:00,1.13484,1.13491,1.13484,1.13485,1.1349,1.13497,1.1349,1.13494,,,,,15
2025-04-15 01:07:00,1.1348,1.13482,1.1347,1.13482,1.13486,1.13489,1.13476,1.13488,,,,,22
2025-04-15 01:08:00,1.13481,1.13481,1.13461,1.13461,1.13487,1.13487,1.1347,1.13473,,,,,28
2025-04-15 01:09:00,1.13462,1.13462,1.13432,1.13438,1.13472,1.13474,1.13438,1.13452,,,,,33
2025-04-15 01:10:00,1.13437,1.13445,1.13429,1.13433,1.1345,1.13454,1.13438,1.13439,,,,,24
2025-04-15 01:11:00,1.13434,1.13447,1.13428,1.13428,1.1344,1.13456,1.13435,1.13437,,,,,37
2025-04-15 01:12:00,1.13429,1.13442,1.13429,1.13438,1.13438,1.13448,1.13438,1.13444,,,,,20
2025-04-15 01:13:00,1.13437,1.13437,1.13426,1.13429,1.13443,1.13443,1.13432,1.13435,,,,,14
2025-04-15 01:14:00,1.13426,1.13433,1.13403,1.13403,1.13432,1.13439,1.13412,1.13412,,,,,14
2025-04-15 01:15:00,1.13406,1.13408,1.13401,1.13408,1.13415,1.13416,1.13408,1.13414,,,,,14
2025-04-15 01:16:00,1.13407,1.13433,1.13406,1.13431,1.13413,1.13439,1.13412,1.13437,,,,,16
2025-04-15 01:17:00,1.1343,1.13435,1.13411,1.13415,1.13436,1.13441,1.1342,1.13421,,,,,27
2025-04-15 01:18:00,1.13417,1.13419,1.13404,1.13404,1.13423,1.13425,1.13413,1.13413,,,,,13
2025-04-15 01:19:00,1.13405,1.13427,1.13405,1.13426,1.13414,1.13439,1.13414,1.13435,,,,,22
2025-04-15 01:20:00,1.13427,1.13437,1.13427,1.13433,1.13437,1.13446,1.13436,1.13439,,,,,17
2025-04-15 01:21:00,1.13432,1.13432,1.13401,1.13406,1.13438,1.13438,1.1341,1.13415,,,,,20
2025-04-15 01:22:00,1.13407,1.13416,1.13407,1.13411,1.13418,1.13424,1.13416,1.13417,,,,,20
2025-04-15 01:23:00,1.13412,1.13423,1.1341,1.13419,1.13418,1.13432,1.13417,1.13428,,,,,25
2025-04-15 01:24:00,1.13421,1.13423,1.13419,1.13423,1.1343,1.13432,1.13428,1.13432,,,,,13
2025-04-15 01:25:00,1.13424,1.13435,1.13419,1.13433,1.13433,1.13444,1.13428,1.13442,,,,,16
2025-04-15 01:26:00,1.13432,1.13437,1.13423,1.13437,1.13441,1.13446,1.13432,1.13446,,,,,27
2025-04-15 01:27:00,1.13436,1.13442,1.13436,1.13441,1.13445,1.13451,1.13445,1.1345,,,,,15
2025-04-15 01:28:00,1.13438,1.13444,1.13434,1.13443,1.13447,1.13453,1.13443,1.13452,,,,,21
2025-04-15 01:29:00,1.13441,1.13441,1.1342,1.13425,1.1345,1.1345,1.13429,1.13434,,,,,17
2025-04-15 01:30:00,1.13424,1.13433,1.13405,1.13433,1.13433,1.13442,1.13414,1.13442,,,,,33
2025-04-15 01:31:00,1.13434,1.13445,1.13433,1.13435,1.13443,1.13454,1.13442,1.13444,,,,,25
2025-04-15 01:32:00,1.13439,1.13444,1.13431,1.13436,1.13448,1.13453,1.1344,1.13445,,,,,21
2025-04-15 01:33:00,1.13434,1.1345,1.13434,1.1344,1.13443,1.13456,1.13442,1.13446,,,,,23
2025-04-15 01:34:00,1.13439,1.1344,1.13435,1.1344,1.13445,1.13446,1.13441,1.13446,,,,,14
2025-04-15 01:35:00,1.1345,1.13462,1.1345,1.13462,1.13459,1.13471,1.13459,1.13468,,,,,30
2025-04-15 01:36:00,1.13464,1.13464,1.13429,1.13435,1.1347,1.13474,1.13438,1.13444,,,,,50
2025-04-15 01:37:00,1.13434,1.13435,1.13401,1.13406,1.13443,1.13444,1.13413,1.13418,,,,,41
2025-04-15 01:38:00,1.13404,1.13408,1.13399,1.13404,1.13416,1.13418,1.1341,1.13413,,,,,17
2025-04-15 01:39:00,1.13405,1.13407,1.13386,1.13388,1.13414,1.13416,1.13395,1.13397,,,,,21
2025-04-15 01:40:00,1.13378,1.13392,1.13378,1.13383,1.13384,1.13403,1.13384,1.13394,,,,,30
2025-04-15 01:41:00,1.13386,1.1339,1.13376,1.13386,1.13399,1.13399,1.13384,1.13392,,,,,46
2025-04-15 01:42:00,1.13389,1.13392,1.13381,1.13384,1.13395,1.13398,1.13387,1.1339,,,,,21
2025-04-15 01:43:00,1.13385,1.13404,1.13379,1.13403,1.13391,1.1341,1.13385,1.13409,,,,,35
2025-04-15 01:44:00,1.13402,1.13412,1.13386,1.13386,1.13408,1.1342,1.13392,1.13392,,,,,35
2025-04-15 01:45:00,1.13387,1.134,1.13379,1.13389,1.13393,1.13406,1.13385,1.13395,,,,,45
2025-04-15 01:46:00,1.13386,1.13387,1.13345,1.13347,1.13392,1.13393,1.13352,1.13356,,,,,61
2025-04-15 01:47:00,1.13349,1.13358,1.13346,1.13353,1.13358,1.13367,1.13352,1.13362,,,,,42
2025-04-15 01:48:00,1.13352,1.13364,1.13351,1.13353,1.13361,1.1337,1.13357,1.13359,,,,,33
2025-04-15 01:49:00,1.13352,1.13359,1.1335,1.13359,1.13358,1.13365,1.13356,1.13365,,,,,10
2025-04-15 01:50:00,1.13358,1.13358,1.13333,1.13343,1.13364,1.13364,1.13342,1.13349,,,,,26
2025-04-15 01:51:00,1.13341,1.13342,1.13332,1.13332,1.13347,1.13348,1.13342,1.13344,,,,,12
2025-04-15 01:52:00,1.13334,1.13352,1.13334,1.13344,1.13343,1.13361,1.13343,1.13353,,,,,38
2025-04-15 01:53:00,1.13345,1.13363,1.13344,1.13363,1.13354,1.1337,1.13353,1.13369,,,,,17
2025-04-15 01:54:00,1.13364,1.13371,1.13356,1.1337,1.1337,1.13377,1.13362,1.13376,,,,,31
2025-04-15 01:55:00,1.13369,1.13381,1.13369,1.1338,1.13378,1.13388,1.13377,1.13386,,,,,25
2025-04-15 01:56:00,1.13381,1.13393,1.13381,1.13387,1.13387,1.13399,1.13387,1.13393,,,,,36
2025-04-15 01:57:00,1.13386,1.1339,1.13368,1.1339,1.13392,1.13396,1.13374,1.13396,,,,,27
2025-04-15 01:58:00,1.13389,1.13391,1.13379,1.13381,1.13395,1.13397,1.13385,1.13387,,,,,38
2025-04-15 01:59:00,1.1338,1.13381,1.13359,1.13359,1.13386,1.13387,1.13366,1.13368,,,,,32
2025-04-15 02:00:00,1.13361,1.13384,1.13352,1.13363,1.13367,1.13398,1.1336,1.13369,,,,,130
2025-04-15 02:01:00,1.13364,1.13366,1.13332,1.13333,1.1337,1.13375,1.13341,1.13342,,,,,84
2025-04-15 02:02:00,1.13332,1.13368,1.13331,1.13342,1.13341,1.13379,1.13337,1.13348,,,,,86
2025-04-15 02:03:00,1.13343,1.13358,1.13312,1.13312,1.13349,1.13364,1.13319,1.13321,,,,,74
2025-04-15 02:04:00,1.13313,1.13318,1.13298,1.13298,1.13322,1.13327,1.13311,1.13314,,,,,36
2025-04-15 02:05:00,1.13299,1.1331,1.1329,1.13293,1.13313,1.13319,1.13299,1.13302,,,,,73
2025-04-15 02:06:00,1.13288,1.13297,1.13282,1.13295,1.13303,1.13306,1.13296,1.13304,,,,,31
2025-04-15 02:07:00,1.13292,1.13329,1.13292,1.13328,1.13301,1.13335,1.13301,1.13334,,,,,37
2025-04-15 02:08:00,1.13334,1.13355,1.13334,1.13336,1.1334,1.13364,1.1334,1.13342,,,,,62
2025-04-15 02:09:00,1.13337,1.1334,1.13318,1.13326,1.13343,1.13346,1.13324,1.13332,,,,,69
2025-04-15 02:10:00,1.13321,1.13322,1.13293,1.13303,1.13327,1.13328,1.13299,1.13309,,,,,56
2025-04-15 02:11:00,1.13302,1.13315,1.13298,1.13313,1.13308,1.13321,1.13304,1.13319,,,,,38
2025-04-15 02:12:00,1.13312,1.13316,1.13295,1.13297,1.13318,1.13327,1.13305,1.13306,,,,,78
2025-04-15 02:13:00,1.13296,1.13319,1.13294,1.13316,1.13305,1.13325,1.13303,1.13322,,,,,42
2025-04-15 02:14:00,1.13314,1.13328,1.13303,1.13317,1.1332,1.13334,1.13312,1.13323,,,,,51
2025-04-15 02:15:00,1.13316,1.13332,1.13305,1.1331,1.13322,1.13339,1.13318,1.13319,,,,,68
2025-04-15 02:16:00,1.13313,1.13321,1.13302,1.13313,1.13322,1.13327,1.13312,1.13325,,,,,57
2025-04-15 02:17:00,1.13314,1.13321,1.13304,1.13311,1.13323,1.1333,1.1331,1.1332,,,,,32
2025-04-15 02:18:00,1.13312,1.1332,1.13296,1.13299,1.13321,1.13326,1.13302,1.13305,,,,,49
2025-04-15 02:19:00,1.133,1.13311,1.13288,1.13309,1.13306,1.1332,1.13295,1.13318,,,,,32
2025-04-15 02:20:00,1.13311,1.13321,1.13307,1.13312,1.1332,1.1333,1.13316,1.13321,,,,,34
2025-04-15 02:21:00,1.13311,1.13322,1.13297,1.13301,1.1332,1.13328,1.13303,1.13307,,,,,53
2025-04-15 02:22:00,1.133,1.13315,1.133,1.13311,1.13306,1.13324,1.13306,1.1332,,,,,39
2025-04-15 02:23:00,1.1331,1.13316,1.13298,1.133,1.13319,1.13325,1.13307,1.13309,,,,,22
2025-04-15 02:24:00,1.13301,1.13306,1.13295,1.13305,1.1331,1.13315,1.13305,1.13314,,,,,39
2025-04-15 02:25:00,1.13306,1.13312,1.13296,1.13303,1.13315,1.13322,1.13305,1.13309,,,,,41
2025-04-15 02:26:00,1.13301,1.13302,1.13259,1.13265,1.13307,1.13311,1.13269,1.13278,,,,,77
2025-04-15 02:27:00,1.13267,1.13268,1.13253,1.13259,1.13276,1.13277,1.13262,1.13268,,,,,48
2025-04-15 02:28:00,1.1326,1.13267,1.1324,1.13263,1.13269,1.13281,1.13247,1.13279,,,,,61
2025-04-15 02:29:00,1.13265,1.13273,1.13254,1.13262,1.13278,1.13282,1.13265,1.13271,,,,,32
2025-04-15 02:30:00,1.13263,1.13264,1.13252,1.13254,1.13272,1.13273,1.1326,1.13263,,,,,25
2025-04-15 02:31:00,1.13253,1.13258,1.13235,1.13247,1.13262,1.13267,1.13248,1.13263,,,,,49
2025-04-15 02:32:00,1.13249,1.13251,1.13219,1.13233,1.13264,1.13264,1.13232,1.13245,,,,,60
2025-04-15 02:33:00,1.13234,1.13243,1.13227,1.13233,1.13246,1.13258,1.1324,1.13242,,,,,32
2025-04-15 02:34:00,1.13234,1.13237,1.13208,1.13221,1.13243,1.13246,1.13224,1.13236,,,,,44
2025-04-15 02:35:00,1.13222,1.13228,1.13204,1.13204,1.13235,1.13237,1.13221,1.13224,,,,,44
2025-04-15 02:36:00,1.13206,1.13221,1.13175,1.13189,1.13225,1.1323,1.13185,1.13195,,,,,60
2025-04-15 02:37:00,1.13184,1.13192,1.13172,1.13187,1.1319,1.13204,1.13188,1.13193,,,,,57
2025-04-15 02:38:00,1.13188,1.13202,1.13179,1.13184,1.13194,1.13211,1.13185,1.1319,,,,,46
2025-04-15 02:39:00,1.13189,1.13191,1.13169,1.13182,1.13195,1.13197,1.13178,1.13188,,,,,38
2025-04-15 02:40:00,1.13183,1.13189,1.13179,1.13189,1.13189,1.13197,1.13189,1.13195,,,,,21
2025-04-15 02:41:00,1.13195,1.13221,1.13195,1.13213,1.13201,1.13227,1.13201,1.13222,,,,,59
2025-04-15 02:42:00,1.13214,1.13217,1.13204,1.13205,1.13223,1.13226,1.13213,1.13214,,,,,33
2025-04-15 02:43:00,1.13206,1.13225,1.13199,1.13224,1.13212,1.13231,1.13205,1.1323,,,,,30
2025-04-15 02:44:00,1.13221,1.13224,1.1318,1.13185,1.13227,1.1323,1.13186,1.13191,,,,,46
2025-04-15 02:45:00,1.13184,1.1321,1.13175,1.13208,1.1319,1.13216,1.13181,1.13214,,,,,49
2025-04-15 02:46:00,1.13213,1.13224,1.13207,1.13207,1.13219,1.1323,1.13213,1.13213,,,,,41
2025-04-15 02:47:00,1.13211,1.13227,1.13207,1.13227,1.13217,1.13233,1.13213,1.13233,,,,,30
2025-04-15 02:48:00,1.1323,1.1323,1.13217,1.13228,1.13236,1.13236,1.13223,1.13234,,,,,19
2025-04-15 02:49:00,1.13227,1.13247,1.13227,1.13235,1.13233,1.13253,1.13233,1.13241,,,,,38
2025-04-15 02:50:00,1.13231,1.13239,1.13212,1.13236,1.13237,1.13247,1.13218,1.13242,,,,,72
2025-04-15 02:51:00,1.1324,1.13242,1.13213,1.13218,1.13246,1.13248,1.13221,1.13224,,,,,43
2025-04-15 02:52:00,1.13221,1.13231,1.13214,1.13228,1.13227,1.13237,1.1322,1.13234,,,,,32
2025-04-15 02:53:00,1.1323,1.13242,1.13223,1.1324,1.13236,1.13248,1.13229,1.13246,,,,,59
2025-04-15 02:54:00,1.13241,1.1326,1.13241,1.13251,1.13247,1.13266,1.13247,1.13257,,,,,89
2025-04-15 02:55:00,1.13249,1.13281,1.13248,1.13281,1.13255,1.13287,1.13255,1.13287,,,,,92
2025-04-15 02:56:00,1.1328,1.13291,1.13259,1.1326,1.13286,1.13298,1.13268,1.13269,,,,,51
2025-04-15 02:57:00,1.13265,1.13275,1.13257,1.13264,1.13274,1.13284,1.13266,1.13273,,,,,62
2025-04-15 02:58:00,1.13265,1.13283,1.13248,1.1325,1.13274,1.13292,1.13262,1.13265,,,,,53
2025-04-15 02:59:00,1.13251,1.13286,1.13249,1.13284,1.13266,1.13295,1.13261,1.13293,,,,,47
2025-04-15 03:00:00,1.13285,1.13301,1.1328,1.133,1.13294,1.13307,1.13289,1.13306,,,,,61
2025-04-15 03:01:00,1.13299,1.13311,1.13294,1.13309,1.13305,1.13317,1.133,1.13315,,,,,48
2025-04-15 03:02:00,1.13307,1.13309,1.13286,1.13301,1.13313,1.13317,1.13292,1.13307,,,,,40
2025-04-15 03:03:00,1.13302,1.1331,1.13299,1.133,1.13308,1.13316,1.13305,1.13306,,,,,23
2025-04-15 03:04:00,1.13297,1.13302,1.13284,1.13298,1.13303,1.13308,1.13292,1.13304,,,,,28
2025-04-15 03:05:00,1.13297,1.13315,1.13291,1.13296,1.13303,1.13321,1.13297,1.13302,,,,,40
2025-04-15 03:06:00,1.13299,1.13311,1.13297,1.13309,1.13305,1.13319,1.13303,1.13318,,,,,38
2025-04-15 03:07:00,1.13308,1.13316,1.13305,1.13306,1.1332,1.13325,1.13311,1.13312,,,,,41
2025-04-15 03:08:00,1.13299,1.13315,1.13297,1.13312,1.13305,1.13321,1.13303,1.13318,,,,,41
2025-04-15 03:09:00,1.1331,1.13311,1.13289,1.1329,1.13316,1.13317,1.13295,1.13296,,,,,42
2025-04-15 03:10:00,1.13289,1.13327,1.13289,1.13326,1.13295,1.13333,1.13295,1.13332,,,,,48
2025-04-15 03:11:00,1.13329,1.13335,1.13311,1.13319,1.13335,1.13341,1.13317,1.13325,,,,,64
2025-04-15 03:12:00,1.13323,1.13325,1.13284,1.13285,1.13329,1.13331,1.1329,1.13291,,,,,40
2025-04-15 03:13:00,1.13288,1.13294,1.13285,1.13287,1.13294,1.133,1.13291,1.13293,,,,,24
2025-04-15 03:14:00,1.13289,1.13289,1.1328,1.13286,1.13295,1.13295,1.13286,1.13292,,,,,15
2025-04-15 03:15:00,1.13287,1.13315,1.13287,1.13312,1.13293,1.13321,1.13293,1.13318,,,,,49
2025-04-15 03:16:00,1.13311,1.13333,1.13311,1.13326,1.13317,1.13342,1.13317,1.13332,,,,,45
2025-04-15 03:17:00,1.13331,1.13334,1.13314,1.13314,1.13337,1.1334,1.1332,1.1332,,,,,36
2025-04-15 03:18:00,1.13313,1.13325,1.13306,1.13322,1.13319,1.13331,1.13312,1.13328,,,,,35
2025-04-15 03:19:00,1.13323,1.13342,1.13313,1.13339,1.13329,1.13348,1.13319,1.13345,,,,,54
2025-04-15 03:20:00,1.13338,1.13349,1.13322,1.13322,1.13344,1.13355,1.13328,1.13328,,,,,44
2025-04-15 03:21:00,1.13319,1.13333,1.13302,1.13308,1.13325,1.13339,1.13308,1.13314,,,,,41
2025-04-15 03:22:00,1.1331,1.13314,1.13294,1.13314,1.13316,1.1332,1.133,1.1332,,,,,37
2025-04-15 03:23:00,1.13311,1.13314,1.13301,1.13305,1.13317,1.1332,1.13307,1.13311,,,,,38
2025-04-15 03:24:00,1.13304,1.13317,1.13303,1.13303,1.1331,1.13323,1.13309,1.13309,,,,,23
2025-04-15 03:25:00,1.13297,1.13311,1.13294,1.13306,1.13303,1.13317,1.133,1.13312,,,,,40
2025-04-15 03:26:00,1.13305,1.13305,1.13295,1.13295,1.13311,1.13311,1.13301,1.13301,,,,,20
2025-04-15 03:27:00,1.13296,1.1331,1.13296,1.13296,1.13302,1.13316,1.13302,1.13302,,,,,21
2025-04-15 03:28:00,1.13292,1.13301,1.13286,1.13289,1.13298,1.13307,1.13295,1.13298,,,,,24
2025-04-15 03:29:00,1.13288,1.13301,1.13288,1.13291,1.13297,1.13307,1.13296,1.13297,,,,,18
2025-04-15 03:30:00,1.13289,1.13289,1.13277,1.13286,1.13295,1.13298,1.13289,1.13292,,,,,33
2025-04-15 03:31:00,1.13287,1.13287,1.13236,1.13237,1.13293,1.13293,1.13242,1.13243,,,,,50
2025-04-15 03:32:00,1.13236,1.13256,1.13232,1.13255,1.13242,1.13262,1.13238,1.13261,,,,,31
2025-04-15 03:33:00,1.13256,1.13256,1.13227,1.13234,1.13262,1.13262,1.13233,1.1324,,,,,36
2025-04-15 03:34:00,1.13231,1.13242,1.1323,1.13236,1.13237,1.13248,1.13237,1.13242,,,,,37
2025-04-15 03:35:00,1.13235,1.13244,1.13222,1.13223,1.13241,1.1325,1.13228,1.13229,,,,,33
2025-04-15 03:36:00,1.13222,1.13227,1.13209,1.13213,1.13228,1.13233,1.13215,1.13219,,,,,55
2025-04-15 03:37:00,1.13216,1.13216,1.13201,1.13208,1.13222,1.13222,1.13207,1.13214,,,,,36
2025-04-15 03:38:00,1.1321,1.1321,1.13184,1.13188,1.13216,1.13216,1.1319,1.13194,,,,,69
2025-04-15 03:39:00,1.13187,1.13187,1.13157,1.13164,1.13193,1.13193,1.13166,1.1317,,,,,71
2025-04-15 03:40:00,1.13162,1.13167,1.13156,1.13159,1.13168,1.13176,1.13162,1.13172,,,,,41
2025-04-15 03:41:00,1.13158,1.13167,1.13157,1.13159,1.13171,1.13176,1.13167,1.13171,,,,,50
2025-04-15 03:42:00,1.13162,1.13167,1.13156,1.13159,1.13172,1.13178,1.13165,1.13171,,,,,49
2025-04-15 03:43:00,1.1316,1.13164,1.13155,1.13164,1.13169,1.13173,1.13166,1.13173,,,,,26
2025-04-15 03:44:00,1.13165,1.13174,1.13161,1.13174,1.13174,1.13183,1.1317,1.13183,,,,,18
2025-04-15 03:45:00,1.13176,1.13186,1.13163,1.13165,1.13185,1.13192,1.13169,1.13171,,,,,51
2025-04-15 03:46:00,1.13164,1.13194,1.13163,1.13192,1.1317,1.132,1.13169,1.13198,,,,,37
2025-04-15 03:47:00,1.13194,1.13206,1.13192,1.13202,1.132,1.13212,1.13198,1.13208,,,,,38
2025-04-15 03:48:00,1.13203,1.13218,1.13203,1.13218,1.13209,1.13224,1.13209,1.13224,,,,,22
2025-04-15 03:49:00,1.1322,1.13224,1.13208,1.13219,1.13226,1.1323,1.13214,1.13225,,,,,30
2025-04-15 03:50:00,1.13223,1.13224,1.13217,1.1322,1.13229,1.1323,1.13223,1.13226,,,,,10
2025-04-15 03:51:00,1.13221,1.1323,1.1322,1.13225,1.13227,1.13236,1.13226,1.13231,,,,,19
2025-04-15 03:52:00,1.13223,1.13235,1.13217,1.13223,1.13229,1.13242,1.13223,1.13232,,,,,33
2025-04-15 03:53:00,1.13222,1.13232,1.13221,1.13226,1.13231,1.13241,1.1323,1.13237,,,,,25
2025-04-15 03:54:00,1.13227,1.13234,1.13219,1.13233,1.13238,1.1324,1.13228,1.13239,,,,,27
2025-04-15 03:55:00,1.13232,1.13251,1.1323,1.13249,1.13238,1.13257,1.13236,1.13255,,,,,32
2025-04-15 03:56:00,1.13251,1.13252,1.1324,1.1324,1.13257,1.13258,1.13246,1.13249,,,,,19
2025-04-15 03:57:00,1.13229,1.13236,1.13218,1.13218,1.13241,1.13245,1.13228,1.1323,,,,,20
2025-04-15 03:58:00,1.13219,1.13229,1.13216,1.13229,1.13231,1.13239,1.13226,1.13238,,,,,30
2025-04-15 03:59:00,1.13232,1.13243,1.13232,1.13241,1.13241,1.13252,1.13241,1.13247,,,,,26
2025-04-15 04:00:00,1.13238,1.13258,1.13238,1.1325,1.13249,1.13268,1.13249,1.13259,,,,,54
2025-04-15 04:01:00,1.13251,1.13265,1.1325,1.13265,1.1326,1.13274,1.1326,1.13274,,,,,33
2025-04-15 04:02:00,1.13267,1.13268,1.1325,1.13258,1.13276,1.13277,1.13262,1.1327,,,,,34
2025-04-15 04:03:00,1.13257,1.13264,1.1325,1.1325,1.13269,1.13274,1.13259,1.13259,,,,,18
2025-04-15 04:04:00,1.13251,1.13271,1.13249,1.13271,1.1326,1.13282,1.13258,1.13282,,,,,39
2025-04-15 04:05:00,1.13272,1.13309,1.13272,1.13292,1.13281,1.13321,1.13281,1.13298,,,,,41
2025-04-15 04:06:00,1.13291,1.13294,1.1328,1.13292,1.13297,1.13302,1.13286,1.13298,,,,,31
2025-04-15 04:07:00,1.13293,1.13293,1.13283,1.13288,1.13299,1.133,1.13289,1.13294,,,,,18
2025-04-15 04:08:00,1.13289,1.13294,1.13285,1.13294,1.13295,1.13302,1.13291,1.133,,,,,23
2025-04-15 04:09:00,1.13293,1.13296,1.13289,1.1329,1.13299,1.13304,1.13295,1.13296,,,,,27
2025-04-15 04:10:00,1.13291,1.13311,1.1329,1.13303,1.13297,1.13317,1.13296,1.13309,,,,,20
2025-04-15 04:11:00,1.13306,1.13315,1.13305,1.13311,1.13312,1.13321,1.13311,1.13317,,,,,38
2025-04-15 04:12:00,1.13312,1.13335,1.13311,1.13329,1.13318,1.13341,1.13317,1.13335,,,,,35
2025-04-15 04:13:00,1.1333,1.1335,1.13323,1.13345,1.13336,1.13356,1.13332,1.13351,,,,,31
2025-04-15 04:14:00,1.13344,1.13354,1.13339,1.13351,1.1335,1.1336,1.13345,1.13357,,,,,36
2025-04-15 04:15:00,1.1335,1.13354,1.13344,1.13353,1.13356,1.1336,1.1335,1.13359,,,,,22
2025-04-15 04:16:00,1.13352,1.13354,1.13344,1.13349,1.13358,1.13363,1.13358,1.13362,,,,,18
2025-04-15 04:17:00,1.13348,1.13355,1.13343,1.13347,1.1336,1.13364,1.13354,1.13356,,,,,18
2025-04-15 04:18:00,1.13353,1.13384,1.13342,1.13384,1.13362,1.1339,1.13349,1.1339,,,,,50
2025-04-15 04:19:00,1.13378,1.13378,1.13357,1.13362,1.13384,1.13384,1.13363,1.13368,,,,,36
2025-04-15 04:20:00,1.13361,1.13377,1.13355,1.13371,1.13367,1.13383,1.13361,1.13377,,,,,36
2025-04-15 04:21:00,1.1337,1.13372,1.13362,1.13368,1.13376,1.13378,1.13368,1.13374,,,,,31
2025-04-15 04:22:00,1.13366,1.13374,1.13356,1.13374,1.13372,1.13383,1.13362,1.13383,,,,,35
2025-04-15 04:23:00,1.1337,1.13387,1.1337,1.13384,1.13379,1.13396,1.13379,1.13393,,,,,22
2025-04-15 04:24:00,1.13383,1.13388,1.13376,1.13383,1.13392,1.13394,1.13384,1.13389,,,,,32
2025-04-15 04:25:00,1.13377,1.13388,1.13363,1.13388,1.13383,1.13394,1.13369,1.13394,,,,,36
2025-04-15 04:26:00,1.13387,1.13389,1.13381,1.13386,1.13393,1.13398,1.13391,1.13397,,,,,26
2025-04-15 04:27:00,1.13387,1.13392,1.13377,1.13377,1.13396,1.13401,1.13386,1.13386,,,,,20
2025-04-15 04:28:00,1.13379,1.13392,1.13379,1.13391,1.13385,1.13401,1.13385,1.134,,,,,35
2025-04-15 04:29:00,1.13392,1.13394,1.13383,1.13394,1.13401,1.13401,1.13391,1.134,,,,,19
2025-04-15 04:30:00,1.13395,1.13414,1.1338,1.1338,1.13401,1.13423,1.13386,1.13386,,,,,50
2025-04-15 04:31:00,1.13383,1.13412,1.13383,1.13411,1.13389,1.13421,1.13389,1.1342,,,,,29
2025-04-15 04:32:00,1.13412,1.13414,1.13407,1.13409,1.13421,1.13423,1.13416,1.13418,,,,,17
2025-04-15 04:33:00,1.13408,1.13413,1.13382,1.13385,1.13417,1.13422,1.13391,1.13394,,,,,42
2025-04-15 04:34:00,1.13386,1.13402,1.13381,1.13397,1.13392,1.13411,1.13387,1.13406,,,,,28
2025-04-15 04:35:00,1.13398,1.13404,1.13391,1.13404,1.13407,1.1341,1.13397,1.1341,,,,,18
2025-04-15 04:36:00,1.13403,1.13418,1.13403,1.13412,1.13409,1.13424,1.13409,1.13421,,,,,21
2025-04-15 04:37:00,1.13413,1.13422,1.13413,1.13413,1.13422,1.13432,1.13422,1.13422,,,,,31
2025-04-15 04:38:00,1.13412,1.1342,1.13396,1.13416,1.13421,1.13429,1.13402,1.13422,,,,,38
2025-04-15 04:39:00,1.13415,1.13417,1.13412,1.13416,1.13421,1.13423,1.13418,1.13422,,,,,15
2025-04-15 04:40:00,1.13414,1.13462,1.13413,1.13455,1.1342,1.13468,1.13419,1.13467,,,,,39
2025-04-15 04:41:00,1.13459,1.13471,1.13443,1.1346,1.13468,1.1348,1.13452,1.13469,,,,,67
2025-04-15 04:42:00,1.13458,1.13469,1.13444,1.13467,1.13473,1.13478,1.13458,1.13476,,,,,51
2025-04-15 04:43:00,1.1346,1.13464,1.13439,1.13441,1.13469,1.13473,1.13448,1.1345,,,,,48
2025-04-15 04:44:00,1.13439,1.13454,1.13439,1.13443,1.13448,1.13463,1.13448,1.13452,,,,,35
2025-04-15 04:45:00,1.13445,1.1347,1.13445,1.1347,1.13454,1.13476,1.13451,1.13476,,,,,48
2025-04-15 04:46:00,1.13472,1.13482,1.13462,1.13468,1.13478,1.1349,1.1347,1.13474,,,,,59
2025-04-15 04:47:00,1.13465,1.13485,1.13465,1.13481,1.13476,1.13494,1.13472,1.1349,,,,,60
2025-04-15 04:48:00,1.1348,1.13494,1.13477,1.13492,1.13489,1.13503,1.13486,1.13501,,,,,42
2025-04-15 04:49:00,1.13491,1.13492,1.13471,1.13471,1.135,1.13501,1.13477,1.13477,,,,,48
2025-04-15 04:50:00,1.13469,1.13478,1.13459,1.13477,1.13475,1.13484,1.13465,1.13483,,,,,40
2025-04-15 04:51:00,1.13473,1.13477,1.13466,1.13476,1.13486,1.13486,1.13473,1.13482,,,,,25
2025-04-15 04:52:00,1.13473,1.13488,1.13473,1.13479,1.13479,1.13494,1.13479,1.13485,,,,,25
2025-04-15 04:53:00,1.13477,1.13477,1.13469,1.13472,1.13483,1.13483,1.13475,1.13478,,,,,33
2025-04-15 04:54:00,1.13474,1.13479,1.13474,1.13478,1.1348,1.13485,1.1348,1.13484,,,,,17
2025-04-15 04:55:00,1.13479,1.1348,1.13477,1.13478,1.13485,1.13486,1.13483,1.13484,,,,,11
2025-04-15 04:56:00,1.13477,1.13497,1.13475,1.13497,1.13483,1.13503,1.13481,1.13503,,,,,34
2025-04-15 04:57:00,1.13494,1.13522,1.13487,1.13518,1.135,1.13528,1.13496,1.13524,,,,,41
2025-04-15 04:58:00,1.13517,1.13519,1.13497,1.13497,1.13523,1.13525,1.13506,1.13506,,,,,38
2025-04-15 04:59:00,1.13495,1.13496,1.1349,1.13493,1.13504,1.13505,1.13497,1.13499,,,,,36
2025-04-15 05:00:00,1.13495,1.13521,1.13491,1.13521,1.13501,1.13527,1.13497,1.13527,,,,,39
2025-04-15 05:01:00,1.13524,1.13527,1.13496,1.13505,1.1353,1.13533,1.13502,1.13511,,,,,45
2025-04-15 05:02:00,1.13504,1.13509,1.13485,1.13486,1.1351,1.13515,1.13491,1.13492,,,,,40
2025-04-15 05:03:00,1.1349,1.13491,1.13487,1.13488,1.13496,1.13497,1.13493,1.13494,,,,,16
2025-04-15 05:04:00,1.13477,1.13477,1.13462,1.13468,1.13483,1.13483,1.13468,1.13477,,,,,47
2025-04-15 05:05:00,1.13469,1.13474,1.13464,1.13473,1.13478,1.13483,1.13473,1.13482,,,,,21
2025-04-15 05:06:00,1.13474,1.13506,1.13474,1.13499,1.13483,1.13512,1.13483,1.13505,,,,,50
2025-04-15 05:07:00,1.13501,1.13503,1.13484,1.13486,1.13507,1.13509,1.1349,1.13492,,,,,34
2025-04-15 05:08:00,1.13485,1.13487,1.13476,1.13484,1.13491,1.13496,1.13482,1.1349,,,,,20
2025-04-15 05:09:00,1.13487,1.13503,1.1348,1.13502,1.13493,1.13509,1.13486,1.13508,,,,,41
2025-04-15 05:10:00,1.13497,1.13502,1.1349,1.13493,1.13503,1.13508,1.13496,1.13499,,,,,30
2025-04-15 05:11:00,1.13492,1.13496,1.13488,1.13496,1.13498,1.13502,1.13494,1.13502,,,,,16
2025-04-15 05:12:00,1.13495,1.13496,1.13481,1.13483,1.13501,1.13502,1.13487,1.13489,,,,,26
2025-04-15 05:13:00,1.1348,1.13482,1.13475,1.1348,1.13486,1.13488,1.13481,1.13486,,,,,29
2025-04-15 05:14:00,1.13479,1.13483,1.13476,1.13476,1.13485,1.13489,1.13482,1.13482,,,,,16
2025-04-15 05:15:00,1.13477,1.13479,1.1347,1.13476,1.13483,1.13485,1.13476,1.13482,,,,,18
2025-04-15 05:16:00,1.13478,1.13482,1.13475,1.13478,1.13484,1.13488,1.13481,1.13484,,,,,15
2025-04-15 05:17:00,1.13477,1.13478,1.13463,1.13463,1.13488,1.1349,1.13474,1.13474,,,,,33
2025-04-15 05:18:00,1.13464,1.13484,1.13464,1.13479,1.13475,1.1349,1.13475,1.13485,,,,,36
2025-04-15 05:19:00,1.1348,1.13484,1.13475,1.13476,1.13486,1.13492,1.13484,1.13485,,,,,34
2025-04-15 05:20:00,1.13466,1.13475,1.13449,1.1345,1.13475,1.13484,1.13458,1.13459,,,,,41
2025-04-15 05:21:00,1.13453,1.13453,1.13437,1.13442,1.13462,1.13464,1.1345,1.13454,,,,,38
2025-04-15 05:22:00,1.13439,1.13444,1.13431,1.13437,1.13451,1.13453,1.1344,1.13446,,,,,45
2025-04-15 05:23:00,1.13436,1.13445,1.13431,1.13444,1.13445,1.13454,1.1344,1.13453,,,,,20
2025-04-15 05:24:00,1.13443,1.13454,1.13438,1.13454,1.13452,1.13462,1.13447,1.1346,,,,,13
2025-04-15 05:25:00,1.13453,1.13464,1.13447,1.1346,1.13459,1.13475,1.13459,1.13469,,,,,19
2025-04-15 05:26:00,1.13461,1.13465,1.13458,1.13461,1.1347,1.13474,1.13467,1.1347,,,,,10
2025-04-15 05:27:00,1.1346,1.13461,1.13457,1.13457,1.13469,1.1347,1.13466,1.13466,,,,,8
2025-04-15 05:28:00,1.13455,1.13483,1.13455,1.13482,1.13464,1.13489,1.13464,1.13488,,,,,34
2025-04-15 05:29:00,1.13483,1.13495,1.13483,1.1349,1.13489,1.13502,1.13489,1.13499,,,,,20
2025-04-15 05:30:00,1.13491,1.1351,1.13491,1.13503,1.135,1.13516,1.135,1.13509,,,,,28
2025-04-15 05:31:00,1.13501,1.1352,1.135,1.13515,1.13507,1.13526,1.13506,1.13521,,,,,32
2025-04-15 05:32:00,1.13519,1.13524,1.13511,1.13515,1.13525,1.13533,1.13517,1.13521,,,,,30
2025-04-15 05:33:00,1.13516,1.13523,1.13511,1.13512,1.13522,1.13529,1.13517,1.13518,,,,,25
2025-04-15 05:34:00,1.13513,1.13513,1.13511,1.13511,1.13519,1.13519,1.13517,1.13517,,,,,7
2025-04-15 05:35:00,1.1351,1.13518,1.13507,1.13508,1.13516,1.13527,1.13514,1.13517,,,,,22
2025-04-15 05:36:00,1.13506,1.13511,1.13494,1.13498,1.13515,1.1352,1.13503,1.13507,,,,,13
2025-04-15 05:37:00,1.13497,1.13509,1.13497,1.13503,1.13506,1.13518,1.13506,1.13512,,,,,12
2025-04-15 05:38:00,1.13505,1.13507,1.13486,1.13494,1.13514,1.13516,1.13495,1.13503,,,,,35
2025-04-15 05:39:00,1.13491,1.13503,1.1349,1.13501,1.135,1.13509,1.13499,1.13507,,,,,24
2025-04-15 05:40:00,1.135,1.13509,1.13496,1.13506,1.13506,1.13515,1.13502,1.13512,,,,,21
2025-04-15 05:41:00,1.135,1.13514,1.135,1.13513,1.13506,1.1352,1.13506,1.13519,,,,,26
2025-04-15 05:42:00,1.13511,1.13514,1.13508,1.13513,1.13517,1.13522,1.13517,1.13519,,,,,19
2025-04-15 05:43:00,1.13512,1.13522,1.13511,1.1352,1.13518,1.13531,1.13517,1.13526,,,,,14
2025-04-15 05:44:00,1.13519,1.13521,1.13513,1.13513,1.13525,1.13529,1.13519,1.13519,,,,,10
2025-04-15 05:45:00,1.13511,1.13522,1.1351,1.1352,1.13517,1.1353,1.13516,1.13529,,,,,18
2025-04-15 05:46:00,1.13518,1.13518,1.13512,1.13514,1.13527,1.13527,1.13521,1.13523,,,,,18
2025-04-15 05:47:00,1.13513,1.1352,1.13508,1.13515,1.13522,1.13529,1.13517,1.13524,,,,,24
2025-04-15 05:48:00,1.13513,1.13517,1.1351,1.13516,1.13525,1.13526,1.13519,1.13525,,,,,11
2025-04-15 05:49:00,1.13517,1.1352,1.13512,1.13516,1.13526,1.13529,1.13521,1.13525,,,,,12
2025-04-15 05:50:00,1.13515,1.13515,1.13503,1.13507,1.13524,1.13524,1.13512,1.13516,,,,,24
2025-04-15 05:51:00,1.13505,1.13505,1.1349,1.13491,1.13514,1.13514,1.13499,1.135,,,,,12
2025-04-15 05:52:00,1.13492,1.13497,1.13491,1.13496,1.13501,1.13506,1.135,1.13505,,,,,5
2025-04-15 05:53:00,1.13497,1.13502,1.13496,1.13502,1.13506,1.13511,1.13505,1.13511,,,,,5
2025-04-15 05:54:00,1.13503,1.13504,1.13489,1.13489,1.13512,1.13513,1.13498,1.13498,,,,,14
2025-04-15 05:55:00,1.13485,1.13486,1.13475,1.13475,1.13494,1.13495,1.13484,1.13484,,,,,17
2025-04-15 05:56:00,1.13476,1.13476,1.13474,1.13474,1.13485,1.13485,1.13483,1.13483,,,,,5
2025-04-15 05:57:00,1.13475,1.13485,1.13475,1.13476,1.13484,1.13491,1.13482,1.13482,,,,,22
2025-04-15 05:58:00,1.13479,1.13485,1.13471,1.13472,1.13485,1.13491,1.13477,1.13478,,,,,24
2025-04-15 05:59:00,1.13471,1.13477,1.13471,1.13474,1.13477,1.13483,1.13477,1.1348,,,,,21
2025-04-15 06:00:00,1.13469,1.13479,1.13469,1.13478,1.13478,1.13485,1.13478,1.13484,,,,,14
2025-04-15 06:01:00,1.13477,1.13477,1.13469,1.1347,1.13486,1.13486,1.13478,1.13479,,,,,16
2025-04-15 06:02:00,1.13471,1.13471,1.13456,1.13457,1.1348,1.1348,1.13465,1.13466,,,,,16
2025-04-15 06:03:00,1.13456,1.13462,1.13451,1.13461,1.13465,1.13471,1.1346,1.1347,,,,,9
2025-04-15 06:04:00,1.13458,1.13458,1.13447,1.1345,1.13467,1.13467,1.13453,1.13456,,,,,17
2025-04-15 06:05:00,1.13449,1.13459,1.13449,1.13456,1.13455,1.13465,1.13455,1.13462,,,,,18
2025-04-15 06:06:00,1.13457,1.13462,1.13457,1.13461,1.13463,1.13468,1.13463,1.13467,,,,,12
2025-04-15 06:07:00,1.13462,1.13464,1.13451,1.13451,1.13468,1.1347,1.13457,1.13457,,,,,12
2025-04-15 06:08:00,1.13455,1.13476,1.13453,1.13469,1.13461,1.13482,1.13459,1.13475,,,,,19
2025-04-15 06:09:00,1.1347,1.1347,1.13464,1.13465,1.13476,1.13476,1.1347,1.13471,,,,,13
2025-04-15 06:10:00,1.13467,1.13467,1.13465,1.13465,1.13473,1.13473,1.13471,1.13471,,,,,6
2025-04-15 06:11:00,1.13464,1.13482,1.13464,1.13477,1.1347,1.13488,1.1347,1.13483,,,,,16
2025-04-15 06:12:00,1.13478,1.13489,1.1347,1.13489,1.13484,1.13495,1.13476,1.13495,,,,,25
2025-04-15 06:13:00,1.13483,1.1349,1.13478,1.13483,1.13489,1.13496,1.13484,1.13489,,,,,19
2025-04-15 06:14:00,1.13482,1.13482,1.13468,1.13468,1.13488,1.13488,1.13477,1.13477,,,,,15
2025-04-15 06:15:00,1.13471,1.13471,1.13458,1.13462,1.1348,1.1348,1.13467,1.13471,,,,,16
2025-04-15 06:16:00,1.13466,1.13466,1.13459,1.13462,1.13475,1.13475,1.13466,1.13471,,,,,25
2025-04-15 06:17:00,1.13463,1.13465,1.13446,1.1345,1.13472,1.13474,1.13455,1.13456,,,,,13
2025-04-15 06:18:00,1.13446,1.13458,1.13446,1.13456,1.13455,1.13464,1.13455,1.13462,,,,,17
2025-04-15 06:19:00,1.13457,1.13461,1.13457,1.13461,1.13463,1.13467,1.13463,1.13467,,,,,6
2025-04-15 06:20:00,1.1347,1.13476,1.1347,1.13475,1.13479,1.13485,1.13479,1.13484,,,,,9
2025-04-15 06:21:00,1.13474,1.13488,1.13471,1.13486,1.13483,1.13497,1.13477,1.13495,,,,,22
2025-04-15 06:22:00,1.13488,1.13495,1.13483,1.13484,1.13497,1.13504,1.13492,1.13493,,,,,24
2025-04-15 06:23:00,1.13485,1.13515,1.13485,1.13515,1.13494,1.13524,1.13494,1.13524,,,,,26
2025-04-15 06:24:00,1.13514,1.13541,1.13514,1.13532,1.13523,1.13547,1.13523,1.13538,,,,,49
2025-04-15 06:25:00,1.13536,1.13545,1.13528,1.13545,1.13542,1.13551,1.13534,1.13551,,,,,52
2025-04-15 06:26:00,1.13543,1.13556,1.13534,1.13556,1.13549,1.13562,1.1354,1.13562,,,,,57
2025-04-15 06:27:00,1.13558,1.13565,1.1354,1.13542,1.13564,1.13571,1.13546,1.13548,,,,,37
2025-04-15 06:28:00,1.1354,1.13553,1.13533,1.13542,1.13546,1.13559,1.13539,1.13548,,,,,27
2025-04-15 06:29:00,1.13541,1.13554,1.1353,1.13535,1.13547,1.1356,1.13536,1.13541,,,,,38
2025-04-15 06:30:00,1.13536,1.13551,1.13536,1.13542,1.13542,1.13557,1.13542,1.13551,,,,,23
2025-04-15 06:31:00,1.13539,1.13543,1.1353,1.13531,1.13548,1.13556,1.13544,1.13545,,,,,57
2025-04-15 06:32:00,1.13532,1.13532,1.13507,1.13509,1.13544,1.13544,1.13522,1.13522,,,,,53
2025-04-15 06:33:00,1.1351,1.13524,1.13508,1.13522,1.13523,1.13533,1.13517,1.13531,,,,,50
2025-04-15 06:34:00,1.13524,1.13562,1.13523,1.1356,1.13533,1.13568,1.13532,1.13566,,,,,43
2025-04-15 06:35:00,1.13562,1.13577,1.13559,1.13568,1.13568,1.13583,1.13567,1.13574,,,,,50
2025-04-15 06:36:00,1.1357,1.13573,1.13562,1.13571,1.13576,1.13579,1.13568,1.13577,,,,,23
2025-04-15 06:37:00,1.1357,1.13573,1.13549,1.1355,1.13576,1.1358,1.13555,1.13556,,,,,58
2025-04-15 06:38:00,1.13551,1.13558,1.13551,1.13554,1.13557,1.13564,1.13557,1.1356,,,,,32
2025-04-15 06:39:00,1.13553,1.13553,1.13529,1.13538,1.13559,1.13561,1.13535,1.13547,,,,,49
2025-04-15 06:40:00,1.13537,1.13558,1.13537,1.13549,1.13546,1.13564,1.13545,1.13558,,,,,41
2025-04-15 06:41:00,1.1355,1.13561,1.13545,1.13558,1.13559,1.13567,1.13554,1.13564,,,,,20
2025-04-15 06:42:00,1.1356,1.13576,1.13557,1.13568,1.13566,1.13582,1.13563,1.13577,,,,,37
2025-04-15 06:43:00,1.13567,1.13609,1.13564,1.13585,1.13576,1.13615,1.13573,1.13591,,,,,50
2025-04-15 06:44:00,1.13587,1.13591,1.13581,1.13587,1.13593,1.13597,1.13587,1.13593,,,,,34
2025-04-15 06:45:00,1.13586,1.13588,1.13574,1.13586,1.13592,1.13594,1.1358,1.13592,,,,,32
2025-04-15 06:46:00,1.13592,1.13604,1.13583,1.13594,1.13598,1.13612,1.13589,1.136,,,,,42
2025-04-15 06:47:00,1.13597,1.13602,1.13592,1.13601,1.13603,1.13608,1.13598,1.13607,,,,,27
2025-04-15 06:48:00,1.13602,1.13616,1.13596,1.13599,1.13608,1.13622,1.13602,1.13605,,,,,66
2025-04-15 06:49:00,1.13597,1.13609,1.13597,1.13601,1.13606,1.13618,1.13606,1.1361,,,,,68
2025-04-15 06:50:00,1.136,1.1363,1.136,1.13622,1.13611,1.13636,1.13609,1.13628,,,,,67
2025-04-15 06:51:00,1.13623,1.13627,1.13614,1.13617,1.13629,1.13635,1.1362,1.13623,,,,,49
2025-04-15 06:52:00,1.13615,1.13615,1.13588,1.13595,1.13621,1.13621,1.13596,1.13604,,,,,49
2025-04-15 06:53:00,1.13592,1.13599,1.13591,1.13595,1.13607,1.1361,1.136,1.13604,,,,,29
2025-04-15 06:54:00,1.13594,1.13595,1.13581,1.13585,1.13603,1.13604,1.1359,1.13594,,,,,22
2025-04-15 06:55:00,1.13584,1.13586,1.13576,1.13581,1.13593,1.13595,1.13582,1.13587,,,,,19
2025-04-15 06:56:00,1.13582,1.13584,1.13566,1.13569,1.13588,1.1359,1.13572,1.13575,,,,,34
2025-04-15 06:57:00,1.13568,1.13569,1.1356,1.13561,1.13577,1.13577,1.13566,1.1357,,,,,15
2025-04-15 06:58:00,1.13563,1.13569,1.1355,1.13565,1.13572,1.13575,1.13558,1.13571,,,,,35
2025-04-15 06:59:00,1.13566,1.13574,1.13559,1.13564,1.13572,1.1358,1.13568,1.13573,,,,,30
2025-04-15 07:00:00,1.13565,1.1358,1.13556,1.13558,1.13574,1.13586,1.13562,1.13564,,,,,42
2025-04-15 07:01:00,1.13563,1.13563,1.13536,1.13542,1.13569,1.13569,1.13542,1.13548,,,,,42
2025-04-15 07:02:00,1.13544,1.13563,1.13542,1.13562,1.1355,1.13569,1.13548,1.13568,,,,,38
2025-04-15 07:03:00,1.13563,1.13576,1.1356,1.13575,1.13569,1.13582,1.13566,1.13581,,,,,23
2025-04-15 07:04:00,1.13576,1.13585,1.13576,1.13581,1.13582,1.13591,1.13582,1.13587,,,,,21
2025-04-15 07:05:00,1.13585,1.13585,1.13576,1.13577,1.13591,1.13591,1.13582,1.13583,,,,,18
2025-04-15 07:06:00,1.13576,1.13576,1.13562,1.13565,1.13582,1.13582,1.13568,1.13571,,,,,25
2025-04-15 07:07:00,1.13568,1.13588,1.13567,1.13587,1.13574,1.13594,1.13573,1.13593,,,,,31
2025-04-15 07:08:00,1.13588,1.13588,1.13569,1.13583,1.13594,1.13594,1.13575,1.13589,,,,,26
2025-04-15 07:09:00,1.13581,1.13582,1.13556,1.13559,1.13587,1.13588,1.13562,1.13565,,,,,38
2025-04-15 07:10:00,1.1356,1.1359,1.13551,1.13583,1.13566,1.13596,1.1356,1.13589,,,,,40
2025-04-15 07:11:00,1.13585,1.1361,1.13584,1.13587,1.13591,1.13616,1.1359,1.13593,,,,,58
2025-04-15 07:12:00,1.13586,1.13593,1.13582,1.1359,1.13592,1.13599,1.13588,1.13596,,,,,41
2025-04-15 07:13:00,1.13592,1.13593,1.1359,1.13591,1.13598,1.13599,1.13596,1.13597,,,,,10
2025-04-15 07:14:00,1.13592,1.13594,1.13587,1.13591,1.13598,1.136,1.13593,1.13597,,,,,24
2025-04-15 07:15:00,1.13592,1.13631,1.13587,1.1362,1.13598,1.13637,1.13593,1.13626,,,,,51
2025-04-15 07:16:00,1.13614,1.13615,1.1359,1.1359,1.1362,1.13621,1.13596,1.13596,,,,,27
2025-04-15 07:17:00,1.13591,1.13597,1.13587,1.13595,1.13597,1.13603,1.13593,1.13601,,,,,20
2025-04-15 07:18:00,1.13594,1.1363,1.13594,1.13627,1.136,1.13643,1.136,1.1364,,,,,40
2025-04-15 07:19:00,1.13625,1.13645,1.13618,1.1364,1.13639,1.13654,1.13632,1.13649,,,,,78
2025-04-15 07:20:00,1.13639,1.13643,1.13619,1.13621,1.13648,1.13652,1.13628,1.1363,,,,,52
2025-04-15 07:21:00,1.1362,1.13631,1.13618,1.13631,1.13631,1.13639,1.13629,1.13637,,,,,44
2025-04-15 07:22:00,1.13632,1.13656,1.13632,1.13654,1.13638,1.1367,1.13638,1.13665,,,,,59
2025-04-15 07:23:00,1.13653,1.13677,1.1365,1.13668,1.13664,1.13683,1.13656,1.13677,,,,,44
2025-04-15 07:24:00,1.13666,1.13668,1.13658,1.13662,1.13675,1.13677,1.13664,1.13668,,,,,48
2025-04-15 07:25:00,1.13663,1.13674,1.13659,1.13671,1.13669,1.1368,1.13665,1.13677,,,,,27
2025-04-15 07:26:00,1.13673,1.13673,1.13621,1.13624,1.13679,1.13679,1.13632,1.13633,,,,,58
2025-04-15 07:27:00,1.13622,1.13629,1.13597,1.13597,1.13631,1.13642,1.1361,1.1361,,,,,47
2025-04-15 07:28:00,1.13596,1.13598,1.13584,1.13595,1.13608,1.13611,1.13594,1.1361,,,,,50
2025-04-15 07:29:00,1.13594,1.13594,1.13569,1.13569,1.13608,1.13608,1.13578,1.13578,,,,,39
2025-04-15 07:30:00,1.13568,1.13569,1.13558,1.13563,1.13579,1.13582,1.13571,1.13572,,,,,32
2025-04-15 07:31:00,1.13561,1.13565,1.13546,1.13553,1.1357,1.13574,1.1356,1.13562,,,,,28
2025-04-15 07:32:00,1.13556,1.13586,1.13553,1.1358,1.13565,1.13595,1.13562,1.13589,,,,,30
2025-04-15 07:33:00,1.13578,1.1358,1.13565,1.13565,1.13591,1.13593,1.13571,1.13571,,,,,40
2025-04-15 07:34:00,1.13566,1.13572,1.13558,1.13559,1.13572,1.13579,1.13564,1.13565,,,,,34
2025-04-15 07:35:00,1.13562,1.13574,1.13559,1.13564,1.13568,1.13582,1.13565,1.13573,,,,,33
2025-04-15 07:36:00,1.13566,1.13566,1.13546,1.13559,1.13572,1.13572,1.13556,1.13568,,,,,29
2025-04-15 07:37:00,1.13557,1.13569,1.13548,1.13569,1.13566,1.13575,1.13554,1.13575,,,,,33
2025-04-15 07:38:00,1.13568,1.13575,1.1355,1.13552,1.13574,1.13581,1.13556,1.13558,,,,,34
2025-04-15 07:39:00,1.13551,1.13566,1.1355,1.13566,1.13557,1.13572,1.13556,1.13572,,,,,19
2025-04-15 07:40:00,1.13561,1.13569,1.13544,1.13567,1.13567,1.13575,1.1355,1.13573,,,,,34
2025-04-15 07:41:00,1.13565,1.1357,1.1356,1.1356,1.13571,1.13576,1.13566,1.13566,,,,,23
2025-04-15 07:42:00,1.13561,1.13562,1.13543,1.13543,1.13567,1.13568,1.13549,1.13549,,,,,22
2025-04-15 07:43:00,1.13538,1.13563,1.13531,1.13561,1.13544,1.13569,1.13542,1.13567,,,,,31
2025-04-15 07:44:00,1.1356,1.13565,1.13545,1.13546,1.13566,1.13571,1.13551,1.13552,,,,,29
2025-04-15 07:45:00,1.13545,1.13556,1.1354,1.13552,1.13551,1.13562,1.13546,1.13558,,,,,31
2025-04-15 07:46:00,1.13553,1.13553,1.13533,1.13546,1.13559,1.13562,1.13539,1.13552,,,,,38
2025-04-15 07:47:00,1.13545,1.13554,1.13541,1.13543,1.13551,1.13562,1.13547,1.13549,,,,,18
2025-04-15 07:48:00,1.13546,1.13561,1.13546,1.13552,1.13552,1.13567,1.13552,1.13558,,,,,21
2025-04-15 07:49:00,1.13556,1.13558,1.13544,1.13548,1.13565,1.13565,1.1355,1.13554,,,,,35
2025-04-15 07:50:00,1.13547,1.13564,1.13546,1.13561,1.13553,1.1357,1.13552,1.13567,,,,,33
2025-04-15 07:51:00,1.13563,1.13574,1.13558,1.1356,1.13569,1.1358,1.13564,1.13566,,,,,26
2025-04-15 07:52:00,1.13563,1.13564,1.13539,1.1354,1.13569,1.1357,1.13545,1.13546,,,,,32
2025-04-15 07:53:00,1.13536,1.13539,1.13522,1.13529,1.13545,1.13545,1.13528,1.13535,,,,,29
2025-04-15 07:54:00,1.13531,1.1355,1.1353,1.13546,1.13537,1.13556,1.13536,1.13552,,,,,34
2025-04-15 07:55:00,1.13547,1.13561,1.13547,1.13557,1.13553,1.13567,1.13553,1.13563,,,,,34
2025-04-15 07:56:00,1.13556,1.13556,1.13528,1.13533,1.13562,1.13562,1.13534,1.13542,,,,,34
2025-04-15 07:57:00,1.1353,1.1353,1.13504,1.13507,1.13539,1.13539,1.13515,1.13516,,,,,45
2025-04-15 07:58:00,1.13504,1.13506,1.13489,1.13506,1.13513,1.13515,1.13502,1.13515,,,,,41
2025-04-15 07:59:00,1.13505,1.13505,1.13486,1.13503,1.13514,1.13514,1.13497,1.13512,,,,,62
2025-04-15 08:00:00,1.13508,1.13519,1.13475,1.13519,1.13517,1.13525,1.13484,1.13525,,,,,87
2025-04-15 08:01:00,1.1352,1.13533,1.13495,1.13496,1.13526,1.13539,1.13504,1.13505,,,,,80
2025-04-15 08:02:00,1.13495,1.13497,1.13476,1.13486,1.13504,1.13504,1.13487,1.13495,,,,,56
2025-04-15 08:03:00,1.13484,1.13488,1.13451,1.13451,1.13493,1.13494,1.13462,1.13462,,,,,107
2025-04-15 08:04:00,1.13453,1.13474,1.13436,1.13468,1.13459,1.13483,1.13452,1.13477,,,,,81
2025-04-15 08:05:00,1.13469,1.13523,1.13469,1.13521,1.13478,1.13532,1.13478,1.1353,,,,,72
2025-04-15 08:06:00,1.13523,1.13538,1.13511,1.13536,1.13532,1.13547,1.1352,1.13542,,,,,76
2025-04-15 08:07:00,1.13534,1.13556,1.13531,1.1355,1.1354,1.13562,1.13537,1.13556,,,,,48
2025-04-15 08:08:00,1.13547,1.13575,1.13545,1.13568,1.13553,1.13584,1.13551,1.13574,,,,,79
2025-04-15 08:09:00,1.13566,1.13629,1.13566,1.1361,1.13572,1.1364,1.13572,1.13616,,,,,105
2025-04-15 08:10:00,1.13609,1.13641,1.136,1.13629,1.13615,1.1365,1.13609,1.13641,,,,,74
2025-04-15 08:11:00,1.1363,1.13638,1.13604,1.13629,1.1364,1.13644,1.1361,1.13638,,,,,68
2025-04-15 08:12:00,1.13635,1.13635,1.13593,1.13595,1.13644,1.13644,1.13599,1.13601,,,,,53
2025-04-15 08:13:00,1.13594,1.13595,1.13549,1.13559,1.136,1.13601,1.13558,1.13568,,,,,69
2025-04-15 08:14:00,1.13554,1.13554,1.13532,1.13539,1.13573,1.13573,1.13541,1.13545,,,,,77
2025-04-15 08:15:00,1.13532,1.13548,1.13521,1.13544,1.13538,1.13557,1.13527,1.13553,,,,,91
2025-04-15 08:16:00,1.13546,1.13546,1.13505,1.13506,1.13555,1.13555,1.13514,1.13515,,,,,45
2025-04-15 08:17:00,1.13501,1.13505,1.13486,1.13493,1.1351,1.13514,1.13492,1.13499,,,,,57
2025-04-15 08:18:00,1.13494,1.13496,1.13478,1.13487,1.135,1.13505,1.13484,1.13493,,,,,39
2025-04-15 08:19:00,1.13486,1.13511,1.13483,1.13493,1.13492,1.13519,1.13489,1.13499,,,,,45
2025-04-15 08:20:00,1.13491,1.13492,1.13476,1.13476,1.13497,1.135,1.13485,1.13485,,,,,54
2025-04-15 08:21:00,1.13475,1.13475,1.13449,1.13449,1.13484,1.13484,1.1346,1.1346,,,,,63
2025-04-15 08:22:00,1.1345,1.13481,1.1345,1.13465,1.13461,1.13487,1.13459,1.13471,,,,,55
2025-04-15 08:23:00,1.13467,1.13476,1.13459,1.13476,1.13473,1.13483,1.13465,1.13482,,,,,54
2025-04-15 08:24:00,1.13474,1.13499,1.13448,1.13456,1.1348,1.13505,1.13457,1.13465,,,,,77
2025-04-15 08:25:00,1.13454,1.13507,1.13452,1.1348,1.13463,1.13516,1.13461,1.13486,,,,,72
2025-04-15 08:26:00,1.13479,1.1348,1.13416,1.13422,1.13485,1.13486,1.13426,1.13431,,,,,99
2025-04-15 08:27:00,1.1341,1.13451,1.13396,1.13432,1.13419,1.13459,1.13405,1.13441,,,,,87
2025-04-15 08:28:00,1.13433,1.13435,1.13411,1.13417,1.13442,1.13445,1.13421,1.13426,,,,,97
2025-04-15 08:29:00,1.13418,1.13443,1.13417,1.13431,1.13427,1.13452,1.13426,1.1344,,,,,68
2025-04-15 08:30:00,1.13433,1.1346,1.13432,1.13452,1.13442,1.13466,1.13441,1.13458,,,,,78
2025-04-15 08:31:00,1.13451,1.13469,1.1344,1.13448,1.13457,1.13475,1.13446,1.13454,,,,,78
2025-04-15 08:32:00,1.13447,1.13484,1.13447,1.13479,1.13453,1.13493,1.13453,1.13488,,,,,82
2025-04-15 08:33:00,1.1348,1.13499,1.13473,1.13473,1.13489,1.13508,1.13482,1.13482,,,,,55
2025-04-15 08:34:00,1.13468,1.13506,1.13465,1.13506,1.13477,1.13515,1.13476,1.13515,,,,,63
2025-04-15 08:35:00,1.13507,1.13507,1.13438,1.13449,1.13516,1.13519,1.13444,1.13458,,,,,90
2025-04-15 08:36:00,1.1345,1.13478,1.1345,1.13473,1.13459,1.13484,1.13459,1.13479,,,,,68
2025-04-15 08:37:00,1.13474,1.13486,1.13458,1.13477,1.1348,1.13492,1.13468,1.13483,,,,,49
2025-04-15 08:38:00,1.13478,1.13479,1.13438,1.13439,1.13484,1.13487,1.13444,1.13445,,,,,54
2025-04-15 08:39:00,1.13438,1.13444,1.13417,1.13418,1.13444,1.13452,1.1343,1.13431,,,,,62
2025-04-15 08:40:00,1.13419,1.13419,1.13364,1.1337,1.13428,1.1343,1.13376,1.13387,,,,,109
2025-04-15 08:41:00,1.13367,1.13367,1.13275,1.13283,1.13384,1.13385,1.13289,1.13294,,,,,144
2025-04-15 08:42:00,1.13284,1.13347,1.13276,1.13346,1.13295,1.13356,1.13287,1.13352,,,,,87
2025-04-15 08:43:00,1.13345,1.13361,1.13335,1.13347,1.13351,1.13367,1.13341,1.13359,,,,,74
2025-04-15 08:44:00,1.13346,1.13387,1.13342,1.13374,1.13358,1.13397,1.13348,1.13395,,,,,94
2025-04-15 08:45:00,1.13356,1.13398,1.13344,1.13388,1.1338,1.13407,1.13361,1.13397,,,,,69
2025-04-15 08:46:00,1.13389,1.13399,1.13371,1.13381,1.13398,1.13405,1.1338,1.13387,,,,,55
2025-04-15 08:47:00,1.13382,1.13422,1.13379,1.13401,1.13388,1.13431,1.13387,1.13407,,,,,68
2025-04-15 08:48:00,1.134,1.13402,1.13372,1.13372,1.13406,1.13408,1.13378,1.13378,,,,,73
2025-04-15 08:49:00,1.13374,1.13383,1.13368,1.13382,1.1338,1.13392,1.13377,1.13388,,,,,52
2025-04-15 08:50:00,1.13383,1.13418,1.13373,1.13412,1.13389,1.13424,1.13379,1.13421,,,,,69
2025-04-15 08:51:00,1.13411,1.13429,1.13396,1.13423,1.1342,1.13451,1.13402,1.13448,,,,,76
2025-04-15 08:52:00,1.13426,1.13437,1.13408,1.13436,1.13449,1.13455,1.13431,1.13448,,,,,70
2025-04-15 08:53:00,1.13437,1.13439,1.13412,1.13412,1.13445,1.13446,1.13418,1.13418,,,,,55
2025-04-15 08:54:00,1.13411,1.13429,1.13408,1.13414,1.13417,1.13435,1.13417,1.13423,,,,,73
2025-04-15 08:55:00,1.13413,1.13423,1.13318,1.13352,1.13422,1.13429,1.13327,1.13358,,,,,174
2025-04-15 08:56:00,1.13354,1.13354,1.13301,1.13307,1.1336,1.13361,1.13314,1.13316,,,,,122
2025-04-15 08:57:00,1.13306,1.13325,1.13297,1.133,1.13315,1.13334,1.13303,1.13306,,,,,128
2025-04-15 08:58:00,1.13299,1.13319,1.13285,1.13294,1.13305,1.13328,1.13293,1.13303,,,,,141
2025-04-15 08:59:00,1.13299,1.13357,1.1329,1.13318,1.13308,1.13366,1.13301,1.13329,,,,,201
2025-04-15 09:00:00,1.13321,1.13336,1.13289,1.13291,1.13332,1.13343,1.13295,1.13297,,,,,213
2025-04-15 09:01:00,1.1329,1.13315,1.13278,1.13293,1.13296,1.13323,1.13284,1.13299,,,,,145
2025-04-15 09:02:00,1.13294,1.13315,1.13273,1.13284,1.133,1.13321,1.13279,1.1329,,,,,98
2025-04-15 09:03:00,1.13285,1.13295,1.13204,1.13245,1.13291,1.13301,1.1321,1.13254,,,,,154
2025-04-15 09:04:00,1.13241,1.13251,1.13217,1.13239,1.13253,1.1326,1.13226,1.13245,,,,,133
2025-04-15 09:05:00,1.1324,1.13289,1.13239,1.1328,1.13246,1.13298,1.13245,1.13286,,,,,122
2025-04-15 09:06:00,1.13284,1.1332,1.13283,1.13307,1.1329,1.13326,1.13289,1.13316,,,,,92
2025-04-15 09:07:00,1.13309,1.13339,1.13296,1.13327,1.13318,1.13345,1.13305,1.13336,,,,,103
2025-04-15 09:08:00,1.13329,1.13337,1.13289,1.13299,1.13338,1.13344,1.13298,1.13305,,,,,101
2025-04-15 09:09:00,1.13295,1.1334,1.13292,1.13338,1.13301,1.13346,1.13298,1.13344,,,,,53
2025-04-15 09:10:00,1.1334,1.13399,1.13331,1.13387,1.13346,1.13408,1.13337,1.13393,,,,,124
2025-04-15 09:11:00,1.13386,1.13397,1.13373,1.13375,1.13392,1.13406,1.13381,1.13384,,,,,100
2025-04-15 09:12:00,1.13377,1.13409,1.13359,1.13379,1.13386,1.13415,1.13368,1.13385,,,,,112
2025-04-15 09:13:00,1.1338,1.13398,1.13369,1.13375,1.13386,1.13404,1.13375,1.13381,,,,,91
2025-04-15 09:14:00,1.13373,1.13428,1.1337,1.13422,1.13379,1.13434,1.13376,1.13428,,,,,88
2025-04-15 09:15:00,1.13421,1.13437,1.13418,1.13426,1.13427,1.13445,1.13424,1.13432,,,,,64
2025-04-15 09:16:00,1.13427,1.13446,1.13412,1.13445,1.13433,1.13455,1.13418,1.13454,,,,,79
2025-04-15 09:17:00,1.1344,1.13446,1.13416,1.13426,1.13449,1.13453,1.13422,1.13432,,,,,68
2025-04-15 09:18:00,1.13418,1.13425,1.13399,1.13409,1.13427,1.13434,1.13408,1.13418,,,,,95
2025-04-15 09:19:00,1.1341,1.13473,1.1341,1.13465,1.13419,1.13479,1.13419,1.13474,,,,,78
2025-04-15 09:20:00,1.13464,1.13464,1.13371,1.13381,1.13473,1.13473,1.13382,1.13387,,,,,98
2025-04-15 09:21:00,1.13399,1.13424,1.13391,1.13395,1.13405,1.13433,1.134,1.13404,,,,,54
2025-04-15 09:22:00,1.13398,1.13431,1.13396,1.1343,1.13407,1.13437,1.13403,1.13436,,,,,42
2025-04-15 09:23:00,1.13428,1.13436,1.13401,1.13415,1.13434,1.13442,1.13407,1.13424,,,,,58
2025-04-15 09:24:00,1.13411,1.13468,1.13402,1.1346,1.1342,1.13478,1.13408,1.13466,,,,,87
2025-04-15 09:25:00,1.13459,1.1348,1.13446,1.13461,1.13465,1.13486,1.13454,1.13467,,,,,72
2025-04-15 09:26:00,1.13462,1.13462,1.13391,1.13395,1.13468,1.13468,1.13401,1.13404,,,,,86
2025-04-15 09:27:00,1.13399,1.134,1.13367,1.13373,1.13405,1.13409,1.13377,1.13382,,,,,78
2025-04-15 09:28:00,1.13364,1.13372,1.13334,1.1335,1.13373,1.13378,1.13343,1.13359,,,,,78
2025-04-15 09:29:00,1.13351,1.13351,1.13313,1.13331,1.1336,1.1336,1.13322,1.1334,,,,,73
2025-04-15 09:30:00,1.1333,1.1333,1.133,1.13304,1.13339,1.13339,1.13309,1.13313,,,,,85
2025-04-15 09:31:00,1.13305,1.13307,1.13291,1.13305,1.13314,1.13316,1.13302,1.13311,,,,,74
2025-04-15 09:32:00,1.13304,1.13324,1.13277,1.13312,1.1331,1.1333,1.13286,1.13321,,,,,96
2025-04-15 09:33:00,1.13313,1.13338,1.13313,1.13326,1.13322,1.13344,1.13322,1.13335,,,,,54
2025-04-15 09:34:00,1.13327,1.13356,1.13326,1.13328,1.13332,1.13365,1.13332,1.13337,,,,,82
2025-04-15 09:35:00,1.13317,1.13346,1.13306,1.13313,1.1333,1.13352,1.13312,1.13319,,,,,81
2025-04-15 09:36:00,1.13311,1.1333,1.13309,1.13314,1.13317,1.13338,1.13315,1.1332,,,,,86
2025-04-15 09:37:00,1.13315,1.13341,1.13315,1.1333,1.13321,1.13347,1.13321,1.13339,,,,,63
2025-04-15 09:38:00,1.13336,1.13396,1.13335,1.13386,1.13345,1.13402,1.13342,1.13392,,,,,89
2025-04-15 09:39:00,1.13385,1.13397,1.13382,1.13386,1.13391,1.13403,1.13388,1.13392,,,,,59
2025-04-15 09:40:00,1.13381,1.13433,1.13377,1.13433,1.13387,1.13442,1.13383,1.13442,,,,,89
2025-04-15 09:41:00,1.13431,1.13484,1.1343,1.13479,1.1344,1.13492,1.13439,1.13485,,,,,64
2025-04-15 09:42:00,1.13478,1.1348,1.13434,1.13457,1.13484,1.13486,1.1344,1.13466,,,,,60
2025-04-15 09:43:00,1.13458,1.1349,1.13453,1.13471,1.13467,1.13498,1.13462,1.13477,,,,,64
2025-04-15 09:44:00,1.13473,1.13486,1.13457,1.13484,1.13479,1.13494,1.13463,1.13493,,,,,46
2025-04-15 09:45:00,1.13477,1.13484,1.13445,1.13449,1.13486,1.13494,1.13454,1.13458,,,,,77
2025-04-15 09:46:00,1.13445,1.13471,1.13417,1.13466,1.13462,1.1348,1.13425,1.13475,,,,,103
2025-04-15 09:47:00,1.13468,1.13482,1.13463,1.13465,1.13477,1.13491,1.1347,1.13471,,,,,67
2025-04-15 09:48:00,1.13467,1.13473,1.13439,1.13439,1.13473,1.13479,1.13445,1.13445,,,,,62
2025-04-15 09:49:00,1.13437,1.13472,1.13434,1.1346,1.13443,1.13478,1.1344,1.13466,,,,,63
2025-04-15 09:50:00,1.13461,1.13486,1.13455,1.13474,1.13467,1.13492,1.13461,1.13483,,,,,71
2025-04-15 09:51:00,1.13477,1.13501,1.13461,1.13481,1.13486,1.13507,1.13467,1.13487,,,,,61
2025-04-15 09:52:00,1.13482,1.13516,1.13482,1.13516,1.13488,1.13522,1.13488,1.13522,,,,,56
2025-04-15 09:53:00,1.13517,1.13571,1.135,1.13559,1.13523,1.1358,1.13506,1.13568,,,,,106
2025-04-15 09:54:00,1.13556,1.13566,1.1354,1.13556,1.13562,1.13577,1.13546,1.13562,,,,,78
2025-04-15 09:55:00,1.13557,1.13561,1.1354,1.13548,1.13563,1.1357,1.13549,1.1356,,,,,96
2025-04-15 09:56:00,1.1355,1.13561,1.13512,1.13518,1.13559,1.13567,1.13521,1.13524,,,,,52
2025-04-15 09:57:00,1.13519,1.13582,1.13509,1.13582,1.13525,1.13593,1.13515,1.13593,,,,,89
2025-04-15 09:58:00,1.13584,1.13597,1.13546,1.13556,1.1359,1.13607,1.13552,1.13562,,,,,74
2025-04-15 09:59:00,1.13553,1.1357,1.13539,1.1357,1.13565,1.13576,1.13545,1.13576,,,,,53
2025-04-15 10:00:00,1.13569,1.13628,1.13557,1.13612,1.13575,1.13634,1.13566,1.13618,,,,,184
2025-04-15 10:01:00,1.13608,1.13679,1.13608,1.1366,1.13614,1.13689,1.13614,1.13666,,,,,152
2025-04-15 10:02:00,1.13662,1.1368,1.13649,1.1365,1.13671,1.13689,1.13656,1.13656,,,,,154
2025-04-15 10:03:00,1.13651,1.13661,1.1363,1.13651,1.13657,1.13667,1.13636,1.13657,,,,,106
2025-04-15 10:04:00,1.13652,1.13773,1.1365,1.13769,1.13658,1.13782,1.13656,1.13775,,,,,185
2025-04-15 10:05:00,1.13764,1.13786,1.13707,1.1371,1.13773,1.13799,1.13718,1.13719,,,,,165
2025-04-15 10:06:00,1.13704,1.13738,1.13702,1.13726,1.13713,1.13744,1.1371,1.13732,,,,,104
2025-04-15 10:07:00,1.13725,1.13737,1.13688,1.137,1.13731,1.13743,1.13695,1.13706,,,,,92
2025-04-15 10:08:00,1.13704,1.13706,1.13648,1.13657,1.1371,1.13712,1.13657,1.13666,,,,,84
2025-04-15 10:09:00,1.13656,1.13658,1.1364,1.13641,1.13665,1.13674,1.13655,1.13657,,,,,98
2025-04-15 10:10:00,1.13638,1.1366,1.13635,1.13648,1.13651,1.13671,1.1365,1.13663,,,,,92
2025-04-15 10:11:00,1.13653,1.13698,1.13639,1.13698,1.13664,1.13704,1.13647,1.13704,,,,,74
2025-04-15 10:12:00,1.13701,1.13717,1.13673,1.1369,1.13707,1.13723,1.13682,1.13696,,,,,93
2025-04-15 10:13:00,1.13689,1.1369,1.136,1.13604,1.13695,1.13696,1.13612,1.13613,,,,,116
2025-04-15 10:14:00,1.13609,1.13609,1.1355,1.13565,1.13618,1.1362,1.13563,1.13584,,,,,139
2025-04-15 10:15:00,1.13568,1.13571,1.13548,1.13561,1.13585,1.13587,1.13557,1.13574,,,,,129
2025-04-15 10:16:00,1.13562,1.13594,1.13544,1.13593,1.13572,1.136,1.13557,1.13599,,,,,79
2025-04-15 10:17:00,1.13592,1.1361,1.13579,1.13594,1.13598,1.13616,1.13585,1.136,,,,,84
2025-04-15 10:18:00,1.13596,1.13632,1.13588,1.13596,1.13602,1.13641,1.13594,1.13602,,,,,83
2025-04-15 10:19:00,1.13597,1.13656,1.13597,1.1365,1.13603,1.13665,1.13603,1.13656,,,,,92
2025-04-15 10:20:00,1.13648,1.13657,1.13627,1.13629,1.13654,1.13663,1.13633,1.13635,,,,,67
2025-04-15 10:21:00,1.13622,1.13643,1.13607,1.1363,1.13631,1.13652,1.13613,1.13636,,,,,57
2025-04-15 10:22:00,1.13629,1.1363,1.13576,1.13576,1.13635,1.1364,1.13585,1.13585,,,,,87
2025-04-15 10:23:00,1.13578,1.13601,1.13567,1.13578,1.13587,1.13607,1.13576,1.13587,,,,,84
2025-04-15 10:24:00,1.13579,1.13612,1.13573,1.136,1.13588,1.13621,1.1358,1.13609,,,,,91
2025-04-15 10:25:00,1.13598,1.13602,1.13583,1.13594,1.13607,1.13611,1.13592,1.13603,,,,,79
2025-04-15 10:26:00,1.13598,1.13631,1.13598,1.13609,1.13607,1.1364,1.13607,1.13621,,,,,106
2025-04-15 10:27:00,1.1361,1.13615,1.13551,1.13552,1.13619,1.13624,1.13564,1.13565,,,,,124
2025-04-15 10:28:00,1.13551,1.13554,1.13516,1.13542,1.13564,1.13564,1.13522,1.13548,,,,,132
2025-04-15 10:29:00,1.13536,1.13559,1.13526,1.13551,1.13542,1.13565,1.13532,1.13557,,,,,104
2025-04-15 10:30:00,1.13552,1.1356,1.13529,1.13538,1.13558,1.13566,1.13536,1.13551,,,,,97
2025-04-15 10:31:00,1.13539,1.13564,1.13536,1.13554,1.1355,1.13576,1.13545,1.13563,,,,,78
2025-04-15 10:32:00,1.13553,1.13591,1.13548,1.13567,1.13562,1.13597,1.13557,1.13576,,,,,103
2025-04-15 10:33:00,1.13566,1.13596,1.13556,1.13595,1.13575,1.13605,1.13564,1.13604,,,,,104
2025-04-15 10:34:00,1.13594,1.13605,1.1358,1.13595,1.13603,1.13614,1.13586,1.13601,,,,,88
2025-04-15 10:35:00,1.13594,1.13594,1.13541,1.13548,1.136,1.136,1.13552,1.13557,,,,,112
2025-04-15 10:36:00,1.13547,1.13551,1.13535,1.13544,1.13556,1.1356,1.13542,1.13556,,,,,96
2025-04-15 10:37:00,1.13546,1.13549,1.1353,1.13545,1.13559,1.1356,1.13539,1.13554,,,,,79
2025-04-15 10:38:00,1.13547,1.13549,1.13527,1.13544,1.13556,1.13558,1.13536,1.13553,,,,,61
2025-04-15 10:39:00,1.13536,1.13577,1.13526,1.13563,1.13545,1.13586,1.13535,1.13572,,,,,62
2025-04-15 10:40:00,1.13562,1.13567,1.13528,1.1353,1.13571,1.13576,1.13536,1.13536,,,,,64
2025-04-15 10:41:00,1.13529,1.13533,1.13461,1.13485,1.13535,1.13539,1.1347,1.13491,,,,,99
2025-04-15 10:42:00,1.13484,1.135,1.13457,1.13464,1.13493,1.13506,1.13468,1.13473,,,,,78
2025-04-15 10:43:00,1.13465,1.13531,1.13462,1.13531,1.13474,1.1354,1.13474,1.1354,,,,,84
2025-04-15 10:44:00,1.13528,1.13528,1.13481,1.13483,1.13543,1.13543,1.13487,1.13492,,,,,80
2025-04-15 10:45:00,1.13479,1.13494,1.13452,1.13452,1.13488,1.13504,1.13469,1.13469,,,,,72
2025-04-15 10:46:00,1.13454,1.13501,1.13446,1.13485,1.1347,1.1351,1.1346,1.13491,,,,,81
2025-04-15 10:47:00,1.13489,1.13494,1.13473,1.13494,1.13495,1.13503,1.13482,1.13503,,,,,56
2025-04-15 10:48:00,1.13488,1.13492,1.13474,1.1349,1.13497,1.13504,1.13483,1.13504,,,,,44
2025-04-15 10:49:00,1.13491,1.13502,1.13481,1.13487,1.13505,1.13516,1.13493,1.13496,,,,,83
2025-04-15 10:50:00,1.13486,1.13509,1.13483,1.13494,1.13495,1.13522,1.13495,1.13503,,,,,63
2025-04-15 10:51:00,1.13495,1.13506,1.13479,1.13494,1.13504,1.13515,1.13488,1.13503,,,,,46
2025-04-15 10:52:00,1.13484,1.13484,1.13433,1.13447,1.13493,1.13494,1.13442,1.13459,,,,,65
2025-04-15 10:53:00,1.13453,1.1349,1.13452,1.13461,1.13467,1.13501,1.13466,1.13474,,,,,72
2025-04-15 10:54:00,1.13462,1.13484,1.13461,1.13474,1.13473,1.13495,1.13472,1.13483,,,,,50
2025-04-15 10:55:00,1.13478,1.135,1.13469,1.13474,1.13487,1.1351,1.13482,1.13483,,,,,72
2025-04-15 10:56:00,1.13475,1.1348,1.13452,1.1347,1.13484,1.13487,1.13461,1.13482,,,,,66
2025-04-15 10:57:00,1.13469,1.135,1.13458,1.13494,1.13475,1.13506,1.13467,1.13503,,,,,53
2025-04-15 10:58:00,1.13495,1.1351,1.13452,1.13459,1.13504,1.13518,1.13462,1.13468,,,,,83
2025-04-15 10:59:00,1.13452,1.13465,1.13449,1.13459,1.13461,1.1348,1.13461,1.13479,,,,,74
2025-04-15 11:00:00,1.13457,1.13461,1.13428,1.13447,1.13476,1.13476,1.13445,1.13453,,,,,88
2025-04-15 11:01:00,1.13445,1.13483,1.13444,1.13483,1.13451,1.13492,1.13451,1.13492,,,,,64
2025-04-15 11:02:00,1.13486,1.13488,1.13446,1.13476,1.13495,1.13497,1.13455,1.13485,,,,,64
2025-04-15 11:03:00,1.13475,1.1348,1.13451,1.13474,1.13484,1.13489,1.1346,1.13483,,,,,74
2025-04-15 11:04:00,1.13475,1.13519,1.13475,1.13505,1.13484,1.13528,1.13484,1.13514,,,,,57
2025-04-15 11:05:00,1.13506,1.13534,1.13501,1.13529,1.13515,1.13541,1.1351,1.13538,,,,,61
2025-04-15 11:06:00,1.1353,1.13558,1.13516,1.13516,1.13539,1.13564,1.13525,1.13525,,,,,69
2025-04-15 11:07:00,1.13515,1.13537,1.13513,1.13514,1.13524,1.13546,1.13522,1.13523,,,,,53
2025-04-15 11:08:00,1.13513,1.13524,1.13483,1.13498,1.13522,1.13532,1.13492,1.13504,,,,,71
2025-04-15 11:09:00,1.13499,1.13499,1.13443,1.13467,1.13505,1.13505,1.13452,1.13476,,,,,78
2025-04-15 11:10:00,1.13471,1.13471,1.13426,1.13437,1.1348,1.1348,1.13436,1.13448,,,,,75
2025-04-15 11:11:00,1.13438,1.13439,1.13353,1.13357,1.13449,1.13449,1.13362,1.13366,,,,,119
2025-04-15 11:12:00,1.13355,1.13369,1.13329,1.13369,1.13364,1.13378,1.13339,1.13378,,,,,140
2025-04-15 11:13:00,1.1337,1.13403,1.13368,1.13403,1.13379,1.13412,1.13374,1.13412,,,,,73
2025-04-15 11:14:00,1.13402,1.1344,1.13396,1.1344,1.13411,1.13449,1.13405,1.13449,,,,,52
2025-04-15 11:15:00,1.13439,1.13439,1.13404,1.13425,1.13448,1.13448,1.1341,1.13431,,,,,75
2025-04-15 11:16:00,1.13426,1.13426,1.13396,1.13401,1.13432,1.13432,1.13402,1.13407,,,,,67
2025-04-15 11:17:00,1.13407,1.13428,1.13403,1.13427,1.13413,1.13435,1.13412,1.13433,,,,,44
2025-04-15 11:18:00,1.13429,1.13446,1.13414,1.13434,1.13435,1.13455,1.1342,1.13443,,,,,72
2025-04-15 11:19:00,1.13438,1.13441,1.13414,1.13429,1.13447,1.13448,1.13423,1.13438,,,,,51
2025-04-15 11:20:00,1.13428,1.13432,1.13398,1.13401,1.13437,1.13441,1.13407,1.1341,,,,,30
2025-04-15 11:21:00,1.13402,1.13408,1.1338,1.13399,1.13411,1.13414,1.13389,1.13405,,,,,58
2025-04-15 11:22:00,1.134,1.13421,1.13394,1.13395,1.13406,1.13432,1.134,1.13401,,,,,44
2025-04-15 11:23:00,1.13384,1.13391,1.1336,1.13375,1.13393,1.13405,1.13371,1.13381,,,,,76
2025-04-15 11:24:00,1.13372,1.13403,1.13372,1.1338,1.13378,1.13409,1.13378,1.13386,,,,,53
2025-04-15 11:25:00,1.13378,1.134,1.13368,1.13399,1.13384,1.13409,1.13377,1.13408,,,,,56
2025-04-15 11:26:00,1.134,1.1343,1.134,1.13426,1.13409,1.13436,1.13409,1.13432,,,,,42
2025-04-15 11:27:00,1.1343,1.1343,1.13387,1.13402,1.13436,1.13437,1.13393,1.13408,,,,,48
2025-04-15 11:28:00,1.134,1.13454,1.134,1.13453,1.13406,1.13463,1.13406,1.13462,,,,,61
2025-04-15 11:29:00,1.13455,1.13483,1.13455,1.1348,1.13464,1.13492,1.13464,1.13489,,,,,50
2025-04-15 11:30:00,1.13479,1.1351,1.13479,1.135,1.13495,1.13516,1.13493,1.13506,,,,,75
2025-04-15 11:31:00,1.13499,1.13512,1.13485,1.13505,1.13505,1.13519,1.13494,1.13511,,,,,59
2025-04-15 11:32:00,1.13504,1.13517,1.13482,1.13509,1.13513,1.13523,1.13491,1.13515,,,,,67
2025-04-15 11:33:00,1.1351,1.13511,1.13452,1.13458,1.13516,1.13519,1.13458,1.13464,,,,,69
2025-04-15 11:34:00,1.1346,1.13462,1.13447,1.13451,1.13466,1.13468,1.13453,1.13457,,,,,47
2025-04-15 11:35:00,1.1345,1.13466,1.13435,1.13435,1.13456,1.13472,1.13444,1.13444,,,,,70
2025-04-15 11:36:00,1.13436,1.13445,1.1342,1.13421,1.13445,1.13452,1.13431,1.13436,,,,,54
2025-04-15 11:37:00,1.13422,1.13474,1.13422,1.13466,1.13435,1.1348,1.13434,1.13472,,,,,71
2025-04-15 11:38:00,1.13467,1.13471,1.13453,1.13466,1.13473,1.13483,1.1347,1.13482,,,,,39
2025-04-15 11:39:00,1.13467,1.13489,1.13467,1.13488,1.13481,1.13502,1.13477,1.13499,,,,,67
2025-04-15 11:40:00,1.13484,1.13484,1.13469,1.13482,1.13495,1.13495,1.13478,1.13488,,,,,51
2025-04-15 11:41:00,1.13483,1.13508,1.13472,1.13477,1.13489,1.13517,1.13478,1.13483,,,,,82
2025-04-15 11:42:00,1.13478,1.13483,1.13459,1.13471,1.13484,1.13489,1.13465,1.13477,,,,,51
2025-04-15 11:43:00,1.1347,1.13486,1.13464,1.13464,1.13476,1.13492,1.13473,1.13473,,,,,43
2025-04-15 11:44:00,1.13463,1.13469,1.13447,1.13455,1.13475,1.1348,1.13456,1.13461,,,,,59
2025-04-15 11:45:00,1.13454,1.13476,1.13436,1.13442,1.1346,1.13483,1.13447,1.13448,,,,,51
2025-04-15 11:46:00,1.13441,1.13455,1.13429,1.13436,1.13447,1.13461,1.13435,1.13442,,,,,33
2025-04-15 11:47:00,1.1343,1.13434,1.13378,1.13382,1.13436,1.1344,1.13387,1.13391,,,,,51
2025-04-15 11:48:00,1.13383,1.13387,1.13361,1.13363,1.13392,1.13393,1.13367,1.13369,,,,,62
2025-04-15 11:49:00,1.13364,1.13386,1.13348,1.13384,1.1337,1.13395,1.13354,1.13393,,,,,84
2025-04-15 11:50:00,1.13381,1.13422,1.13378,1.13419,1.1339,1.13431,1.13387,1.13428,,,,,55
2025-04-15 11:51:00,1.13418,1.13447,1.13409,1.13447,1.13427,1.13456,1.13418,1.13456,,,,,62
2025-04-15 11:52:00,1.13446,1.13456,1.13438,1.13439,1.13455,1.13468,1.13447,1.13448,,,,,54
2025-04-15 11:53:00,1.13437,1.13446,1.13424,1.1344,1.13446,1.13452,1.13433,1.13446,,,,,52
2025-04-15 11:54:00,1.13438,1.13453,1.13435,1.1345,1.13444,1.13459,1.13441,1.13456,,,,,44
2025-04-15 11:55:00,1.13451,1.13459,1.13409,1.13419,1.13457,1.13465,1.13415,1.13425,,,,,56
2025-04-15 11:56:00,1.13417,1.13417,1.13384,1.13393,1.13423,1.13423,1.13393,1.13402,,,,,76
2025-04-15 11:57:00,1.13394,1.13423,1.13385,1.13423,1.13403,1.13429,1.13391,1.13429,,,,,70
2025-04-15 11:58:00,1.13421,1.13435,1.13399,1.13404,1.13427,1.13441,1.13408,1.13413,,,,,84
2025-04-15 11:59:00,1.13405,1.1343,1.13384,1.13384,1.13414,1.13436,1.13393,1.13393,,,,,64
2025-04-15 12:00:00,1.13383,1.13383,1.13339,1.13371,1.13392,1.13392,1.13348,1.1338,,,,,69
2025-04-15 12:01:00,1.1337,1.13376,1.13355,1.1337,1.13379,1.13382,1.13364,1.13376,,,,,46
2025-04-15 12:02:00,1.13371,1.1339,1.13371,1.1339,1.13377,1.13396,1.13377,1.13396,,,,,27
2025-04-15 12:03:00,1.13391,1.13397,1.13369,1.13374,1.13397,1.13403,1.13378,1.13383,,,,,36
2025-04-15 12:04:00,1.13373,1.13397,1.13373,1.13375,1.13382,1.13403,1.13382,1.13384,,,,,26
2025-04-15 12:05:00,1.13376,1.13387,1.13355,1.13372,1.13385,1.13393,1.13361,1.13378,,,,,65
2025-04-15 12:06:00,1.13374,1.13389,1.13374,1.13386,1.1338,1.13397,1.1338,1.13395,,,,,33
2025-04-15 12:07:00,1.13385,1.13429,1.13384,1.13425,1.13394,1.13436,1.13391,1.13431,,,,,49
2025-04-15 12:08:00,1.13424,1.13424,1.13381,1.13386,1.1343,1.13432,1.13387,1.13392,,,,,51
2025-04-15 12:09:00,1.13388,1.13418,1.13384,1.13418,1.13394,1.13427,1.1339,1.13427,,,,,56
2025-04-15 12:10:00,1.13419,1.1343,1.13418,1.13429,1.13428,1.13439,1.13425,1.13438,,,,,51
2025-04-15 12:11:00,1.1343,1.13443,1.13429,1.13439,1.13439,1.13449,1.13435,1.13448,,,,,50
2025-04-15 12:12:00,1.13441,1.13448,1.1343,1.1343,1.13447,1.13456,1.13439,1.13439,,,,,31
2025-04-15 12:13:00,1.13436,1.13436,1.13411,1.13429,1.13442,1.13442,1.13417,1.13438,,,,,44
2025-04-15 12:14:00,1.13428,1.13428,1.13412,1.1342,1.13437,1.13437,1.13418,1.13426,,,,,30
2025-04-15 12:15:00,1.13421,1.13438,1.13416,1.13437,1.13427,1.13447,1.13422,1.13443,,,,,28
2025-04-15 12:16:00,1.13438,1.13441,1.13434,1.13436,1.13444,1.13447,1.1344,1.13442,,,,,32
2025-04-15 12:17:00,1.13441,1.13441,1.13429,1.1343,1.13447,1.13447,1.13438,1.13439,,,,,22
2025-04-15 12:18:00,1.13435,1.13447,1.13414,1.13443,1.13441,1.13455,1.1342,1.13449,,,,,45
2025-04-15 12:19:00,1.13445,1.13445,1.13395,1.13426,1.13451,1.13451,1.13401,1.13432,,,,,50
2025-04-15 12:20:00,1.13424,1.13442,1.13406,1.13437,1.1343,1.13451,1.13412,1.13446,,,,,77
2025-04-15 12:21:00,1.13438,1.13446,1.13437,1.13443,1.13447,1.13455,1.13446,1.13452,,,,,34
2025-04-15 12:22:00,1.13442,1.13445,1.13403,1.13425,1.13451,1.13452,1.13411,1.13434,,,,,53
2025-04-15 12:23:00,1.13426,1.13442,1.13403,1.1341,1.13435,1.13451,1.13409,1.13419,,,,,49
2025-04-15 12:24:00,1.13409,1.13413,1.1337,1.13387,1.13418,1.13422,1.13381,1.13396,,,,,80
2025-04-15 12:25:00,1.13386,1.13386,1.13365,1.13365,1.13395,1.13395,1.13371,1.13371,,,,,72
2025-04-15 12:26:00,1.1335,1.13372,1.13334,1.13356,1.13359,1.13385,1.13343,1.13365,,,,,86
2025-04-15 12:27:00,1.13352,1.13404,1.13352,1.13403,1.13369,1.13413,1.13367,1.13412,,,,,84
2025-04-15 12:28:00,1.13404,1.13421,1.13398,1.13421,1.13413,1.1343,1.13407,1.1343,,,,,42
2025-04-15 12:29:00,1.13424,1.1345,1.13423,1.1345,1.13433,1.13459,1.13432,1.13459,,,,,47
2025-04-15 12:30:00,1.13452,1.1349,1.13449,1.13487,1.13461,1.13499,1.13458,1.13496,,,,,54
2025-04-15 12:31:00,1.13488,1.13488,1.13418,1.13422,1.13497,1.13497,1.13429,1.13431,,,,,73
2025-04-15 12:32:00,1.1342,1.13426,1.13405,1.13408,1.13435,1.13435,1.13413,1.13414,,,,,36
2025-04-15 12:33:00,1.13412,1.13446,1.13409,1.13436,1.13418,1.13455,1.13416,1.13442,,,,,67
2025-04-15 12:34:00,1.1343,1.1343,1.13411,1.13414,1.13436,1.13436,1.13417,1.1342,,,,,52
2025-04-15 12:35:00,1.13415,1.13431,1.13394,1.13401,1.13421,1.13437,1.13403,1.1341,,,,,74
2025-04-15 12:36:00,1.13402,1.13417,1.13386,1.13402,1.13411,1.13423,1.13395,1.13408,,,,,74
2025-04-15 12:37:00,1.13401,1.13402,1.13379,1.13382,1.13407,1.13411,1.13388,1.13391,,,,,51
2025-04-15 12:38:00,1.13381,1.13388,1.13335,1.13341,1.1339,1.13397,1.13344,1.13347,,,,,63
2025-04-15 12:39:00,1.13342,1.1336,1.13318,1.13318,1.13348,1.13366,1.13326,1.1333,,,,,73
2025-04-15 12:40:00,1.13328,1.1337,1.13327,1.13345,1.13337,1.13379,1.13336,1.13354,,,,,53
2025-04-15 12:41:00,1.13346,1.13384,1.13341,1.13372,1.13355,1.13393,1.1335,1.13378,,,,,65
2025-04-15 12:42:00,1.1337,1.13381,1.13351,1.1338,1.13376,1.1339,1.13357,1.13389,,,,,51
2025-04-15 12:43:00,1.13373,1.13385,1.13354,1.13374,1.13382,1.13394,1.13366,1.13383,,,,,55
2025-04-15 12:44:00,1.13373,1.13375,1.13345,1.13347,1.13382,1.13384,1.13351,1.13353,,,,,46
2025-04-15 12:45:00,1.13348,1.13355,1.13332,1.13354,1.13354,1.13364,1.13342,1.13363,,,,,43
2025-04-15 12:46:00,1.13353,1.13391,1.13353,1.13373,1.13362,1.134,1.13362,1.13379,,,,,33
2025-04-15 12:47:00,1.13369,1.13409,1.13367,1.13404,1.13375,1.13421,1.13373,1.13413,,,,,66
2025-04-15 12:48:00,1.13405,1.13421,1.13396,1.13412,1.13414,1.13428,1.13405,1.13428,,,,,42
2025-04-15 12:49:00,1.1341,1.13411,1.13384,1.13396,1.13427,1.13428,1.13393,1.13402,,,,,47
2025-04-15 12:50:00,1.13393,1.13421,1.13379,1.13392,1.13399,1.13428,1.13385,1.13398,,,,,76
2025-04-15 12:51:00,1.13391,1.13406,1.13381,1.13384,1.13397,1.13415,1.1339,1.13393,,,,,55
2025-04-15 12:52:00,1.13386,1.1342,1.13381,1.13412,1.13395,1.13426,1.13387,1.13418,,,,,55
2025-04-15 12:53:00,1.13417,1.13439,1.13417,1.13431,1.13423,1.13445,1.13423,1.13437,,,,,37
2025-04-15 12:54:00,1.13434,1.13438,1.13426,1.1343,1.1344,1.13444,1.13432,1.13439,,,,,40
2025-04-15 12:55:00,1.13428,1.13437,1.13422,1.13429,1.13437,1.13446,1.13431,1.13438,,,,,29
2025-04-15 12:56:00,1.13432,1.13434,1.13419,1.13431,1.13441,1.13441,1.13425,1.13437,,,,,48
2025-04-15 12:57:00,1.1343,1.13431,1.13421,1.13427,1.13436,1.13437,1.1343,1.13433,,,,,43
2025-04-15 12:58:00,1.13426,1.13427,1.13397,1.13416,1.13432,1.13433,1.13412,1.13422,,,,,56
2025-04-15 12:59:00,1.13419,1.13442,1.13417,1.13441,1.13425,1.13451,1.13423,1.1345,,,,,36
2025-04-15 13:00:00,1.13436,1.13441,1.1341,1.13422,1.13445,1.13447,1.13419,1.13428,,,,,52
2025-04-15 13:01:00,1.13419,1.13432,1.13415,1.13415,1.13429,1.13441,1.13421,1.13424,,,,,34
2025-04-15 13:02:00,1.13413,1.13426,1.13399,1.13416,1.13422,1.13432,1.13408,1.13425,,,,,38
2025-04-15 13:03:00,1.13415,1.13416,1.13377,1.13396,1.13424,1.13425,1.13386,1.13402,,,,,78
2025-04-15 13:04:00,1.13393,1.13396,1.13382,1.13385,1.13399,1.13402,1.13388,1.13391,,,,,45
2025-04-15 13:05:00,1.13382,1.13386,1.13329,1.13331,1.13388,1.13392,1.13337,1.13337,,,,,49
2025-04-15 13:06:00,1.13332,1.13363,1.13331,1.1334,1.13338,1.13369,1.13337,1.13349,,,,,47
2025-04-15 13:07:00,1.13343,1.13357,1.1334,1.1335,1.13352,1.13363,1.13346,1.13356,,,,,37
2025-04-15 13:08:00,1.13352,1.13353,1.13332,1.13335,1.13358,1.13359,1.13338,1.13341,,,,,32
2025-04-15 13:09:00,1.13334,1.1335,1.13334,1.1335,1.1334,1.13357,1.1334,1.13356,,,,,55
2025-04-15 13:10:00,1.13349,1.13362,1.13328,1.13342,1.13355,1.13368,1.13334,1.13348,,,,,52
2025-04-15 13:11:00,1.13343,1.13352,1.13322,1.13326,1.13349,1.13358,1.1333,1.13335,,,,,44
2025-04-15 13:12:00,1.13325,1.13341,1.13292,1.13337,1.13334,1.13347,1.13301,1.13343,,,,,63
2025-04-15 13:13:00,1.13336,1.13371,1.13336,1.13355,1.13342,1.13378,1.13342,1.13361,,,,,43
2025-04-15 13:14:00,1.13357,1.13365,1.13353,1.13362,1.13366,1.13374,1.13359,1.13368,,,,,36
2025-04-15 13:15:00,1.13363,1.13372,1.1335,1.1335,1.13369,1.1338,1.13356,1.13356,,,,,33
2025-04-15 13:16:00,1.13352,1.13372,1.13351,1.13359,1.13358,1.13378,1.13357,1.13365,,,,,37
2025-04-15 13:17:00,1.13364,1.13371,1.13341,1.1336,1.1337,1.13377,1.13348,1.13366,,,,,53
2025-04-15 13:18:00,1.13364,1.13374,1.13332,1.13337,1.1337,1.1338,1.13339,1.13343,,,,,43
2025-04-15 13:19:00,1.13338,1.13362,1.13336,1.13352,1.13344,1.13369,1.13342,1.13358,,,,,46
2025-04-15 13:20:00,1.13351,1.13351,1.13302,1.13316,1.13357,1.13357,1.13309,1.13322,,,,,69
2025-04-15 13:21:00,1.13317,1.13317,1.13277,1.13283,1.13323,1.13323,1.13284,1.13289,,,,,59
2025-04-15 13:22:00,1.13287,1.13294,1.13275,1.13278,1.13293,1.133,1.13281,1.13287,,,,,59
2025-04-15 13:23:00,1.13277,1.13277,1.13231,1.13246,1.13291,1.13291,1.13246,1.13266,,,,,77
2025-04-15 13:24:00,1.13242,1.13288,1.13214,1.13276,1.13261,1.13298,1.1323,1.13285,,,,,110
2025-04-15 13:25:00,1.13277,1.13299,1.13264,1.13267,1.13286,1.13305,1.13273,1.13273,,,,,83
2025-04-15 13:26:00,1.13268,1.13281,1.13241,1.13247,1.13274,1.1329,1.1325,1.13261,,,,,93
2025-04-15 13:27:00,1.13246,1.13257,1.13228,1.13249,1.1326,1.13266,1.13237,1.13262,,,,,69
2025-04-15 13:28:00,1.13254,1.13257,1.13208,1.13217,1.13267,1.13269,1.13219,1.13226,,,,,95
2025-04-15 13:29:00,1.13216,1.13237,1.13215,1.13226,1.13225,1.13243,1.13222,1.13232,,,,,51
2025-04-15 13:30:00,1.13225,1.13227,1.13165,1.13179,1.13231,1.13233,1.13184,1.13188,,,,,73
2025-04-15 13:31:00,1.13176,1.13194,1.1317,1.1319,1.13185,1.13202,1.1318,1.13199,,,,,73
2025-04-15 13:32:00,1.13189,1.13194,1.13158,1.13177,1.132,1.132,1.13169,1.13183,,,,,71
2025-04-15 13:33:00,1.13178,1.13191,1.13159,1.13186,1.13184,1.13197,1.13166,1.13192,,,,,91
2025-04-15 13:34:00,1.13185,1.13236,1.13185,1.13223,1.13191,1.13242,1.13191,1.13229,,,,,78
2025-04-15 13:35:00,1.13224,1.1324,1.1322,1.13231,1.1323,1.13246,1.13226,1.13237,,,,,56
2025-04-15 13:36:00,1.13229,1.13246,1.13194,1.13197,1.13235,1.13252,1.13202,1.13203,,,,,67
2025-04-15 13:37:00,1.13195,1.13219,1.13189,1.13204,1.13201,1.13225,1.13195,1.1321,,,,,54
2025-04-15 13:38:00,1.13205,1.13207,1.13159,1.13161,1.13211,1.13213,1.13168,1.1317,,,,,84
2025-04-15 13:39:00,1.13164,1.13188,1.13164,1.13165,1.13173,1.13194,1.13171,1.13171,,,,,66
2025-04-15 13:40:00,1.13166,1.13175,1.1314,1.13153,1.13172,1.13181,1.13149,1.13162,,,,,93
2025-04-15 13:41:00,1.13152,1.13185,1.13136,1.13172,1.13161,1.13194,1.13145,1.13178,,,,,98
2025-04-15 13:42:00,1.1317,1.13186,1.13154,1.13159,1.13179,1.13192,1.13163,1.13168,,,,,82
2025-04-15 13:43:00,1.13157,1.13182,1.13143,1.13171,1.13166,1.13188,1.13154,1.13177,,,,,80
2025-04-15 13:44:00,1.1317,1.13216,1.1317,1.13209,1.13176,1.13222,1.13176,1.13215,,,,,61
2025-04-15 13:45:00,1.1321,1.13213,1.13174,1.13197,1.13216,1.13219,1.13181,1.13203,,,,,68
2025-04-15 13:46:00,1.13199,1.13206,1.13188,1.13191,1.13205,1.13212,1.13194,1.13197,,,,,68
2025-04-15 13:47:00,1.1319,1.1322,1.1319,1.13213,1.13196,1.13231,1.13196,1.13226,,,,,54
2025-04-15 13:48:00,1.13215,1.13222,1.13206,1.13219,1.13225,1.13236,1.13218,1.13228,,,,,66
2025-04-15 13:49:00,1.13217,1.13225,1.13179,1.13191,1.13226,1.13234,1.13185,1.13197,,,,,75
2025-04-15 13:50:00,1.1319,1.13199,1.13169,1.13182,1.13196,1.13205,1.13178,1.13191,,,,,68
2025-04-15 13:51:00,1.13189,1.13224,1.13181,1.13192,1.13198,1.1323,1.13187,1.13198,,,,,103
2025-04-15 13:52:00,1.13194,1.13201,1.13173,1.13184,1.132,1.13208,1.13179,1.1319,,,,,90
2025-04-15 13:53:00,1.13183,1.13184,1.13168,1.13175,1.13189,1.13191,1.13175,1.13181,,,,,80
2025-04-15 13:54:00,1.13173,1.13188,1.13171,1.13176,1.13179,1.13194,1.13177,1.13182,,,,,70
2025-04-15 13:55:00,1.13175,1.13187,1.13153,1.13156,1.13181,1.13193,1.13162,1.13165,,,,,77
2025-04-15 13:56:00,1.13158,1.13188,1.13157,1.13176,1.13164,1.13194,1.13163,1.13185,,,,,87
2025-04-15 13:57:00,1.13175,1.13196,1.13157,1.13196,1.13184,1.13202,1.13163,1.13202,,,,,87
2025-04-15 13:58:00,1.13197,1.13238,1.13191,1.13237,1.13203,1.13244,1.13197,1.13243,,,,,99
2025-04-15 13:59:00,1.13236,1.13265,1.13231,1.13262,1.13242,1.13271,1.13237,1.13268,,,,,59
2025-04-15 14:00:00,1.13263,1.13265,1.13243,1.13265,1.13269,1.13271,1.13249,1.13271,,,,,105
2025-04-15 14:01:00,1.13263,1.13292,1.13257,1.13274,1.13269,1.13305,1.13263,1.13286,,,,,103
2025-04-15 14:02:00,1.13277,1.13286,1.13258,1.13263,1.13283,1.13292,1.13264,1.13269,,,,,92
2025-04-15 14:03:00,1.1326,1.13288,1.13259,1.13288,1.13266,1.13294,1.13265,1.13294,,,,,59
2025-04-15 14:04:00,1.13287,1.1331,1.13286,1.1329,1.13293,1.13316,1.13292,1.13296,,,,,61
2025-04-15 14:05:00,1.13289,1.13306,1.13284,1.13306,1.13295,1.13312,1.1329,1.13312,,,,,50
2025-04-15 14:06:00,1.13307,1.13313,1.13281,1.13308,1.13313,1.13319,1.13287,1.13314,,,,,69
2025-04-15 14:07:00,1.13307,1.13307,1.13289,1.13301,1.13313,1.13313,1.13295,1.13307,,,,,67
2025-04-15 14:08:00,1.133,1.13309,1.1326,1.13272,1.13306,1.13315,1.13266,1.13278,,,,,67
2025-04-15 14:09:00,1.13271,1.13293,1.13238,1.13242,1.13277,1.13299,1.13244,1.13248,,,,,50
2025-04-15 14:10:00,1.13239,1.13288,1.13231,1.1328,1.13245,1.13294,1.13237,1.13286,,,,,82
2025-04-15 14:11:00,1.13281,1.13308,1.13278,1.13304,1.13287,1.13314,1.13284,1.1331,,,,,99
2025-04-15 14:12:00,1.13302,1.1335,1.1329,1.13347,1.13308,1.13356,1.13296,1.13353,,,,,69
2025-04-15 14:13:00,1.13346,1.13356,1.13315,1.13336,1.13352,1.13362,1.13321,1.13342,,,,,51
2025-04-15 14:14:00,1.13337,1.13355,1.13327,1.13346,1.13343,1.13361,1.13333,1.13355,,,,,57
2025-04-15 14:15:00,1.13345,1.13391,1.13343,1.13383,1.13354,1.134,1.13354,1.13389,,,,,63
2025-04-15 14:16:00,1.13381,1.13391,1.13369,1.13389,1.13387,1.13399,1.13378,1.13398,,,,,58
2025-04-15 14:17:00,1.13388,1.13412,1.13388,1.13393,1.13397,1.13418,1.13394,1.13399,,,,,68
2025-04-15 14:18:00,1.13394,1.13398,1.13333,1.13352,1.134,1.13404,1.13339,1.13358,,,,,90
2025-04-15 14:19:00,1.13353,1.13383,1.13347,1.13382,1.13359,1.13389,1.13353,1.13388,,,,,84
2025-04-15 14:20:00,1.13386,1.13394,1.1333,1.1333,1.13392,1.134,1.13336,1.13336,,,,,130
2025-04-15 14:21:00,1.13332,1.13348,1.13318,1.13329,1.13338,1.13354,1.13324,1.13338,,,,,97
2025-04-15 14:22:00,1.13331,1.13358,1.13325,1.13334,1.1334,1.13364,1.13331,1.1334,,,,,77
2025-04-15 14:23:00,1.13333,1.13352,1.13329,1.13338,1.13339,1.13358,1.13335,1.13344,,,,,91
2025-04-15 14:24:00,1.13335,1.13358,1.1332,1.13337,1.13341,1.13364,1.13326,1.13343,,,,,86
2025-04-15 14:25:00,1.13338,1.13347,1.13329,1.1333,1.13344,1.13353,1.13335,1.13336,,,,,96
2025-04-15 14:26:00,1.13323,1.13326,1.1331,1.13311,1.13329,1.13332,1.13317,1.13317,,,,,38
2025-04-15 14:27:00,1.13309,1.13315,1.13289,1.1331,1.13315,1.13321,1.13295,1.13316,,,,,54
2025-04-15 14:28:00,1.13314,1.13346,1.13314,1.1334,1.1332,1.13352,1.1332,1.13346,,,,,46
2025-04-15 14:29:00,1.13339,1.13345,1.13328,1.13339,1.13345,1.13368,1.13334,1.13368,,,,,64
2025-04-15 14:30:00,1.13337,1.13349,1.1327,1.13341,1.13366,1.13392,1.13279,1.13347,,,,,210
2025-04-15 14:31:00,1.1334,1.13358,1.13328,1.1334,1.13346,1.13364,1.13335,1.13346,,,,,101
2025-04-15 14:32:00,1.13338,1.13343,1.13299,1.13299,1.13344,1.13349,1.13305,1.13305,,,,,75
2025-04-15 14:33:00,1.13291,1.13342,1.13283,1.13316,1.13297,1.13351,1.13289,1.13325,,,,,144
2025-04-15 14:34:00,1.13312,1.13351,1.1331,1.13342,1.13318,1.1336,1.13316,1.13351,,,,,143
2025-04-15 14:35:00,1.13343,1.13357,1.13307,1.13341,1.13352,1.13363,1.13313,1.1335,,,,,103
2025-04-15 14:36:00,1.13339,1.13349,1.13319,1.13343,1.13348,1.13356,1.13328,1.13349,,,,,97
2025-04-15 14:37:00,1.13344,1.13376,1.13315,1.13321,1.1335,1.13384,1.13321,1.1333,,,,,110
2025-04-15 14:38:00,1.1332,1.1332,1.13227,1.13237,1.13329,1.13329,1.13234,1.13243,,,,,115
2025-04-15 14:39:00,1.13238,1.13257,1.13236,1.13241,1.13244,1.13263,1.13242,1.13247,,,,,83
2025-04-15 14:40:00,1.13242,1.13243,1.1321,1.13229,1.13248,1.13249,1.13216,1.13238,,,,,74
2025-04-15 14:41:00,1.13228,1.13271,1.13226,1.13271,1.13237,1.1328,1.13233,1.13277,,,,,107
2025-04-15 14:42:00,1.13269,1.13333,1.13269,1.13333,1.13275,1.13344,1.13275,1.13342,,,,,90
2025-04-15 14:43:00,1.13332,1.13363,1.13255,1.13262,1.13344,1.13372,1.13264,1.13271,,,,,120
2025-04-15 14:44:00,1.13263,1.13266,1.13211,1.13235,1.13272,1.13275,1.1322,1.13244,,,,,112
2025-04-15 14:45:00,1.13238,1.1326,1.13219,1.13241,1.13233,1.13269,1.13229,1.1325,,,,,115
2025-04-15 14:46:00,1.1324,1.13285,1.1324,1.13285,1.13249,1.13294,1.13246,1.13294,,,,,78
2025-04-15 14:47:00,1.13286,1.1334,1.13286,1.13316,1.13292,1.13347,1.13292,1.13325,,,,,118
2025-04-15 14:48:00,1.13318,1.13344,1.13318,1.13334,1.13327,1.1335,1.13324,1.1334,,,,,90
2025-04-15 14:49:00,1.13335,1.13353,1.13312,1.13342,1.13341,1.13362,1.13318,1.13358,,,,,81
2025-04-15 14:50:00,1.13343,1.13368,1.13287,1.13294,1.13359,1.13381,1.13299,1.133,,,,,143
2025-04-15 14:51:00,1.13293,1.13341,1.13284,1.13287,1.13299,1.13347,1.1329,1.13296,,,,,135
2025-04-15 14:52:00,1.13293,1.13297,1.13266,1.13279,1.13302,1.13303,1.13273,1.13285,,,,,90
2025-04-15 14:53:00,1.13278,1.13289,1.13248,1.13283,1.13284,1.13298,1.13254,1.13289,,,,,102
2025-04-15 14:54:00,1.13279,1.13308,1.13256,1.13283,1.13285,1.13314,1.13262,1.13292,,,,,117
2025-04-15 14:55:00,1.13282,1.1329,1.132,1.13215,1.13291,1.13296,1.13206,1.13221,,,,,227
2025-04-15 14:56:00,1.13212,1.13221,1.13165,1.13168,1.13217,1.13227,1.13174,1.13174,,,,,185
2025-04-15 14:57:00,1.13163,1.13186,1.13155,1.13184,1.13172,1.13192,1.13163,1.1319,,,,,179
2025-04-15 14:58:00,1.13187,1.13187,1.13126,1.13138,1.13193,1.13193,1.13135,1.13144,,,,,213
2025-04-15 14:59:00,1.13134,1.13144,1.13083,1.13125,1.13143,1.1315,1.13096,1.13134,,,,,206
2025-04-15 15:00:00,1.13121,1.13149,1.13092,1.13092,1.1313,1.13161,1.13101,1.13101,,,,,252
2025-04-15 15:01:00,1.13097,1.13145,1.13092,1.13116,1.13106,1.13154,1.131,1.13122,,,,,204
2025-04-15 15:02:00,1.1311,1.13164,1.13099,1.13164,1.13119,1.13173,1.13105,1.13173,,,,,139
2025-04-15 15:03:00,1.13161,1.13186,1.13136,1.13186,1.1317,1.13193,1.13151,1.13192,,,,,93
2025-04-15 15:04:00,1.13182,1.13197,1.1314,1.13166,1.13188,1.13203,1.13146,1.13172,,,,,76
2025-04-15 15:05:00,1.13165,1.13216,1.13162,1.132,1.13171,1.13222,1.13168,1.13206,,,,,81
2025-04-15 15:06:00,1.13193,1.13237,1.13178,1.13236,1.13199,1.13243,1.13187,1.13242,,,,,90
2025-04-15 15:07:00,1.13237,1.13266,1.13228,1.13265,1.13243,1.13272,1.13234,1.13271,,,,,97
2025-04-15 15:08:00,1.13264,1.13281,1.13251,1.13264,1.1327,1.13289,1.13257,1.1327,,,,,65
2025-04-15 15:09:00,1.13262,1.13271,1.13216,1.13216,1.13268,1.13277,1.13222,1.13222,,,,,88
2025-04-15 15:10:00,1.13217,1.13217,1.13169,1.13177,1.13223,1.13223,1.13178,1.13186,,,,,98
2025-04-15 15:11:00,1.13175,1.13179,1.13111,1.13131,1.13184,1.13188,1.1312,1.13137,,,,,90
2025-04-15 15:12:00,1.13138,1.13165,1.13101,1.13106,1.13144,1.13171,1.13107,1.13112,,,,,128
2025-04-15 15:13:00,1.13105,1.13141,1.13099,1.13136,1.13111,1.13147,1.13105,1.13142,,,,,62
2025-04-15 15:14:00,1.13134,1.13159,1.1313,1.13153,1.1314,1.13165,1.13136,1.13159,,,,,105
2025-04-15 15:15:00,1.13152,1.1316,1.13132,1.13152,1.13158,1.13166,1.13138,1.13158,,,,,80
2025-04-15 15:16:00,1.13147,1.1316,1.13122,1.13139,1.13153,1.13166,1.13128,1.13145,,,,,62
2025-04-15 15:17:00,1.13138,1.13153,1.131,1.13125,1.13144,1.13162,1.13106,1.13131,,,,,85
2025-04-15 15:18:00,1.1312,1.13123,1.13108,1.13111,1.13126,1.13132,1.13114,1.13117,,,,,71
2025-04-15 15:19:00,1.131,1.13107,1.13084,1.13097,1.13106,1.13113,1.13094,1.13103,,,,,81
2025-04-15 15:20:00,1.131,1.13107,1.13058,1.1308,1.13106,1.13119,1.13067,1.13089,,,,,107
2025-04-15 15:21:00,1.13081,1.13098,1.13059,1.13095,1.1309,1.13104,1.13065,1.13101,,,,,92
2025-04-15 15:22:00,1.13096,1.13143,1.13086,1.13134,1.13102,1.13149,1.13092,1.13143,,,,,74
2025-04-15 15:23:00,1.13133,1.13183,1.13106,1.13123,1.13142,1.13189,1.13117,1.13132,,,,,96
2025-04-15 15:24:00,1.13119,1.13128,1.13085,1.13097,1.13134,1.13139,1.131,1.13103,,,,,93
2025-04-15 15:25:00,1.13099,1.13099,1.13059,1.13073,1.13105,1.13105,1.13068,1.13086,,,,,63
2025-04-15 15:26:00,1.13074,1.13085,1.13046,1.13085,1.13087,1.13091,1.13058,1.13091,,,,,69
2025-04-15 15:27:00,1.1307,1.13141,1.13068,1.13127,1.13076,1.13147,1.13074,1.13133,,,,,115
2025-04-15 15:28:00,1.13128,1.13128,1.13076,1.13087,1.13134,1.13134,1.13082,1.13093,,,,,68
2025-04-15 15:29:00,1.13088,1.13115,1.13079,1.13106,1.13094,1.13124,1.13088,1.13112,,,,,86
2025-04-15 15:30:00,1.13107,1.13129,1.13073,1.13122,1.13113,1.13135,1.13079,1.13128,,,,,147
2025-04-15 15:31:00,1.13123,1.13192,1.13123,1.1319,1.13129,1.13199,1.13129,1.13196,,,,,143
2025-04-15 15:32:00,1.13195,1.13195,1.13146,1.13166,1.13201,1.13201,1.13152,1.13172,,,,,100
2025-04-15 15:33:00,1.13168,1.13177,1.13148,1.13169,1.13174,1.13183,1.13154,1.13175,,,,,83
2025-04-15 15:34:00,1.13174,1.13181,1.13117,1.13119,1.1318,1.13187,1.13126,1.13128,,,,,107
2025-04-15 15:35:00,1.13121,1.13153,1.13104,1.13145,1.1313,1.13159,1.1311,1.13156,,,,,123
2025-04-15 15:36:00,1.13146,1.13182,1.13142,1.13173,1.13155,1.13188,1.13154,1.13182,,,,,114
2025-04-15 15:37:00,1.13174,1.13194,1.13167,1.13179,1.13183,1.132,1.13173,1.13188,,,,,81
2025-04-15 15:38:00,1.13181,1.13233,1.1317,1.13203,1.13187,1.13239,1.13176,1.13209,,,,,94
2025-04-15 15:39:00,1.13202,1.13204,1.13157,1.13174,1.13208,1.1321,1.13163,1.1318,,,,,123
2025-04-15 15:40:00,1.13168,1.13195,1.13157,1.13187,1.13174,1.13201,1.13163,1.13193,,,,,117
2025-04-15 15:41:00,1.13186,1.13194,1.1316,1.13188,1.13192,1.132,1.13166,1.13194,,,,,94
2025-04-15 15:42:00,1.13187,1.13187,1.13138,1.13142,1.13193,1.13193,1.13144,1.13148,,,,,88
2025-04-15 15:43:00,1.13146,1.13157,1.13126,1.13128,1.13152,1.13163,1.13132,1.13134,,,,,102
2025-04-15 15:44:00,1.13129,1.13164,1.13115,1.13126,1.13135,1.1317,1.1313,1.13135,,,,,90
2025-04-15 15:45:00,1.1313,1.13134,1.13111,1.13124,1.13139,1.13142,1.13117,1.1313,,,,,69
2025-04-15 15:46:00,1.13125,1.13133,1.13101,1.13133,1.13131,1.13139,1.13107,1.13139,,,,,115
2025-04-15 15:47:00,1.13134,1.13202,1.13128,1.13201,1.1314,1.13208,1.13134,1.13207,,,,,104
2025-04-15 15:48:00,1.13202,1.13282,1.13202,1.13213,1.13208,1.13288,1.13208,1.13219,,,,,173
2025-04-15 15:49:00,1.13212,1.13254,1.13202,1.13251,1.13218,1.1326,1.13208,1.13257,,,,,136
2025-04-15 15:50:00,1.13248,1.13257,1.13181,1.13182,1.13254,1.13266,1.13187,1.13188,,,,,124
2025-04-15 15:51:00,1.13181,1.13197,1.13148,1.13192,1.13187,1.13203,1.13154,1.13198,,,,,121
2025-04-15 15:52:00,1.13191,1.13229,1.13186,1.13208,1.13197,1.1324,1.13192,1.13225,,,,,155
2025-04-15 15:53:00,1.13206,1.13206,1.13164,1.13164,1.13222,1.13222,1.1317,1.1317,,,,,99
2025-04-15 15:54:00,1.13159,1.13185,1.13151,1.13171,1.13165,1.13192,1.13159,1.13177,,,,,77
2025-04-15 15:55:00,1.13168,1.13205,1.13144,1.13144,1.13174,1.13211,1.1315,1.1315,,,,,145
2025-04-15 15:56:00,1.13143,1.13146,1.13104,1.13121,1.13149,1.13152,1.13113,1.13127,,,,,94
2025-04-15 15:57:00,1.13122,1.13131,1.13113,1.13126,1.13128,1.13137,1.13119,1.13132,,,,,98
2025-04-15 15:58:00,1.13125,1.13132,1.13116,1.13127,1.13131,1.13138,1.13125,1.13133,,,,,70
2025-04-15 15:59:00,1.13126,1.13179,1.13126,1.13173,1.13132,1.13186,1.13132,1.13179,,,,,105
2025-04-15 16:00:00,1.13172,1.13176,1.13154,1.1316,1.13178,1.13182,1.1316,1.13166,,,,,100
2025-04-15 16:01:00,1.13159,1.13162,1.13149,1.13151,1.13165,1.13168,1.13155,1.13157,,,,,92
2025-04-15 16:02:00,1.13149,1.1318,1.13129,1.13157,1.13155,1.13189,1.13138,1.13166,,,,,131
2025-04-15 16:03:00,1.13159,1.13192,1.13148,1.13188,1.13168,1.13198,1.1316,1.13197,,,,,135
2025-04-15 16:04:00,1.13187,1.13195,1.13167,1.13167,1.13196,1.13204,1.13173,1.13173,,,,,78
2025-04-15 16:05:00,1.13166,1.13185,1.13127,1.13129,1.13172,1.13193,1.13138,1.13138,,,,,105
2025-04-15 16:06:00,1.1312,1.1312,1.13019,1.13024,1.13129,1.13129,1.13025,1.13033,,,,,176
2025-04-15 16:07:00,1.13022,1.13093,1.12988,1.13089,1.13031,1.13102,1.12994,1.13098,,,,,180
2025-04-15 16:08:00,1.13087,1.13087,1.12998,1.13007,1.131,1.13101,1.13007,1.13013,,,,,151
2025-04-15 16:09:00,1.13,1.13032,1.12984,1.12989,1.13006,1.13038,1.12997,1.13003,,,,,163
2025-04-15 16:10:00,1.1299,1.13001,1.12936,1.1295,1.13004,1.13007,1.12942,1.12956,,,,,192
2025-04-15 16:11:00,1.12946,1.12952,1.12858,1.12874,1.12952,1.12958,1.12868,1.1288,,,,,191
2025-04-15 16:12:00,1.12871,1.12914,1.12863,1.12866,1.12877,1.12921,1.12869,1.12872,,,,,136
2025-04-15 16:13:00,1.12864,1.12928,1.12863,1.12926,1.1287,1.12934,1.12869,1.12932,,,,,128
2025-04-15 16:14:00,1.12924,1.12939,1.12892,1.12896,1.12933,1.12945,1.12899,1.12905,,,,,133
2025-04-15 16:15:00,1.12897,1.1293,1.12877,1.12904,1.12906,1.12936,1.12888,1.12913,,,,,102
2025-04-15 16:16:00,1.12906,1.12914,1.12856,1.12863,1.12915,1.12923,1.12862,1.12872,,,,,126
2025-04-15 16:17:00,1.12865,1.12961,1.12849,1.12879,1.12874,1.1297,1.12859,1.12888,,,,,251
2025-04-15 16:18:00,1.1288,1.12926,1.12859,1.12864,1.12889,1.12935,1.12868,1.12873,,,,,242
2025-04-15 16:19:00,1.12865,1.12906,1.12857,1.12881,1.12874,1.12915,1.12866,1.1289,,,,,187
2025-04-15 16:20:00,1.1288,1.13021,1.1287,1.12983,1.12889,1.1303,1.12879,1.12992,,,,,222
2025-04-15 16:21:00,1.12984,1.13043,1.12967,1.1303,1.12996,1.13053,1.12975,1.13039,,,,,214
2025-04-15 16:22:00,1.13027,1.13064,1.13003,1.13057,1.13036,1.1307,1.13012,1.13066,,,,,160
2025-04-15 16:23:00,1.13059,1.13089,1.13043,1.13071,1.13068,1.13099,1.13052,1.1308,,,,,194
2025-04-15 16:24:00,1.13079,1.13113,1.13038,1.13045,1.13085,1.1313,1.13047,1.13054,,,,,229
2025-04-15 16:25:00,1.13046,1.1308,1.13041,1.13073,1.13055,1.13086,1.1305,1.13079,,,,,173
2025-04-15 16:26:00,1.13074,1.13133,1.13052,1.13081,1.1308,1.13139,1.13058,1.13087,,,,,139
2025-04-15 16:27:00,1.13082,1.13102,1.13044,1.13061,1.13088,1.13111,1.13056,1.13075,,,,,221
2025-04-15 16:28:00,1.13066,1.13115,1.13037,1.13092,1.1308,1.13121,1.13051,1.13098,,,,,192
2025-04-15 16:29:00,1.1309,1.13135,1.13081,1.13104,1.13099,1.13143,1.13087,1.1311,,,,,158
2025-04-15 16:30:00,1.13111,1.1314,1.13097,1.13102,1.13117,1.13146,1.13103,1.13111,,,,,117
2025-04-15 16:31:00,1.13101,1.13153,1.13101,1.13131,1.1311,1.13159,1.1311,1.13137,,,,,96
2025-04-15 16:32:00,1.13132,1.13139,1.13102,1.13133,1.13138,1.13145,1.13111,1.13139,,,,,74
2025-04-15 16:33:00,1.13128,1.13144,1.13087,1.13132,1.13134,1.1315,1.13093,1.13144,,,,,104
2025-04-15 16:34:00,1.13134,1.13201,1.13126,1.13193,1.13143,1.1321,1.13133,1.13199,,,,,135
2025-04-15 16:35:00,1.13196,1.13251,1.13185,1.13226,1.13202,1.13258,1.13191,1.13232,,,,,156
2025-04-15 16:36:00,1.13223,1.13235,1.13145,1.13145,1.13229,1.13241,1.13156,1.1316,,,,,173
2025-04-15 16:37:00,1.13144,1.13188,1.13121,1.13179,1.13161,1.13197,1.13132,1.13185,,,,,153
2025-04-15 16:38:00,1.13176,1.13198,1.13152,1.13191,1.13184,1.13207,1.13161,1.132,,,,,128
2025-04-15 16:39:00,1.13189,1.13217,1.13165,1.13171,1.13197,1.13223,1.13174,1.1318,,,,,142
2025-04-15 16:40:00,1.1317,1.1319,1.1315,1.13162,1.13179,1.13196,1.13159,1.13171,,,,,127
2025-04-15 16:41:00,1.13161,1.13161,1.13091,1.13099,1.1317,1.1317,1.13102,1.13108,,,,,166
2025-04-15 16:42:00,1.131,1.13152,1.13089,1.13151,1.13109,1.13158,1.13096,1.13157,,,,,148
2025-04-15 16:43:00,1.1315,1.13176,1.13137,1.1316,1.13156,1.13182,1.13143,1.13169,,,,,126
2025-04-15 16:44:00,1.13159,1.1316,1.13142,1.13142,1.13168,1.13169,1.13151,1.13151,,,,,77
2025-04-15 16:45:00,1.13137,1.13172,1.13122,1.13122,1.13143,1.13178,1.13131,1.13131,,,,,117
2025-04-15 16:46:00,1.13124,1.1319,1.13118,1.13157,1.13133,1.13199,1.13127,1.13175,,,,,218
2025-04-15 16:47:00,1.13156,1.13182,1.13134,1.1318,1.13177,1.13193,1.13148,1.13189,,,,,173
2025-04-15 16:48:00,1.13177,1.13237,1.13177,1.13231,1.13186,1.13246,1.13186,1.1324,,,,,137
2025-04-15 16:49:00,1.13243,1.13255,1.13218,1.13241,1.13252,1.13264,1.13227,1.1325,,,,,133
2025-04-15 16:50:00,1.13243,1.13258,1.13239,1.13253,1.13252,1.13269,1.13245,1.13259,,,,,101
2025-04-15 16:51:00,1.1325,1.1325,1.1321,1.13212,1.13256,1.13268,1.13232,1.1324,,,,,157
2025-04-15 16:52:00,1.13214,1.13231,1.13196,1.13223,1.13239,1.13252,1.13216,1.13242,,,,,134
2025-04-15 16:53:00,1.13224,1.13234,1.13207,1.13234,1.13244,1.13246,1.13226,1.13243,,,,,155
2025-04-15 16:54:00,1.13231,1.13267,1.13204,1.13211,1.1324,1.13273,1.13217,1.1322,,,,,144
2025-04-15 16:55:00,1.13212,1.13259,1.13207,1.13259,1.13221,1.13268,1.13218,1.13268,,,,,116
2025-04-15 16:56:00,1.13258,1.13289,1.13237,1.13265,1.13267,1.13299,1.13247,1.13277,,,,,186
2025-04-15 16:57:00,1.13262,1.13292,1.13251,1.13285,1.13273,1.13298,1.13261,1.13291,,,,,143
2025-04-15 16:58:00,1.13286,1.13287,1.13261,1.1327,1.13295,1.13295,1.13269,1.13276,,,,,151
2025-04-15 16:59:00,1.13272,1.13293,1.13253,1.13287,1.13278,1.13299,1.13262,1.13293,,,,,113
2025-04-15 17:00:00,1.13288,1.13289,1.13252,1.1328,1.13294,1.13295,1.13258,1.13286,,,,,142
2025-04-15 17:01:00,1.13279,1.13282,1.13228,1.13239,1.13285,1.13288,1.13237,1.13245,,,,,122
2025-04-15 17:02:00,1.13237,1.13254,1.13221,1.13235,1.13243,1.1326,1.13227,1.13241,,,,,120
2025-04-15 17:03:00,1.13236,1.13243,1.13202,1.13236,1.13242,1.13251,1.13211,1.13247,,,,,105
2025-04-15 17:04:00,1.13235,1.13242,1.13225,1.13235,1.13246,1.13248,1.13231,1.13241,,,,,59
2025-04-15 17:05:00,1.13233,1.13233,1.13186,1.13186,1.13239,1.13239,1.13192,1.13192,,,,,89
2025-04-15 17:06:00,1.13188,1.13201,1.13181,1.13181,1.13194,1.13207,1.13189,1.1319,,,,,90
2025-04-15 17:07:00,1.13182,1.13197,1.13171,1.13183,1.13191,1.13206,1.13182,1.13189,,,,,83
2025-04-15 17:08:00,1.13184,1.13191,1.13149,1.13185,1.1319,1.132,1.13155,1.13191,,,,,115
2025-04-15 17:09:00,1.13186,1.13187,1.13132,1.13151,1.13192,1.13193,1.1314,1.13157,,,,,117
2025-04-15 17:10:00,1.13149,1.13158,1.1312,1.1312,1.13155,1.13167,1.13129,1.13129,,,,,103
2025-04-15 17:11:00,1.13116,1.13135,1.13111,1.13113,1.13122,1.13144,1.13117,1.13119,,,,,72
2025-04-15 17:12:00,1.13111,1.13145,1.13107,1.13141,1.13117,1.13151,1.13113,1.13147,,,,,66
2025-04-15 17:13:00,1.1315,1.13166,1.1315,1.13156,1.13159,1.13172,1.13159,1.13162,,,,,54
2025-04-15 17:14:00,1.13153,1.13167,1.1314,1.13165,1.13159,1.13173,1.13146,1.13171,,,,,67
2025-04-15 17:15:00,1.1316,1.13189,1.13112,1.13113,1.13169,1.13195,1.13119,1.13119,,,,,92
2025-04-15 17:16:00,1.13118,1.13123,1.13098,1.13112,1.13124,1.13131,1.13106,1.13127,,,,,91
2025-04-15 17:17:00,1.13108,1.13143,1.13106,1.13131,1.13123,1.1315,1.13122,1.13144,,,,,81
2025-04-15 17:18:00,1.13132,1.13161,1.13115,1.13116,1.13143,1.13168,1.13121,1.13122,,,,,84
2025-04-15 17:19:00,1.13112,1.13126,1.13096,1.13125,1.13121,1.13132,1.13102,1.13131,,,,,55
2025-04-15 17:20:00,1.13124,1.13124,1.13088,1.13098,1.1313,1.13133,1.13094,1.13104,,,,,67
2025-04-15 17:21:00,1.13095,1.13137,1.1309,1.13114,1.13101,1.13143,1.13096,1.1312,,,,,90
2025-04-15 17:22:00,1.13113,1.13126,1.13097,1.13125,1.13119,1.13132,1.13103,1.13131,,,,,67
2025-04-15 17:23:00,1.13126,1.13149,1.13124,1.13149,1.13132,1.13155,1.1313,1.13155,,,,,83
2025-04-15 17:24:00,1.13148,1.13162,1.13119,1.13161,1.13154,1.13171,1.13129,1.13167,,,,,93
2025-04-15 17:25:00,1.1316,1.13163,1.13108,1.13109,1.13166,1.13169,1.13117,1.13118,,,,,75
2025-04-15 17:26:00,1.1311,1.13111,1.13084,1.13085,1.13119,1.13121,1.1309,1.13091,,,,,76
2025-04-15 17:27:00,1.13086,1.13089,1.13061,1.13081,1.13092,1.13099,1.1307,1.13087,,,,,61
2025-04-15 17:28:00,1.13085,1.13104,1.13075,1.13086,1.13091,1.1311,1.13085,1.13092,,,,,91
2025-04-15 17:29:00,1.13083,1.13097,1.13075,1.13086,1.13089,1.13103,1.13081,1.13095,,,,,55
2025-04-15 17:30:00,1.13087,1.13092,1.13059,1.1306,1.13096,1.13101,1.13065,1.13066,,,,,57
2025-04-15 17:31:00,1.13059,1.13063,1.13023,1.13041,1.13065,1.13069,1.13029,1.13047,,,,,116
2025-04-15 17:32:00,1.1304,1.13053,1.13037,1.1304,1.13046,1.13059,1.13043,1.13046,,,,,56
2025-04-15 17:33:00,1.13041,1.13059,1.13025,1.13053,1.13047,1.13065,1.13031,1.13059,,,,,85
2025-04-15 17:34:00,1.13054,1.13062,1.13009,1.13015,1.1306,1.13071,1.13015,1.13024,,,,,118
2025-04-15 17:35:00,1.13017,1.13026,1.13003,1.13025,1.13026,1.13033,1.13012,1.13031,,,,,64
2025-04-15 17:36:00,1.13026,1.13074,1.13026,1.1307,1.13032,1.1308,1.13032,1.13076,,,,,88
2025-04-15 17:37:00,1.13069,1.13069,1.13024,1.13051,1.13075,1.13075,1.13033,1.1306,,,,,107
2025-04-15 17:38:00,1.13049,1.13057,1.1302,1.13027,1.13058,1.13066,1.13029,1.13045,,,,,77
2025-04-15 17:39:00,1.13028,1.1303,1.13005,1.1301,1.13044,1.13045,1.13014,1.13019,,,,,48
2025-04-15 17:40:00,1.13006,1.13037,1.13002,1.13037,1.13024,1.13045,1.13013,1.13043,,,,,98
2025-04-15 17:41:00,1.13031,1.13041,1.13019,1.13022,1.13037,1.13047,1.13025,1.13028,,,,,63
2025-04-15 17:42:00,1.13018,1.13047,1.13015,1.13032,1.13024,1.13053,1.13021,1.13038,,,,,46
2025-04-15 17:43:00,1.13033,1.13035,1.13006,1.13011,1.13039,1.13044,1.13016,1.13023,,,,,68
2025-04-15 17:44:00,1.1301,1.13011,1.12932,1.12935,1.13022,1.13023,1.12945,1.12957,,,,,129
2025-04-15 17:45:00,1.12937,1.12967,1.12927,1.1296,1.12955,1.12974,1.1294,1.12969,,,,,155
2025-04-15 17:46:00,1.12962,1.12965,1.12931,1.12932,1.12971,1.12974,1.12937,1.12938,,,,,92
2025-04-15 17:47:00,1.12933,1.12959,1.12905,1.12947,1.12939,1.12968,1.12917,1.1296,,,,,141
2025-04-15 17:48:00,1.12948,1.12965,1.12936,1.12941,1.12961,1.12974,1.12946,1.1295,,,,,105
2025-04-15 17:49:00,1.12947,1.12966,1.12945,1.12966,1.12953,1.12972,1.12951,1.12972,,,,,107
2025-04-15 17:50:00,1.12967,1.12972,1.12924,1.12925,1.12973,1.12978,1.12933,1.12934,,,,,81
2025-04-15 17:51:00,1.12921,1.12922,1.12862,1.12898,1.1293,1.12931,1.12877,1.12915,,,,,96
2025-04-15 17:52:00,1.12899,1.12928,1.12891,1.12922,1.12914,1.12934,1.12903,1.12928,,,,,119
2025-04-15 17:53:00,1.12915,1.12918,1.12892,1.12893,1.12921,1.12924,1.12898,1.12899,,,,,82
2025-04-15 17:54:00,1.12894,1.12905,1.12869,1.12873,1.129,1.12911,1.12878,1.12882,,,,,116
2025-04-15 17:55:00,1.12874,1.12879,1.12845,1.12851,1.12883,1.12885,1.12851,1.1286,,,,,115
2025-04-15 17:56:00,1.12846,1.12871,1.12837,1.12871,1.12855,1.12877,1.12846,1.12877,,,,,75
2025-04-15 17:57:00,1.12868,1.12879,1.12835,1.12847,1.12874,1.12885,1.12841,1.12853,,,,,93
2025-04-15 17:58:00,1.12849,1.12857,1.12819,1.1285,1.12855,1.12863,1.12828,1.12856,,,,,119
2025-04-15 17:59:00,1.12848,1.12884,1.12848,1.12884,1.12854,1.1289,1.12854,1.1289,,,,,85
2025-04-15 18:00:00,1.12889,1.12906,1.12878,1.12893,1.12895,1.12913,1.12884,1.12911,,,,,102
2025-04-15 18:01:00,1.12897,1.12916,1.12889,1.12916,1.12915,1.12926,1.12903,1.12922,,,,,97
2025-04-15 18:02:00,1.12915,1.12915,1.12891,1.12891,1.12921,1.12923,1.12897,1.12897,,,,,52
2025-04-15 18:03:00,1.12892,1.12895,1.12871,1.12871,1.12898,1.12901,1.12877,1.12877,,,,,62
2025-04-15 18:04:00,1.12865,1.12889,1.12834,1.12834,1.12871,1.12895,1.1284,1.1284,,,,,84
2025-04-15 18:05:00,1.12835,1.12836,1.12807,1.12819,1.12841,1.12842,1.12813,1.12825,,,,,86
2025-04-15 18:06:00,1.12826,1.12836,1.12819,1.12827,1.12832,1.12842,1.12825,1.12833,,,,,72
2025-04-15 18:07:00,1.12826,1.12832,1.12805,1.12824,1.12832,1.12838,1.12811,1.1283,,,,,61
2025-04-15 18:08:00,1.12823,1.12824,1.12798,1.12806,1.12829,1.1283,1.12809,1.12815,,,,,66
2025-04-15 18:09:00,1.12808,1.1283,1.12806,1.1283,1.12817,1.12836,1.12814,1.12836,,,,,66
2025-04-15 18:10:00,1.12828,1.12834,1.12803,1.12806,1.12834,1.1284,1.12812,1.12815,,,,,69
2025-04-15 18:11:00,1.12808,1.12825,1.128,1.12818,1.12814,1.12831,1.12806,1.12824,,,,,82
2025-04-15 18:12:00,1.12819,1.12825,1.128,1.12816,1.12825,1.12831,1.12806,1.12822,,,,,67
2025-04-15 18:13:00,1.12812,1.12836,1.12811,1.12833,1.12818,1.12842,1.12817,1.12839,,,,,46
2025-04-15 18:14:00,1.12836,1.12848,1.12802,1.12807,1.12842,1.12854,1.12811,1.12813,,,,,51
2025-04-15 18:15:00,1.12804,1.12811,1.12798,1.12809,1.1281,1.12817,1.12804,1.12815,,,,,54
2025-04-15 18:16:00,1.12808,1.12815,1.12788,1.12791,1.12814,1.12821,1.12794,1.12797,,,,,44
2025-04-15 18:17:00,1.12778,1.1279,1.12768,1.1279,1.12784,1.12796,1.12774,1.12796,,,,,85
2025-04-15 18:18:00,1.12788,1.12794,1.12751,1.12756,1.12794,1.128,1.1276,1.12762,,,,,68
2025-04-15 18:19:00,1.12755,1.12787,1.12754,1.12761,1.12761,1.12793,1.1276,1.12767,,,,,55
2025-04-15 18:20:00,1.12762,1.12796,1.12762,1.1278,1.12768,1.12803,1.12768,1.12786,,,,,72
2025-04-15 18:21:00,1.12781,1.12792,1.1278,1.1279,1.12787,1.12798,1.12786,1.12796,,,,,47
2025-04-15 18:22:00,1.12794,1.12798,1.12761,1.12767,1.128,1.12804,1.12769,1.12773,,,,,78
2025-04-15 18:23:00,1.1277,1.12791,1.12763,1.12763,1.12779,1.128,1.12769,1.12769,,,,,37
2025-04-15 18:24:00,1.12762,1.12779,1.12762,1.12773,1.12768,1.12786,1.12768,1.12779,,,,,47
2025-04-15 18:25:00,1.12772,1.12775,1.12757,1.12758,1.12778,1.12781,1.12763,1.12767,,,,,43
2025-04-15 18:26:00,1.12757,1.12774,1.12728,1.12763,1.12766,1.12783,1.12734,1.12772,,,,,56
2025-04-15 18:27:00,1.12764,1.12781,1.12744,1.12781,1.12773,1.12787,1.12753,1.12787,,,,,56
2025-04-15 18:28:00,1.12788,1.12789,1.12767,1.12784,1.12794,1.12796,1.12776,1.12793,,,,,61
2025-04-15 18:29:00,1.12785,1.12785,1.12761,1.12775,1.12794,1.12794,1.1277,1.12781,,,,,78
2025-04-15 18:30:00,1.12768,1.1279,1.12768,1.12771,1.12777,1.12799,1.12776,1.12777,,,,,40
2025-04-15 18:31:00,1.12769,1.12774,1.12729,1.12739,1.12775,1.12781,1.12739,1.12745,,,,,66
2025-04-15 18:32:00,1.12733,1.12746,1.12729,1.12739,1.12739,1.12754,1.12735,1.12745,,,,,56
2025-04-15 18:33:00,1.12733,1.12736,1.12695,1.12697,1.12739,1.12742,1.12705,1.12706,,,,,53
2025-04-15 18:34:00,1.12698,1.12716,1.12675,1.1268,1.12707,1.12722,1.12682,1.12686,,,,,68
2025-04-15 18:35:00,1.12679,1.12698,1.12675,1.12694,1.12685,1.12704,1.12681,1.127,,,,,63
2025-04-15 18:36:00,1.12693,1.12745,1.12693,1.12721,1.12699,1.12751,1.12699,1.12727,,,,,74
2025-04-15 18:37:00,1.12723,1.12725,1.12713,1.12718,1.12729,1.12731,1.12719,1.12724,,,,,27
2025-04-15 18:38:00,1.12719,1.1273,1.12681,1.12689,1.12725,1.12736,1.12689,1.12695,,,,,64
2025-04-15 18:39:00,1.12688,1.12688,1.12676,1.12678,1.12694,1.12696,1.12684,1.12687,,,,,72
2025-04-15 18:40:00,1.12679,1.12684,1.12652,1.12665,1.12685,1.1269,1.12661,1.12671,,,,,66
2025-04-15 18:41:00,1.12664,1.12682,1.12662,1.12672,1.1267,1.12688,1.12668,1.12678,,,,,88
2025-04-15 18:42:00,1.12668,1.12673,1.12651,1.12663,1.12674,1.12681,1.12657,1.12669,,,,,63
2025-04-15 18:43:00,1.12665,1.12695,1.12639,1.12695,1.12671,1.12701,1.12645,1.12701,,,,,94
2025-04-15 18:44:00,1.12697,1.12706,1.12688,1.12701,1.12703,1.12712,1.12694,1.12707,,,,,57
2025-04-15 18:45:00,1.12704,1.12717,1.12677,1.1268,1.1271,1.12723,1.12683,1.12686,,,,,59
2025-04-15 18:46:00,1.12679,1.12692,1.12676,1.12685,1.12685,1.12698,1.12682,1.12691,,,,,42
2025-04-15 18:47:00,1.12686,1.12697,1.12677,1.12677,1.12692,1.12703,1.12683,1.12683,,,,,49
2025-04-15 18:48:00,1.12678,1.12723,1.12678,1.12709,1.12684,1.12729,1.12684,1.12715,,,,,84
2025-04-15 18:49:00,1.12708,1.12726,1.12695,1.12705,1.12714,1.12732,1.12701,1.12711,,,,,49
2025-04-15 18:50:00,1.12704,1.12755,1.12703,1.12755,1.1271,1.12761,1.12709,1.12761,,,,,66
2025-04-15 18:51:00,1.12756,1.12772,1.12751,1.12756,1.12762,1.12778,1.12757,1.12762,,,,,75
2025-04-15 18:52:00,1.12758,1.12765,1.12747,1.1276,1.12764,1.12771,1.12753,1.12766,,,,,69
2025-04-15 18:53:00,1.12761,1.12779,1.12759,1.1277,1.12767,1.12785,1.12765,1.12776,,,,,44
2025-04-15 18:54:00,1.12771,1.1279,1.12765,1.1277,1.12777,1.12803,1.12771,1.12776,,,,,65
2025-04-15 18:55:00,1.12766,1.12784,1.12763,1.12776,1.12772,1.1279,1.12769,1.12782,,,,,42
2025-04-15 18:56:00,1.12773,1.12775,1.1276,1.12766,1.12779,1.12781,1.12766,1.12772,,,,,58
2025-04-15 18:57:00,1.1277,1.12772,1.12756,1.12767,1.12776,1.12778,1.12762,1.12773,,,,,55
2025-04-15 18:58:00,1.12766,1.12776,1.12762,1.12765,1.12772,1.12782,1.12768,1.12771,,,,,30
2025-04-15 18:59:00,1.12767,1.12771,1.12737,1.12742,1.12773,1.12777,1.12746,1.12748,,,,,52
2025-04-15 19:00:00,1.12734,1.1274,1.12719,1.12724,1.1274,1.12748,1.12725,1.1273,,,,,84
2025-04-15 19:01:00,1.12722,1.12725,1.12679,1.12702,1.12728,1.12731,1.12688,1.12708,,,,,83
2025-04-15 19:02:00,1.12703,1.12714,1.12689,1.12699,1.12709,1.12723,1.12695,1.12705,,,,,72
2025-04-15 19:03:00,1.12696,1.12697,1.12677,1.1268,1.12702,1.12703,1.12683,1.12686,,,,,54
2025-04-15 19:04:00,1.12683,1.12688,1.12664,1.12687,1.12689,1.12694,1.12672,1.12693,,,,,54
2025-04-15 19:05:00,1.12692,1.12697,1.12681,1.12695,1.12698,1.12703,1.12687,1.12701,,,,,55
2025-04-15 19:06:00,1.12697,1.12709,1.12695,1.12705,1.12703,1.12715,1.12701,1.12711,,,,,53
2025-04-15 19:07:00,1.12704,1.12706,1.12686,1.12687,1.1271,1.12712,1.12692,1.12693,,,,,43
2025-04-15 19:08:00,1.12686,1.12706,1.12683,1.12702,1.12692,1.12714,1.12689,1.12708,,,,,44
2025-04-15 19:09:00,1.12706,1.12731,1.12705,1.12728,1.12712,1.12737,1.12711,1.12734,,,,,44
2025-04-15 19:10:00,1.1273,1.12731,1.12703,1.12703,1.12736,1.12737,1.12709,1.12709,,,,,50
2025-04-15 19:11:00,1.12704,1.12741,1.12702,1.1274,1.1271,1.1275,1.12708,1.12749,,,,,58
2025-04-15 19:12:00,1.12741,1.12759,1.12734,1.12751,1.12747,1.12767,1.1274,1.12757,,,,,49
2025-04-15 19:13:00,1.12745,1.12753,1.12737,1.12749,1.12751,1.12759,1.12743,1.12755,,,,,62
2025-04-15 19:14:00,1.12748,1.1275,1.12727,1.12731,1.12754,1.12756,1.12733,1.12737,,,,,55
2025-04-15 19:15:00,1.12732,1.12754,1.12717,1.12754,1.12738,1.1276,1.12723,1.1276,,,,,64
2025-04-15 19:16:00,1.1276,1.12794,1.12759,1.12775,1.12766,1.12803,1.12765,1.12784,,,,,87
2025-04-15 19:17:00,1.12776,1.12804,1.12775,1.12797,1.12785,1.12815,1.12784,1.12806,,,,,71
2025-04-15 19:18:00,1.12796,1.12799,1.12782,1.1279,1.12805,1.12807,1.12791,1.12799,,,,,66
2025-04-15 19:19:00,1.12791,1.12813,1.12773,1.12775,1.128,1.12819,1.12779,1.12781,,,,,51
2025-04-15 19:20:00,1.12774,1.12774,1.12744,1.12756,1.1278,1.1278,1.12756,1.12762,,,,,71
2025-04-15 19:21:00,1.12757,1.12765,1.12744,1.12755,1.12763,1.12774,1.12756,1.12767,,,,,52
2025-04-15 19:22:00,1.12757,1.12762,1.1275,1.12759,1.12766,1.12771,1.12762,1.12765,,,,,45
2025-04-15 19:23:00,1.12761,1.12785,1.12761,1.12769,1.12767,1.12791,1.12767,1.12775,,,,,43
2025-04-15 19:24:00,1.12771,1.12781,1.12767,1.1277,1.12777,1.12787,1.12773,1.12787,,,,,35
2025-04-15 19:25:00,1.12769,1.12773,1.12756,1.12773,1.12782,1.12782,1.12765,1.12782,,,,,38
2025-04-15 19:26:00,1.12769,1.12798,1.12767,1.1279,1.12778,1.1281,1.12776,1.12799,,,,,57
2025-04-15 19:27:00,1.12794,1.12814,1.12788,1.12805,1.12803,1.12823,1.12797,1.12811,,,,,58
2025-04-15 19:28:00,1.12804,1.12805,1.12783,1.12787,1.1281,1.12811,1.1279,1.12796,,,,,59
2025-04-15 19:29:00,1.12788,1.12802,1.12788,1.12802,1.12797,1.12809,1.12797,1.12808,,,,,10
2025-04-15 19:30:00,1.12805,1.12825,1.12798,1.12799,1.12811,1.12833,1.12805,1.12805,,,,,51
2025-04-15 19:31:00,1.12798,1.12802,1.12768,1.12774,1.12807,1.12808,1.12774,1.1278,,,,,41
2025-04-15 19:32:00,1.12775,1.12795,1.12771,1.12792,1.12781,1.12801,1.12777,1.12798,,,,,28
2025-04-15 19:33:00,1.12788,1.1279,1.12757,1.12768,1.12794,1.12796,1.12763,1.12774,,,,,55
2025-04-15 19:34:00,1.12771,1.128,1.12764,1.12793,1.12777,1.12806,1.1277,1.12799,,,,,48
2025-04-15 19:35:00,1.12794,1.12808,1.12784,1.12802,1.128,1.12814,1.1279,1.12808,,,,,58
2025-04-15 19:36:00,1.12799,1.12802,1.12782,1.12782,1.12805,1.12808,1.12788,1.12788,,,,,31
2025-04-15 19:37:00,1.12781,1.12804,1.12781,1.12797,1.12787,1.1281,1.12787,1.12803,,,,,40
2025-04-15 19:38:00,1.12791,1.12803,1.12786,1.12803,1.12797,1.12809,1.12792,1.12809,,,,,33
2025-04-15 19:39:00,1.12802,1.12803,1.12792,1.12794,1.12808,1.12809,1.12798,1.128,,,,,23
2025-04-15 19:40:00,1.12792,1.128,1.12783,1.12794,1.12798,1.12806,1.12789,1.128,,,,,16
2025-04-15 19:41:00,1.12795,1.12806,1.1279,1.12806,1.12801,1.12812,1.12796,1.12812,,,,,26
2025-04-15 19:42:00,1.12805,1.12805,1.12788,1.12796,1.12811,1.12811,1.12794,1.12802,,,,,29
2025-04-15 19:43:00,1.12798,1.12799,1.12774,1.12778,1.12804,1.12805,1.1278,1.12784,,,,,33
2025-04-15 19:44:00,1.12777,1.1279,1.12775,1.12777,1.12786,1.12796,1.12782,1.12783,,,,,30
2025-04-15 19:45:00,1.12781,1.12792,1.12777,1.12779,1.12787,1.12798,1.12783,1.12785,,,,,26
2025-04-15 19:46:00,1.12786,1.12797,1.1278,1.12786,1.12795,1.12803,1.12786,1.12792,,,,,31
2025-04-15 19:47:00,1.12783,1.12787,1.12771,1.12785,1.12789,1.12793,1.1278,1.12791,,,,,26
2025-04-15 19:48:00,1.12783,1.12786,1.12749,1.12755,1.12792,1.12794,1.12755,1.12764,,,,,45
2025-04-15 19:49:00,1.12757,1.12777,1.12757,1.12767,1.12769,1.12786,1.12769,1.12773,,,,,46
2025-04-15 19:50:00,1.12766,1.12767,1.12751,1.12757,1.12772,1.12773,1.12757,1.12763,,,,,25
2025-04-15 19:51:00,1.1276,1.12778,1.12749,1.12778,1.12766,1.12784,1.12755,1.12784,,,,,38
2025-04-15 19:52:00,1.12777,1.12793,1.12771,1.12779,1.12783,1.12799,1.12777,1.12785,,,,,31
2025-04-15 19:53:00,1.12773,1.12793,1.12772,1.12793,1.12782,1.12799,1.12778,1.12799,,,,,74
2025-04-15 19:54:00,1.12794,1.12804,1.12774,1.12774,1.128,1.1281,1.1278,1.1278,,,,,53
2025-04-15 19:55:00,1.12775,1.12778,1.12764,1.12764,1.12781,1.12787,1.1277,1.1277,,,,,37
2025-04-15 19:56:00,1.1276,1.1276,1.12709,1.12711,1.12766,1.12766,1.12715,1.12717,,,,,41
2025-04-15 19:57:00,1.12712,1.12751,1.12712,1.12732,1.12718,1.12757,1.12718,1.12738,,,,,49
2025-04-15 19:58:00,1.12735,1.12737,1.12717,1.12731,1.12741,1.12744,1.12726,1.12737,,,,,58
2025-04-15 19:59:00,1.1273,1.1273,1.12713,1.12722,1.12736,1.12736,1.12719,1.12733,,,,,59
2025-04-15 20:00:00,1.12725,1.12725,1.12686,1.12692,1.12734,1.12734,1.12692,1.12698,,,,,66
2025-04-15 20:01:00,1.12691,1.12697,1.12679,1.12689,1.12697,1.12703,1.12685,1.12698,,,,,81
2025-04-15 20:02:00,1.1269,1.12697,1.12683,1.12697,1.12699,1.12705,1.12689,1.12703,,,,,58
2025-04-15 20:03:00,1.12694,1.12722,1.1269,1.12712,1.127,1.12728,1.12696,1.12718,,,,,49
2025-04-15 20:04:00,1.12711,1.12712,1.12697,1.12697,1.12717,1.12718,1.12703,1.12703,,,,,25
2025-04-15 20:05:00,1.12704,1.12704,1.12686,1.12689,1.1271,1.1271,1.12692,1.12695,,,,,31
2025-04-15 20:06:00,1.12697,1.12699,1.12687,1.12692,1.12703,1.12705,1.12693,1.12698,,,,,30
2025-04-15 20:07:00,1.12695,1.12706,1.12688,1.12688,1.12701,1.12712,1.12694,1.12694,,,,,43
2025-04-15 20:08:00,1.12689,1.12692,1.12684,1.12684,1.12695,1.12698,1.1269,1.1269,,,,,20
2025-04-15 20:09:00,1.12685,1.12704,1.12684,1.12696,1.12691,1.12712,1.1269,1.12702,,,,,31
2025-04-15 20:10:00,1.12701,1.12702,1.1269,1.12695,1.12707,1.12708,1.12696,1.12701,,,,,49
2025-04-15 20:11:00,1.12692,1.12703,1.12691,1.127,1.12698,1.12709,1.12697,1.12706,,,,,18
2025-04-15 20:12:00,1.12702,1.12706,1.12695,1.12704,1.12708,1.12713,1.12701,1.1271,,,,,27
2025-04-15 20:13:00,1.12705,1.1271,1.12694,1.12694,1.12711,1.12716,1.127,1.127,,,,,41
2025-04-15 20:14:00,1.12692,1.12692,1.12681,1.12685,1.12698,1.12698,1.12687,1.12691,,,,,32
2025-04-15 20:15:00,1.12686,1.12692,1.12682,1.12685,1.12692,1.12698,1.12688,1.12691,,,,,38
2025-04-15 20:16:00,1.12683,1.12688,1.12675,1.12688,1.12689,1.12694,1.12681,1.12694,,,,,25
2025-04-15 20:17:00,1.1269,1.12707,1.1269,1.12707,1.12696,1.12713,1.12696,1.12713,,,,,34
2025-04-15 20:18:00,1.12704,1.12712,1.12692,1.12707,1.1271,1.12718,1.12698,1.12713,,,,,41
2025-04-15 20:19:00,1.1271,1.12718,1.12707,1.12707,1.12716,1.12724,1.12713,1.12713,,,,,27
2025-04-15 20:20:00,1.12704,1.12724,1.12703,1.12713,1.1271,1.1273,1.12709,1.12719,,,,,26
2025-04-15 20:21:00,1.12709,1.12731,1.12707,1.12731,1.12715,1.12737,1.12713,1.12737,,,,,25
2025-04-15 20:22:00,1.1273,1.12741,1.12728,1.12736,1.12736,1.12747,1.12734,1.12742,,,,,28
2025-04-15 20:23:00,1.12732,1.12732,1.12705,1.12706,1.12738,1.12738,1.12711,1.12712,,,,,26
2025-04-15 20:24:00,1.12707,1.12711,1.12697,1.12697,1.12713,1.12717,1.12703,1.12703,,,,,34
2025-04-15 20:25:00,1.127,1.12712,1.12692,1.12706,1.12706,1.12718,1.12698,1.12712,,,,,45
2025-04-15 20:26:00,1.12708,1.12713,1.12695,1.12697,1.12714,1.12719,1.12701,1.12703,,,,,25
2025-04-15 20:27:00,1.12705,1.1273,1.12703,1.12726,1.12711,1.12736,1.12709,1.12732,,,,,37
2025-04-15 20:28:00,1.12732,1.12763,1.12731,1.12756,1.12738,1.12772,1.12737,1.12762,,,,,47
2025-04-15 20:29:00,1.12755,1.12757,1.12744,1.1275,1.12761,1.12763,1.1275,1.12756,,,,,39
2025-04-15 20:30:00,1.12749,1.12755,1.12745,1.12751,1.12755,1.12761,1.12751,1.12757,,,,,27
2025-04-15 20:31:00,1.1275,1.12755,1.12733,1.12733,1.12756,1.12761,1.12739,1.12739,,,,,29
2025-04-15 20:32:00,1.12741,1.12754,1.12741,1.12746,1.12747,1.1276,1.12747,1.12752,,,,,30
2025-04-15 20:33:00,1.12747,1.12747,1.12737,1.12741,1.12753,1.12755,1.12744,1.12747,,,,,25
2025-04-15 20:34:00,1.12743,1.12746,1.12716,1.12716,1.12749,1.12752,1.12722,1.12722,,,,,28
2025-04-15 20:35:00,1.12718,1.12736,1.12718,1.12725,1.12724,1.12742,1.12724,1.12731,,,,,32
2025-04-15 20:36:00,1.12726,1.12735,1.12707,1.12708,1.12732,1.12741,1.12713,1.12714,,,,,45
2025-04-15 20:37:00,1.1271,1.1271,1.12691,1.12692,1.12716,1.12716,1.12697,1.12698,,,,,28
2025-04-15 20:38:00,1.1269,1.12691,1.12676,1.12677,1.12696,1.12697,1.12682,1.12683,,,,,31
2025-04-15 20:39:00,1.12676,1.12694,1.12662,1.12686,1.12682,1.127,1.12668,1.12692,,,,,50
2025-04-15 20:40:00,1.12689,1.12708,1.12688,1.12706,1.12695,1.12714,1.12694,1.12712,,,,,29
2025-04-15 20:41:00,1.12705,1.12721,1.12682,1.12716,1.12711,1.12727,1.12688,1.12722,,,,,59
2025-04-15 20:42:00,1.12714,1.12716,1.12702,1.12709,1.1272,1.12722,1.12708,1.12715,,,,,27
2025-04-15 20:43:00,1.12708,1.12715,1.12694,1.12695,1.12714,1.12721,1.127,1.12701,,,,,30
2025-04-15 20:44:00,1.12687,1.12703,1.12683,1.12697,1.12693,1.12709,1.12689,1.12703,,,,,20
2025-04-15 20:45:00,1.127,1.12707,1.12679,1.12682,1.12706,1.12713,1.12685,1.12688,,,,,20
2025-04-15 20:46:00,1.12686,1.12697,1.12678,1.12696,1.12692,1.12705,1.12684,1.12702,,,,,48
2025-04-15 20:47:00,1.12695,1.12704,1.12684,1.12704,1.12701,1.1271,1.1269,1.1271,,,,,28
2025-04-15 20:48:00,1.12706,1.12718,1.12706,1.1271,1.12712,1.12724,1.12712,1.12716,,,,,34
2025-04-15 20:49:00,1.12709,1.12714,1.12693,1.12693,1.12715,1.1272,1.12699,1.12699,,,,,37
2025-04-15 20:50:00,1.12695,1.12705,1.12693,1.12702,1.12701,1.12711,1.12699,1.12708,,,,,20
2025-04-15 20:51:00,1.12705,1.12728,1.12703,1.12728,1.12711,1.12734,1.12709,1.12734,,,,,24
2025-04-15 20:52:00,1.12733,1.12733,1.12723,1.12732,1.12739,1.1274,1.12729,1.12738,,,,,23
2025-04-15 20:53:00,1.12734,1.12738,1.12729,1.12733,1.1274,1.12744,1.12735,1.12739,,,,,23
2025-04-15 20:54:00,1.1273,1.12731,1.12723,1.12726,1.12736,1.1274,1.12729,1.12732,,,,,22
2025-04-15 20:55:00,1.12728,1.12735,1.12722,1.12735,1.12734,1.12741,1.1273,1.12741,,,,,30
2025-04-15 20:56:00,1.12729,1.12729,1.12703,1.12716,1.12735,1.12735,1.12709,1.12722,,,,,46
2025-04-15 20:57:00,1.12715,1.1272,1.12709,1.12718,1.12721,1.12726,1.12715,1.12724,,,,,22
2025-04-15 20:58:00,1.12717,1.12726,1.12711,1.12724,1.12723,1.12732,1.12717,1.1273,,,,,37
2025-04-15 20:59:00,1.12725,1.12748,1.12722,1.12733,1.12731,1.12754,1.12728,1.12739,,,,,69
2025-04-15 21:00:00,1.12732,1.12732,1.12722,1.12729,1.12738,1.12738,1.12728,1.12735,,,,,35
2025-04-15 21:01:00,1.12731,1.12735,1.12715,1.12715,1.12737,1.12741,1.12721,1.12721,,,,,50
2025-04-15 21:02:00,1.12717,1.12738,1.12713,1.12738,1.12723,1.12744,1.12719,1.12744,,,,,29
2025-04-15 21:03:00,1.12737,1.12751,1.12737,1.12748,1.12743,1.12757,1.12743,1.12754,,,,,28
2025-04-15 21:04:00,1.12746,1.12774,1.12746,1.12773,1.12752,1.1278,1.12752,1.12779,,,,,26
2025-04-15 21:05:00,1.1277,1.12771,1.12763,1.12771,1.12776,1.12777,1.12769,1.12777,,,,,20
2025-04-15 21:06:00,1.12774,1.12781,1.1276,1.1278,1.1278,1.12787,1.12766,1.12786,,,,,34
2025-04-15 21:07:00,1.12781,1.12789,1.12773,1.12789,1.12787,1.12795,1.12779,1.12795,,,,,15
2025-04-15 21:08:00,1.1279,1.12803,1.12789,1.12797,1.12796,1.12809,1.12795,1.12803,,,,,33
2025-04-15 21:09:00,1.12798,1.12803,1.12783,1.12786,1.12807,1.12809,1.12789,1.12792,,,,,23
2025-04-15 21:10:00,1.12787,1.12792,1.12784,1.12792,1.12793,1.12798,1.12791,1.12798,,,,,19
2025-04-15 21:11:00,1.12791,1.12802,1.12788,1.128,1.12797,1.12808,1.12794,1.12806,,,,,22
2025-04-15 21:12:00,1.12797,1.12797,1.12791,1.12792,1.12803,1.12803,1.12797,1.12798,,,,,12
2025-04-15 21:13:00,1.1279,1.12803,1.1279,1.12803,1.12796,1.12809,1.12796,1.12809,,,,,12
2025-04-15 21:14:00,1.12801,1.12807,1.12798,1.12805,1.1281,1.12813,1.12806,1.12811,,,,,16
2025-04-15 21:15:00,1.12804,1.12807,1.12795,1.12806,1.1281,1.12813,1.12801,1.12812,,,,,18
2025-04-15 21:16:00,1.12805,1.12807,1.12798,1.12805,1.12811,1.12813,1.12804,1.12811,,,,,24
2025-04-15 21:17:00,1.128,1.12804,1.12798,1.12802,1.12806,1.1281,1.12804,1.12808,,,,,16
2025-04-15 21:18:00,1.12805,1.12807,1.12805,1.12806,1.12811,1.12813,1.12811,1.12812,,,,,4
2025-04-15 21:19:00,1.12805,1.12839,1.12805,1.12839,1.12811,1.12845,1.12811,1.12845,,,,,52
2025-04-15 21:20:00,1.12842,1.12849,1.12836,1.12846,1.12851,1.12857,1.12842,1.12852,,,,,29
2025-04-15 21:21:00,1.12845,1.12852,1.1284,1.12851,1.12851,1.1286,1.12849,1.1286,,,,,24
2025-04-15 21:22:00,1.12849,1.12859,1.12843,1.12859,1.12858,1.12865,1.12849,1.12865,,,,,22
2025-04-15 21:23:00,1.1286,1.12871,1.12854,1.12868,1.12866,1.12877,1.1286,1.12874,,,,,35
2025-04-15 21:24:00,1.1287,1.12871,1.12847,1.12848,1.12876,1.12877,1.12853,1.12854,,,,,21
2025-04-15 21:25:00,1.12847,1.12853,1.12832,1.12852,1.12853,1.12859,1.12838,1.12858,,,,,37
2025-04-15 21:26:00,1.12851,1.12854,1.12847,1.1285,1.12857,1.1286,1.12853,1.12856,,,,,39
2025-04-15 21:27:00,1.12849,1.12849,1.12838,1.12846,1.12855,1.12855,1.12844,1.12852,,,,,34
2025-04-15 21:28:00,1.12842,1.12848,1.12837,1.12842,1.12848,1.12854,1.12843,1.12848,,,,,27
2025-04-15 21:29:00,1.1284,1.1285,1.12839,1.1285,1.12846,1.12859,1.12845,1.12859,,,,,16
2025-04-15 21:30:00,1.12848,1.12848,1.12821,1.12821,1.12857,1.12857,1.1283,1.1283,,,,,27
2025-04-15 21:31:00,1.1282,1.1282,1.12795,1.1281,1.12829,1.12832,1.12804,1.12816,,,,,54
2025-04-15 21:32:00,1.12811,1.1283,1.12807,1.12814,1.12817,1.12839,1.12813,1.1282,,,,,32
2025-04-15 21:33:00,1.12815,1.12839,1.12815,1.12836,1.12821,1.12845,1.12821,1.12842,,,,,31
2025-04-15 21:34:00,1.12833,1.12836,1.12833,1.12835,1.12839,1.12842,1.12839,1.12841,,,,,9
2025-04-15 21:35:00,1.12834,1.12841,1.12834,1.12841,1.1284,1.12847,1.1284,1.12847,,,,,24
2025-04-15 21:36:00,1.12839,1.12844,1.12839,1.12842,1.12845,1.1285,1.12845,1.12848,,,,,14
2025-04-15 21:37:00,1.12843,1.12843,1.12823,1.12826,1.12849,1.12849,1.12829,1.12832,,,,,27
2025-04-15 21:38:00,1.12825,1.12825,1.12816,1.12822,1.12831,1.12832,1.12822,1.12828,,,,,24
2025-04-15 21:39:00,1.1282,1.12832,1.12817,1.12831,1.12826,1.12838,1.12823,1.12837,,,,,26
2025-04-15 21:40:00,1.12833,1.12838,1.1283,1.12837,1.12839,1.12844,1.12836,1.12843,,,,,27
2025-04-15 21:41:00,1.12838,1.12866,1.12838,1.1286,1.12844,1.12875,1.12844,1.12875,,,,,33
2025-04-15 21:42:00,1.12862,1.12871,1.12862,1.1287,1.12876,1.1288,1.12874,1.12879,,,,,12
2025-04-15 21:43:00,1.12865,1.12865,1.12856,1.12862,1.12874,1.12874,1.12865,1.12868,,,,,12
2025-04-15 21:44:00,1.12866,1.12871,1.12856,1.12856,1.12872,1.12877,1.12862,1.12862,,,,,19
2025-04-15 21:45:00,1.12857,1.12862,1.12854,1.12854,1.12863,1.12868,1.1286,1.1286,,,,,12
2025-04-15 21:46:00,1.12855,1.12873,1.12855,1.12871,1.12861,1.12879,1.12861,1.12877,,,,,21
2025-04-15 21:47:00,1.12872,1.12872,1.12865,1.12866,1.12878,1.12881,1.12871,1.12872,,,,,11
2025-04-15 21:48:00,1.12867,1.12867,1.1285,1.12854,1.12873,1.12873,1.12859,1.12863,,,,,18
2025-04-15 21:49:00,1.12855,1.12855,1.12834,1.12834,1.12864,1.12864,1.12843,1.12843,,,,,13
2025-04-15 21:50:00,1.12835,1.12842,1.1283,1.12842,1.12844,1.12848,1.12836,1.12848,,,,,22
2025-04-15 21:51:00,1.12845,1.12853,1.12845,1.12847,1.12851,1.12859,1.12851,1.12853,,,,,22
2025-04-15 21:52:00,1.12846,1.12851,1.12845,1.12845,1.12852,1.12858,1.12852,1.12854,,,,,18
2025-04-15 21:53:00,1.12846,1.1285,1.12843,1.12849,1.12855,1.12859,1.12849,1.12858,,,,,27
2025-04-15 21:54:00,1.1285,1.12855,1.12843,1.12844,1.12859,1.12864,1.12852,1.12853,,,,,14
2025-04-15 21:55:00,1.12845,1.12849,1.12807,1.1281,1.12854,1.12858,1.12832,1.12838,,,,,37
2025-04-15 21:56:00,1.12812,1.12812,1.12796,1.12808,1.12832,1.12832,1.12817,1.1283,,,,,56
2025-04-15 21:57:00,1.12809,1.1281,1.12799,1.12799,1.12831,1.12831,1.12815,1.12816,,,,,38
2025-04-15 21:58:00,1.128,1.12809,1.128,1.12805,1.12814,1.12824,1.12814,1.12824,,,,,25
2025-04-15 21:59:00,1.12806,1.12821,1.12805,1.1282,1.12823,1.1283,1.12818,1.12829,,,,,42
2025-04-15 22:00:00,1.12825,1.12845,1.12821,1.12843,1.12834,1.12851,1.1283,1.12849,,,,,22
2025-04-15 22:01:00,1.12842,1.12842,1.12822,1.12837,1.12848,1.12848,1.12828,1.12843,,,,,23
2025-04-15 22:02:00,1.12841,1.12857,1.12841,1.12857,1.12847,1.12866,1.12847,1.12866,,,,,14
2025-04-15 22:03:00,1.12856,1.12857,1.12835,1.12845,1.12865,1.12866,1.12841,1.12851,,,,,28
2025-04-15 22:04:00,1.12832,1.12843,1.12832,1.12835,1.12841,1.12849,1.12839,1.12844,,,,,15
2025-04-15 22:05:00,1.12836,1.12854,1.12832,1.12847,1.12845,1.12863,1.12841,1.12856,,,,,35
2025-04-15 22:06:00,1.12849,1.12854,1.12835,1.12843,1.12858,1.12863,1.12844,1.12852,,,,,27
2025-04-15 22:07:00,1.12849,1.12854,1.12843,1.12845,1.12858,1.12863,1.12852,1.12854,,,,,19
2025-04-15 22:08:00,1.1284,1.1284,1.12818,1.12824,1.12849,1.12849,1.12827,1.12833,,,,,13
2025-04-15 22:09:00,1.12825,1.12825,1.12812,1.12819,1.12834,1.12834,1.12821,1.12828,,,,,16
2025-04-15 22:10:00,1.1282,1.12825,1.12808,1.12808,1.12829,1.12834,1.12817,1.12817,,,,,9
2025-04-15 22:11:00,1.12809,1.12814,1.12805,1.12809,1.12818,1.12823,1.12814,1.12818,,,,,12
2025-04-15 22:12:00,1.1281,1.12819,1.12809,1.12819,1.12819,1.12828,1.12818,1.12828,,,,,11
2025-04-15 22:13:00,1.12825,1.12829,1.12823,1.12825,1.12834,1.12838,1.12832,1.12834,,,,,10
2025-04-15 22:14:00,1.12819,1.1282,1.12806,1.12806,1.12828,1.12832,1.12823,1.12832,,,,,12
2025-04-15 22:15:00,1.12805,1.12824,1.12805,1.12814,1.12824,1.12843,1.12824,1.12843,,,,,5
2025-04-15 22:16:00,1.12815,1.12829,1.12815,1.12829,1.12841,1.12846,1.12835,1.12838,,,,,9
2025-04-15 22:17:00,1.12828,1.12828,1.12811,1.12814,1.12834,1.12834,1.12817,1.1282,,,,,11
2025-04-15 22:18:00,1.12813,1.12814,1.12805,1.1281,1.12819,1.1282,1.12811,1.12816,,,,,25
2025-04-15 22:19:00,1.12817,1.12824,1.12817,1.12824,1.12823,1.1283,1.12823,1.1283,,,,,5
2025-04-15 22:20:00,1.12821,1.12824,1.12819,1.12822,1.12832,1.12833,1.12827,1.12828,,,,,11
2025-04-15 22:21:00,1.12823,1.12832,1.12819,1.12831,1.12829,1.12838,1.12825,1.12837,,,,,20
2025-04-15 22:22:00,1.12828,1.12828,1.12812,1.12813,1.12834,1.12834,1.12821,1.12822,,,,,9
2025-04-15 22:23:00,1.12814,1.1282,1.12814,1.1282,1.12823,1.12829,1.12823,1.12829,,,,,6
2025-04-15 22:24:00,1.12818,1.12824,1.12796,1.12797,1.12832,1.12833,1.12805,1.12809,,,,,22
2025-04-15 22:25:00,1.12805,1.12815,1.12805,1.12815,1.12811,1.12821,1.12811,1.12821,,,,,6
2025-04-15 22:26:00,1.12811,1.12815,1.1281,1.12815,1.12825,1.12826,1.1282,1.12821,,,,,8
2025-04-15 22:27:00,1.12816,1.12874,1.12816,1.12874,1.12822,1.1288,1.12822,1.1288,,,,,22
2025-04-15 22:28:00,1.12877,1.12878,1.1286,1.12864,1.12883,1.12884,1.12869,1.12873,,,,,18
2025-04-15 22:29:00,1.12865,1.12874,1.12865,1.12873,1.12874,1.12883,1.12874,1.12879,,,,,13
2025-04-15 22:30:00,1.12875,1.12881,1.12869,1.12879,1.12881,1.12887,1.12878,1.12885,,,,,13
2025-04-15 22:31:00,1.1288,1.12895,1.12879,1.1289,1.12891,1.12901,1.12888,1.12896,,,,,11
2025-04-15 22:32:00,1.12891,1.12891,1.12887,1.1289,1.12897,1.12897,1.12893,1.12896,,,,,11
2025-04-15 22:33:00,1.12886,1.1289,1.12886,1.1289,1.12899,1.12899,1.12895,1.12896,,,,,5
2025-04-15 22:34:00,1.12888,1.1289,1.12879,1.12879,1.12894,1.12896,1.12885,1.12885,,,,,10
2025-04-15 22:35:00,1.12877,1.12879,1.12874,1.12879,1.12886,1.12888,1.12883,1.12888,,,,,5
2025-04-15 22:36:00,1.12873,1.12877,1.12862,1.12865,1.12895,1.12896,1.12871,1.12871,,,,,8
2025-04-15 22:37:00,1.12863,1.12866,1.12862,1.12862,1.12869,1.12874,1.12869,1.12874,,,,,15
2025-04-15 22:38:00,1.12864,1.12864,1.12862,1.12862,1.12873,1.12874,1.12871,1.12871,,,,,7
2025-04-15 22:39:00,1.12854,1.12859,1.12853,1.12859,1.12863,1.12868,1.12862,1.12868,,,,,5
2025-04-15 22:40:00,1.12858,1.12858,1.12847,1.12853,1.12867,1.12867,1.12856,1.12862,,,,,10
2025-04-15 22:41:00,1.12854,1.12858,1.12854,1.12854,1.12863,1.12867,1.12863,1.12863,,,,,3
2025-04-15 22:42:00,1.12847,1.12848,1.12843,1.12843,1.12856,1.12857,1.12852,1.12852,,,,,8
2025-04-15 22:43:00,1.12838,1.12838,1.12831,1.12838,1.12847,1.12855,1.12846,1.12847,,,,,7
2025-04-15 22:44:00,1.12839,1.12842,1.12835,1.12835,1.12848,1.12851,1.12844,1.12844,,,,,8
2025-04-15 22:45:00,1.12837,1.12837,1.12834,1.12834,1.12846,1.12846,1.12843,1.12843,,,,,2
2025-04-15 22:46:00,1.12828,1.12833,1.12828,1.12833,1.12849,1.12849,1.12837,1.12842,,,,,7
2025-04-15 22:47:00,1.12834,1.12834,1.12818,1.12819,1.12843,1.12843,1.12827,1.12828,,,,,9
2025-04-15 22:48:00,1.1282,1.12824,1.12812,1.12824,1.12829,1.12833,1.12821,1.12833,,,,,8
2025-04-15 22:49:00,1.12818,1.1283,1.12818,1.12819,1.12827,1.12839,1.12827,1.12828,,,,,19
2025-04-15 22:50:00,1.1282,1.12824,1.12818,1.12824,1.12829,1.12833,1.12827,1.12833,,,,,5
2025-04-15 22:51:00,1.12825,1.12838,1.12823,1.12838,1.12834,1.12847,1.12832,1.12847,,,,,8
2025-04-15 22:52:00,1.12837,1.12838,1.12825,1.12829,1.12846,1.12847,1.12834,1.12838,,,,,6
2025-04-15 22:53:00,1.12828,1.12829,1.12824,1.12824,1.12837,1.12838,1.12833,1.12833,,,,,3
2025-04-15 22:54:00,1.12823,1.12825,1.12822,1.12824,1.12832,1.12834,1.12832,1.12833,,,,,5
2025-04-15 22:55:00,1.12821,1.12827,1.12815,1.12817,1.12836,1.12842,1.1283,1.12832,,,,,10
2025-04-15 22:56:00,1.12822,1.12822,1.12821,1.12821,1.12837,1.12837,1.12836,1.12836,,,,,2
2025-04-15 22:57:00,1.12817,1.12817,1.12805,1.12811,1.1284,1.1284,1.12828,1.12835,,,,,13
2025-04-15 22:58:00,1.12808,1.12808,1.12789,1.12803,1.12833,1.12833,1.12814,1.12828,,,,,35
2025-04-15 22:59:00,1.12807,1.12809,1.12799,1.12799,1.12832,1.12865,1.12829,1.12865,,,,,19
2025-04-15 23:00:00,1.12792,1.12792,1.12791,1.12791,1.12858,1.12858,1.12857,1.12857,,,,,2
2025-04-15 23:01:00,1.12792,1.12808,1.12792,1.12808,1.12858,1.12874,1.12858,1.12874,,,,,2
2025-04-15 23:02:00,1.12809,1.12809,1.12809,1.12809,1.12875,1.12875,1.12875,1.12875,,,,,1
2025-04-15 23:03:00,1.12808,1.12808,1.12808,1.12808,1.12874,1.12874,1.12874,1.12874,,,,,1
2025-04-15 23:05:00,1.12805,1.12805,1.12804,1.12804,1.12871,1.12871,1.1287,1.1287,,,,,2
2025-04-15 23:06:00,1.12803,1.12803,1.12803,1.12803,1.12869,1.12869,1.12869,1.12869,,,,,1
2025-04-15 23:08:00,1.12804,1.12804,1.12804,1.12804,1.1287,1.1287,1.1287,1.1287,,,,,1
2025-04-15 23:09:00,1.12802,1.12802,1.12802,1.12802,1.12868,1.12868,1.12868,1.12868,,,,,1
2025-04-15 23:11:00,1.12804,1.12829,1.12804,1.12829,1.1287,1.12895,1.1287,1.12895,,,,,4
2025-04-15 23:12:00,1.1283,1.12831,1.1283,1.12831,1.12896,1.12897,1.12896,1.12897,,,,,2
2025-04-15 23:14:00,1.12826,1.12826,1.12818,1.12818,1.12892,1.12892,1.12884,1.12884,,,,,2
2025-04-15 23:15:00,1.12819,1.12819,1.12819,1.12819,1.12885,1.12885,1.12885,1.12885,,,,,1
2025-04-15 23:18:00,1.1282,1.1282,1.1281,1.12819,1.12886,1.12886,1.12876,1.12885,,,,,7
2025-04-15 23:19:00,1.1282,1.1282,1.1282,1.1282,1.12886,1.12886,1.12886,1.12886,,,,,1
2025-04-15 23:20:00,1.12819,1.12819,1.12819,1.12819,1.12885,1.12885,1.12885,1.12885,,,,,1
2025-04-15 23:21:00,1.1282,1.1282,1.1282,1.1282,1.12886,1.12886,1.12886,1.12886,,,,,1
2025-04-15 23:23:00,1.12809,1.12839,1.12809,1.12823,1.12875,1.12893,1.12871,1.12889,,,,,7
2025-04-15 23:24:00,1.12821,1.12821,1.12812,1.12814,1.12887,1.12887,1.12873,1.12873,,,,,5
2025-04-15 23:25:00,1.12813,1.1282,1.12813,1.12819,1.12872,1.12886,1.12867,1.12884,,,,,6
2025-04-15 23:26:00,1.12817,1.12817,1.12817,1.12817,1.12883,1.12883,1.12883,1.12883,,,,,1
2025-04-15 23:27:00,1.12819,1.12819,1.12817,1.12817,1.12881,1.12883,1.12881,1.12883,,,,,2
2025-04-15 23:28:00,1.12812,1.12821,1.12812,1.12819,1.12869,1.12883,1.12868,1.12882,,,,,5
2025-04-15 23:29:00,1.12821,1.12821,1.12817,1.12817,1.1288,1.12883,1.1288,1.12883,,,,,2
2025-04-15 23:31:00,1.12816,1.12816,1.12815,1.12815,1.12882,1.12882,1.1288,1.1288,,,,,3
2025-04-15 23:32:00,,,,,1.12879,1.12879,1.12879,1.12879,,,,,1
2025-04-15 23:33:00,1.12804,1.12804,1.12801,1.12801,1.1287,1.1287,1.12867,1.12867,,,,,2
2025-04-15 23:34:00,1.12798,1.12802,1.1279,1.12802,1.12864,1.12868,1.12856,1.12868,,,,,3
2025-04-15 23:36:00,1.12788,1.12802,1.12785,1.12802,1.12854,1.12868,1.12851,1.12868,,,,,4
2025-04-15 23:38:00,1.12803,1.12803,1.128,1.128,1.12869,1.12869,1.12866,1.12866,,,,,3
2025-04-15 23:41:00,1.12788,1.12788,1.12788,1.12788,1.12854,1.12854,1.12854,1.12854,,,,,1
2025-04-15 23:42:00,1.12785,1.128,1.12785,1.128,1.12851,1.12866,1.12851,1.12866,,,,,3
2025-04-15 23:43:00,1.12786,1.12786,1.12786,1.12786,1.12852,1.12852,1.12852,1.12852,,,,,1
2025-04-15 23:44:00,1.12783,1.12799,1.12783,1.12799,1.12849,1.12865,1.12849,1.12865,,,,,2
2025-04-15 23:45:00,1.12801,1.12801,1.12801,1.12801,1.12867,1.12867,1.12867,1.12867,,,,,1
2025-04-15 23:46:00,1.12793,1.12798,1.12793,1.12798,1.12859,1.12864,1.12859,1.12864,,,,,2
2025-04-15 23:47:00,1.128,1.12817,1.128,1.12807,1.12866,1.12883,1.12866,1.12873,,,,,5
2025-04-15 23:50:00,1.12808,1.12808,1.12794,1.12807,1.12874,1.12874,1.1286,1.12873,,,,,3
2025-04-15 23:51:00,1.12804,1.12804,1.12804,1.12804,1.1287,1.1287,1.1287,1.1287,,,,,1
2025-04-15 23:52:00,1.12805,1.12805,1.12805,1.12805,1.12871,1.12871,1.12871,1.12871,,,,,1
2025-04-15 23:53:00,1.1279,1.12801,1.1279,1.12801,1.12856,1.12867,1.12856,1.12867,,,,,2
2025-04-15 23:54:00,1.12804,1.12804,1.12804,1.12804,1.1287,1.1287,1.1287,1.1287,,,,,1
2025-04-15 23:55:00,1.12788,1.12803,1.12788,1.12803,1.12854,1.12869,1.12854,1.12869,,,,,2
2025-04-15 23:56:00,1.12804,1.12804,1.12804,1.12804,1.1287,1.1287,1.1287,1.1287,,,,,1
2025-04-15 23:58:00,1.12805,1.12805,1.12804,1.12805,1.12871,1.12871,1.1287,1.12871,,,,,3
2025-04-15 23:59:00,1.12804,1.12807,1.12784,1.12807,1.1287,1.12873,1.1285,1.12873,,,,,4
2025-04-16 00:00:00,1.12817,1.12847,1.12802,1.12832,1.12883,1.12891,1.12867,1.1287,,,,,24
2025-04-16 00:01:00,1.1284,1.12851,1.1284,1.12842,1.12879,1.12896,1.12871,1.12872,,,,,18
2025-04-16 00:02:00,1.12843,1.1286,1.1284,1.12858,1.12874,1.12884,1.12868,1.12881,,,,,48
2025-04-16 00:03:00,1.12859,1.12871,1.12859,1.12871,1.12884,1.12896,1.12884,1.12892,,,,,29
2025-04-16 00:04:00,1.12869,1.12883,1.12869,1.12882,1.12894,1.12909,1.12892,1.12905,,,,,24
2025-04-16 00:05:00,1.12885,1.12885,1.12872,1.12872,1.12902,1.12902,1.12888,1.12888,,,,,17
2025-04-16 00:06:00,1.12874,1.12887,1.12874,1.12884,1.12889,1.12901,1.12888,1.12897,,,,,18
2025-04-16 00:07:00,1.12885,1.12893,1.12884,1.12889,1.12898,1.12913,1.12898,1.1291,,,,,10
2025-04-16 00:08:00,1.12883,1.12896,1.12883,1.12893,1.12916,1.12916,1.12904,1.12913,,,,,16
2025-04-16 00:09:00,1.12901,1.12932,1.12901,1.12923,1.12921,1.12952,1.12921,1.12943,,,,,17
2025-04-16 00:10:00,1.12924,1.12949,1.12923,1.12949,1.12939,1.12961,1.12939,1.12961,,,,,12
2025-04-16 00:11:00,1.12954,1.12963,1.12944,1.12946,1.12967,1.12975,1.12957,1.12959,,,,,30
2025-04-16 00:12:00,1.12947,1.12965,1.12945,1.12959,1.1296,1.12978,1.12957,1.12972,,,,,17
2025-04-16 00:13:00,1.12951,1.12967,1.12951,1.12963,1.12975,1.1298,1.12975,1.12976,,,,,16
2025-04-16 00:14:00,1.12961,1.12963,1.12949,1.12963,1.12974,1.12976,1.12962,1.12976,,,,,23
2025-04-16 00:15:00,1.12962,1.12979,1.12961,1.12977,1.12974,1.12992,1.12973,1.12989,,,,,12
2025-04-16 00:16:00,1.12976,1.12987,1.12976,1.12987,1.12995,1.13,1.12995,1.13,,,,,7
2025-04-16 00:17:00,1.12986,1.12986,1.12982,1.12985,1.12999,1.12999,1.12995,1.12998,,,,,5
2025-04-16 00:18:00,1.12987,1.12987,1.12975,1.12976,1.12999,1.12999,1.12987,1.12989,,,,,7
2025-04-16 00:19:00,1.12975,1.12977,1.12932,1.12932,1.12986,1.12988,1.12944,1.12944,,,,,21
2025-04-16 00:20:00,1.1293,1.1293,1.12891,1.12897,1.12943,1.12943,1.12904,1.12909,,,,,29
2025-04-16 00:21:00,1.12894,1.1295,1.1289,1.1295,1.12907,1.12963,1.12903,1.12963,,,,,36
2025-04-16 00:22:00,1.12952,1.12959,1.12926,1.12926,1.12964,1.12972,1.12938,1.12938,,,,,20
2025-04-16 00:23:00,1.12927,1.12927,1.12912,1.12917,1.12939,1.12939,1.12925,1.12929,,,,,10
2025-04-16 00:24:00,1.12923,1.12923,1.1291,1.1291,1.12935,1.12935,1.12922,1.12922,,,,,3
2025-04-16 00:25:00,1.12908,1.12908,1.12897,1.12897,1.12925,1.12925,1.12906,1.12906,,,,,4
2025-04-16 00:26:00,1.12883,1.12898,1.12883,1.12898,1.12892,1.12907,1.12892,1.12907,,,,,9
2025-04-16 00:27:00,1.12897,1.12903,1.12896,1.12903,1.12906,1.12912,1.12905,1.12912,,,,,13
2025-04-16 00:28:00,1.12902,1.12916,1.12899,1.12907,1.12911,1.12927,1.12908,1.12925,,,,,29
2025-04-16 00:29:00,1.12909,1.12929,1.12908,1.12929,1.12927,1.12938,1.12924,1.12938,,,,,29
2025-04-16 00:30:00,1.12928,1.1295,1.12928,1.12938,1.12937,1.12959,1.12937,1.12947,,,,,25
2025-04-16 00:31:00,1.12936,1.12943,1.12936,1.12942,1.1295,1.12952,1.12945,1.12951,,,,,12
2025-04-16 00:32:00,1.12943,1.12945,1.12909,1.12915,1.12952,1.12961,1.12926,1.12931,,,,,33
2025-04-16 00:33:00,1.12918,1.12926,1.12918,1.12924,1.12935,1.1294,1.12934,1.12938,,,,,57
2025-04-16 00:34:00,1.12921,1.12925,1.12917,1.12925,1.12935,1.12937,1.12931,1.12937,,,,,11
2025-04-16 00:35:00,1.12924,1.12925,1.12919,1.12922,1.12936,1.12937,1.12931,1.12931,,,,,18
2025-04-16 00:36:00,1.12923,1.1294,1.12914,1.1294,1.12934,1.12949,1.12923,1.12949,,,,,10
2025-04-16 00:37:00,1.12946,1.12952,1.12935,1.12949,1.12955,1.12961,1.12946,1.12958,,,,,20
2025-04-16 00:38:00,1.12948,1.12949,1.12945,1.12947,1.12957,1.12958,1.12954,1.12956,,,,,17
2025-04-16 00:39:00,1.12951,1.12953,1.1295,1.12953,1.1296,1.12962,1.12959,1.12962,,,,,5
2025-04-16 00:40:00,1.12952,1.12956,1.12944,1.12945,1.12966,1.12966,1.12953,1.12954,,,,,17
2025-04-16 00:41:00,1.12953,1.12958,1.12943,1.12943,1.12962,1.12967,1.12952,1.12952,,,,,15
2025-04-16 00:42:00,1.12944,1.12955,1.12944,1.12953,1.12953,1.12964,1.12953,1.12962,,,,,19
2025-04-16 00:43:00,1.12955,1.12957,1.12954,1.12957,1.12965,1.12966,1.12962,1.12966,,,,,5
2025-04-16 00:44:00,1.12958,1.1296,1.12944,1.12945,1.12967,1.12973,1.12958,1.12959,,,,,34
2025-04-16 00:45:00,1.12947,1.12956,1.1294,1.12953,1.1296,1.12965,1.12949,1.12962,,,,,16
2025-04-16 00:46:00,1.12952,1.12955,1.12949,1.12955,1.12961,1.12964,1.12958,1.12964,,,,,11
2025-04-16 00:47:00,1.12956,1.12962,1.12956,1.12962,1.12965,1.12971,1.12965,1.12971,,,,,10
2025-04-16 00:48:00,1.12963,1.12964,1.12962,1.12962,1.12972,1.12976,1.12971,1.12971,,,,,4
2025-04-16 00:49:00,1.12959,1.12961,1.12953,1.12956,1.12968,1.1297,1.12962,1.12965,,,,,16
2025-04-16 00:50:00,1.12958,1.12965,1.12955,1.12964,1.12967,1.12974,1.12964,1.12973,,,,,15
2025-04-16 00:51:00,1.12965,1.12971,1.12965,1.12968,1.12974,1.1298,1.12974,1.12977,,,,,12
2025-04-16 00:52:00,1.12967,1.12968,1.12965,1.12968,1.12976,1.12977,1.12974,1.12977,,,,,6
2025-04-16 00:53:00,1.12965,1.1297,1.12935,1.12936,1.12979,1.12979,1.12944,1.12945,,,,,30
2025-04-16 00:54:00,1.1294,1.12956,1.12937,1.12938,1.12949,1.12967,1.12946,1.12947,,,,,34
2025-04-16 00:55:00,1.12936,1.12944,1.12936,1.12939,1.12945,1.12956,1.12945,1.12953,,,,,24
2025-04-16 00:56:00,1.12942,1.12949,1.12941,1.12948,1.12956,1.12962,1.12955,1.12961,,,,,46
2025-04-16 00:57:00,1.12949,1.12951,1.12931,1.12937,1.12962,1.12964,1.1294,1.12946,,,,,36
2025-04-16 00:58:00,1.12938,1.12951,1.12935,1.12951,1.12947,1.12965,1.12944,1.12964,,,,,27
2025-04-16 00:59:00,1.12952,1.12954,1.12948,1.12951,1.12966,1.12969,1.12961,1.12967,,,,,24
2025-04-16 01:00:00,1.12953,1.12954,1.12891,1.12917,1.1297,1.1297,1.12901,1.1293,,,,,99
2025-04-16 01:01:00,1.12921,1.12921,1.12878,1.12878,1.12933,1.12933,1.12893,1.12894,,,,,40
2025-04-16 01:02:00,1.12883,1.12903,1.12881,1.12895,1.12893,1.12912,1.1289,1.12912,,,,,25
2025-04-16 01:03:00,1.12896,1.12908,1.12884,1.12905,1.12913,1.12917,1.129,1.12914,,,,,30
2025-04-16 01:04:00,1.12906,1.12915,1.12865,1.1287,1.12915,1.12924,1.12871,1.12885,,,,,50
2025-04-16 01:05:00,1.12868,1.12872,1.1284,1.12842,1.12884,1.12889,1.12856,1.12858,,,,,47
2025-04-16 01:06:00,1.12844,1.1286,1.1283,1.12855,1.12859,1.12872,1.12838,1.12869,,,,,46
2025-04-16 01:07:00,1.12854,1.12858,1.12837,1.12849,1.12866,1.12867,1.12846,1.12865,,,,,52
2025-04-16 01:08:00,1.12848,1.12856,1.12833,1.12852,1.12866,1.12873,1.12842,1.12861,,,,,91
2025-04-16 01:09:00,1.12848,1.12863,1.1284,1.12861,1.12857,1.12872,1.12854,1.1287,,,,,60
2025-04-16 01:10:00,1.12866,1.12879,1.12848,1.12862,1.12875,1.12888,1.12864,1.12877,,,,,59
2025-04-16 01:11:00,1.12861,1.12881,1.12853,1.12878,1.12876,1.12896,1.12864,1.12895,,,,,32
2025-04-16 01:12:00,1.12877,1.12903,1.12876,1.12897,1.12893,1.12909,1.12889,1.12903,,,,,30
2025-04-16 01:13:00,1.12895,1.12913,1.12877,1.12912,1.12901,1.12919,1.12883,1.12918,,,,,38
2025-04-16 01:14:00,1.12911,1.12913,1.12903,1.12907,1.12917,1.12919,1.12909,1.12913,,,,,33
2025-04-16 01:15:00,1.12906,1.12907,1.12885,1.12885,1.12912,1.12913,1.12891,1.12891,,,,,35
2025-04-16 01:16:00,1.1288,1.12893,1.12878,1.12884,1.12886,1.12899,1.12884,1.1289,,,,,21
2025-04-16 01:17:00,1.12885,1.12885,1.12869,1.12877,1.12891,1.12891,1.12875,1.12883,,,,,29
2025-04-16 01:18:00,1.12879,1.12881,1.12869,1.1288,1.12885,1.12887,1.12875,1.12886,,,,,12
2025-04-16 01:19:00,1.12879,1.12879,1.12868,1.12871,1.12885,1.12885,1.12874,1.12877,,,,,21
2025-04-16 01:20:00,1.12869,1.12887,1.12868,1.12878,1.12875,1.12893,1.12874,1.12884,,,,,20
2025-04-16 01:21:00,1.12879,1.12879,1.12872,1.12877,1.12885,1.12893,1.12878,1.12886,,,,,17
2025-04-16 01:22:00,1.12878,1.12888,1.12878,1.12886,1.12887,1.12904,1.12887,1.12901,,,,,26
2025-04-16 01:23:00,1.12888,1.12899,1.12876,1.12878,1.12902,1.1291,1.12882,1.12884,,,,,24
2025-04-16 01:24:00,1.12879,1.12886,1.12872,1.12877,1.12885,1.12898,1.12885,1.1289,,,,,39
2025-04-16 01:25:00,1.12876,1.12894,1.12876,1.1288,1.12889,1.12907,1.12886,1.12889,,,,,32
2025-04-16 01:26:00,1.12881,1.12889,1.12881,1.12888,1.1289,1.12895,1.1289,1.12894,,,,,15
2025-04-16 01:27:00,1.12889,1.12921,1.12882,1.12921,1.12895,1.12927,1.12888,1.12927,,,,,43
2025-04-16 01:28:00,1.12919,1.12934,1.12907,1.12931,1.12925,1.1294,1.12913,1.12937,,,,,30
2025-04-16 01:29:00,1.12922,1.12922,1.12904,1.12905,1.12928,1.12932,1.12918,1.12918,,,,,23
2025-04-16 01:30:00,1.12897,1.12915,1.12896,1.12913,1.12912,1.12921,1.12905,1.12919,,,,,38
2025-04-16 01:31:00,1.12918,1.12926,1.12918,1.12922,1.12924,1.12933,1.12924,1.12931,,,,,21
2025-04-16 01:32:00,1.12921,1.12935,1.12916,1.12934,1.1293,1.12941,1.12922,1.1294,,,,,26
2025-04-16 01:33:00,1.12935,1.12955,1.12935,1.1294,1.12941,1.12968,1.12941,1.12949,,,,,43
2025-04-16 01:34:00,1.12939,1.12949,1.12937,1.12944,1.12948,1.12959,1.12946,1.1295,,,,,25
2025-04-16 01:35:00,1.1294,1.12947,1.12932,1.12943,1.12955,1.12961,1.12947,1.12954,,,,,31
2025-04-16 01:36:00,1.12935,1.12945,1.12935,1.12945,1.12952,1.12954,1.12944,1.12954,,,,,23
2025-04-16 01:37:00,1.12948,1.12953,1.1292,1.12936,1.12957,1.12961,1.12926,1.12942,,,,,41
2025-04-16 01:38:00,1.12937,1.12946,1.12937,1.12943,1.12943,1.12952,1.12943,1.12949,,,,,22
2025-04-16 01:39:00,1.12942,1.12947,1.12933,1.12943,1.12948,1.12953,1.12939,1.12949,,,,,29
2025-04-16 01:40:00,1.12944,1.12952,1.12934,1.12948,1.1295,1.12958,1.1294,1.12954,,,,,28
2025-04-16 01:41:00,1.12947,1.12953,1.12947,1.1295,1.12953,1.12959,1.12953,1.12956,,,,,24
2025-04-16 01:42:00,1.12951,1.12954,1.12945,1.12953,1.1296,1.1296,1.12953,1.12959,,,,,11
2025-04-16 01:43:00,1.12949,1.12964,1.12944,1.12957,1.12962,1.12973,1.12958,1.12966,,,,,29
2025-04-16 01:44:00,1.12961,1.12965,1.12947,1.12959,1.1297,1.12972,1.12953,1.12965,,,,,40
2025-04-16 01:45:00,1.1296,1.12965,1.12951,1.12956,1.12966,1.12976,1.12957,1.1297,,,,,32
2025-04-16 01:46:00,1.12957,1.12968,1.12949,1.12951,1.12972,1.12978,1.12958,1.1296,,,,,50
2025-04-16 01:47:00,1.12953,1.12982,1.12953,1.12977,1.12962,1.12988,1.12962,1.12983,,,,,36
2025-04-16 01:48:00,1.12978,1.12982,1.12972,1.12979,1.12984,1.12992,1.12984,1.12991,,,,,22
2025-04-16 01:49:00,1.12976,1.12977,1.12969,1.12973,1.12989,1.12989,1.12981,1.12982,,,,,22
2025-04-16 01:50:00,1.12975,1.12976,1.12949,1.12949,1.12984,1.12985,1.12955,1.12955,,,,,13
2025-04-16 01:51:00,1.12945,1.12953,1.12942,1.12952,1.12951,1.12966,1.12951,1.12966,,,,,32
2025-04-16 01:52:00,1.12953,1.12957,1.12948,1.12956,1.12972,1.12972,1.12962,1.12967,,,,,29
2025-04-16 01:53:00,1.12957,1.12968,1.12952,1.12957,1.12968,1.12977,1.12961,1.12963,,,,,31
2025-04-16 01:54:00,1.12958,1.12963,1.12941,1.12942,1.12964,1.12969,1.12947,1.12948,,,,,37
2025-04-16 01:55:00,1.1294,1.1294,1.12917,1.12918,1.12946,1.12946,1.12924,1.12935,,,,,33
2025-04-16 01:56:00,1.12916,1.1293,1.12915,1.12929,1.12933,1.12942,1.12931,1.12941,,,,,62
2025-04-16 01:57:00,1.1293,1.12935,1.12919,1.12919,1.12942,1.12942,1.12925,1.12925,,,,,39
2025-04-16 01:58:00,1.12918,1.1292,1.12912,1.12912,1.12924,1.12928,1.12921,1.12921,,,,,33
2025-04-16 01:59:00,1.12911,1.12935,1.1291,1.12934,1.1292,1.12941,1.12919,1.1294,,,,,27
2025-04-16 02:00:00,1.12929,1.12953,1.12925,1.12948,1.12935,1.12962,1.12931,1.12957,,,,,102
2025-04-16 02:01:00,1.12957,1.1297,1.12947,1.12953,1.12963,1.12976,1.12953,1.12962,,,,,63
2025-04-16 02:02:00,1.12955,1.12965,1.12945,1.1296,1.12964,1.12974,1.12951,1.12969,,,,,91
2025-04-16 02:03:00,1.12959,1.12974,1.12957,1.12967,1.12968,1.1298,1.12963,1.12973,,,,,63
2025-04-16 02:04:00,1.12968,1.12976,1.12948,1.12973,1.12974,1.12982,1.12954,1.12979,,,,,68
2025-04-16 02:05:00,1.12976,1.12993,1.12967,1.12977,1.12982,1.13002,1.12973,1.12983,,,,,74
2025-04-16 02:06:00,1.12978,1.12995,1.12977,1.12988,1.12984,1.13004,1.12983,1.12994,,,,,82
2025-04-16 02:07:00,1.12989,1.12989,1.12969,1.12974,1.12995,1.12995,1.12975,1.1298,,,,,21
2025-04-16 02:08:00,1.12977,1.13001,1.12977,1.13001,1.12983,1.13007,1.12983,1.13007,,,,,41
2025-04-16 02:09:00,1.12994,1.1302,1.12992,1.1302,1.13,1.13026,1.12998,1.13026,,,,,43
2025-04-16 02:10:00,1.13022,1.13035,1.13,1.13015,1.13028,1.13041,1.13006,1.13021,,,,,80
2025-04-16 02:11:00,1.13013,1.13042,1.13006,1.13025,1.13019,1.13048,1.13012,1.13031,,,,,64
2025-04-16 02:12:00,1.1303,1.1311,1.1303,1.131,1.13036,1.13116,1.13036,1.13106,,,,,89
2025-04-16 02:13:00,1.13101,1.13127,1.13093,1.13122,1.13107,1.13143,1.13099,1.13139,,,,,111
2025-04-16 02:14:00,1.13124,1.13131,1.13108,1.13127,1.13138,1.13141,1.13122,1.13136,,,,,78
2025-04-16 02:15:00,1.13129,1.13168,1.13124,1.13144,1.13138,1.13177,1.13133,1.13162,,,,,144
2025-04-16 02:16:00,1.13145,1.13188,1.13137,1.13182,1.13161,1.13198,1.13155,1.13198,,,,,85
2025-04-16 02:17:00,1.13183,1.13183,1.13147,1.13148,1.13199,1.13199,1.13153,1.13154,,,,,103
2025-04-16 02:18:00,1.13149,1.1315,1.1309,1.13112,1.13155,1.13156,1.13103,1.13118,,,,,105
2025-04-16 02:19:00,1.13111,1.13143,1.13108,1.13143,1.1312,1.13152,1.13117,1.13152,,,,,55
2025-04-16 02:20:00,1.13148,1.13167,1.13146,1.13158,1.13157,1.13176,1.13155,1.13167,,,,,68
2025-04-16 02:21:00,1.13145,1.1315,1.1313,1.13135,1.13154,1.13159,1.13139,1.13144,,,,,56
2025-04-16 02:22:00,1.13136,1.13162,1.13136,1.1316,1.13145,1.13171,1.13145,1.13169,,,,,44
2025-04-16 02:23:00,1.13164,1.13164,1.13126,1.13131,1.13173,1.13173,1.13135,1.1314,,,,,62
2025-04-16 02:24:00,1.13133,1.13134,1.13101,1.1311,1.13142,1.13143,1.1311,1.13119,,,,,59
2025-04-16 02:25:00,1.13111,1.13121,1.13092,1.13092,1.1312,1.13127,1.13098,1.13098,,,,,52
2025-04-16 02:26:00,1.13097,1.13101,1.1308,1.13084,1.13103,1.13107,1.13086,1.1309,,,,,40
2025-04-16 02:27:00,1.13086,1.13102,1.13082,1.13098,1.13092,1.13108,1.13088,1.13107,,,,,49
2025-04-16 02:28:00,1.13093,1.13122,1.13091,1.13113,1.13102,1.13131,1.131,1.13122,,,,,46
2025-04-16 02:29:00,1.13114,1.13129,1.13105,1.13116,1.13123,1.13138,1.13114,1.13125,,,,,46
2025-04-16 02:30:00,1.13123,1.13143,1.13119,1.13142,1.13132,1.13152,1.13128,1.13151,,,,,47
2025-04-16 02:31:00,1.13143,1.13154,1.1313,1.13141,1.13152,1.13163,1.13139,1.1315,,,,,61
2025-04-16 02:32:00,1.13142,1.13142,1.13126,1.13138,1.13151,1.13151,1.13135,1.13147,,,,,30
2025-04-16 02:33:00,1.13137,1.13152,1.13137,1.13152,1.13146,1.13161,1.13146,1.13161,,,,,51
2025-04-16 02:34:00,1.13151,1.13152,1.13122,1.13136,1.1316,1.13161,1.13131,1.13145,,,,,60
2025-04-16 02:35:00,1.1314,1.13213,1.1314,1.13199,1.13149,1.13222,1.13149,1.13208,,,,,102
2025-04-16 02:36:00,1.13202,1.13211,1.13151,1.13159,1.13211,1.1322,1.13165,1.13173,,,,,98
2025-04-16 02:37:00,1.13164,1.13174,1.13154,1.13159,1.13178,1.13186,1.13164,1.13168,,,,,87
2025-04-16 02:38:00,1.13164,1.13175,1.1314,1.13141,1.13173,1.13184,1.13149,1.1315,,,,,66
2025-04-16 02:39:00,1.13142,1.13157,1.13141,1.13144,1.13151,1.13163,1.13147,1.1315,,,,,48
2025-04-16 02:40:00,1.13143,1.13156,1.13131,1.13133,1.13149,1.13162,1.1314,1.13142,,,,,62
2025-04-16 02:41:00,1.13131,1.13135,1.13114,1.13132,1.1314,1.13152,1.13127,1.13147,,,,,62
2025-04-16 02:42:00,1.13131,1.13133,1.13125,1.13131,1.13148,1.13148,1.13132,1.13137,,,,,45
2025-04-16 02:43:00,1.13132,1.13144,1.1311,1.13124,1.13138,1.13151,1.13119,1.1313,,,,,44
2025-04-16 02:44:00,1.13122,1.13137,1.13122,1.13123,1.13128,1.13143,1.13128,1.13129,,,,,36
2025-04-16 02:45:00,1.13125,1.13143,1.13114,1.13114,1.13131,1.13149,1.13123,1.13123,,,,,46
2025-04-16 02:46:00,1.13113,1.13137,1.13113,1.13136,1.13122,1.13143,1.13122,1.13142,,,,,40
2025-04-16 02:47:00,1.13144,1.13156,1.1313,1.1313,1.1315,1.13162,1.13136,1.13136,,,,,43
2025-04-16 02:48:00,1.13132,1.13132,1.13097,1.13108,1.13138,1.13138,1.13106,1.13117,,,,,45
2025-04-16 02:49:00,1.13107,1.13128,1.13106,1.13121,1.13116,1.13134,1.13112,1.13127,,,,,42
2025-04-16 02:50:00,1.13122,1.13135,1.13107,1.13131,1.13128,1.13141,1.13114,1.13137,,,,,63
2025-04-16 02:51:00,1.13132,1.13161,1.13121,1.13161,1.13138,1.13167,1.13127,1.13167,,,,,59
2025-04-16 02:52:00,1.13163,1.13172,1.13161,1.13161,1.13169,1.13178,1.13167,1.13167,,,,,38
2025-04-16 02:53:00,1.13173,1.13182,1.13116,1.13152,1.13179,1.13191,1.13125,1.13158,,,,,100
2025-04-16 02:54:00,1.13153,1.13165,1.13144,1.1315,1.13159,1.13171,1.13153,1.13156,,,,,61
2025-04-16 02:55:00,1.13158,1.13158,1.13126,1.13156,1.13164,1.13164,1.13132,1.13162,,,,,62
2025-04-16 02:56:00,1.1316,1.13178,1.13155,1.13176,1.13166,1.13187,1.13161,1.13182,,,,,74
2025-04-16 02:57:00,1.13175,1.13178,1.13154,1.13165,1.13181,1.13184,1.1316,1.13174,,,,,59
2025-04-16 02:58:00,1.13166,1.13175,1.13161,1.13171,1.13175,1.13185,1.13167,1.13177,,,,,70
2025-04-16 02:59:00,1.1317,1.13174,1.13165,1.13167,1.13179,1.13193,1.13171,1.13173,,,,,58
2025-04-16 03:00:00,1.13168,1.13191,1.13166,1.13181,1.1318,1.132,1.13172,1.13187,,,,,91
2025-04-16 03:01:00,1.13179,1.13187,1.13176,1.1318,1.13185,1.13193,1.13182,1.13186,,,,,56
2025-04-16 03:02:00,1.13181,1.13185,1.13163,1.13177,1.13187,1.13191,1.13169,1.13183,,,,,41
2025-04-16 03:03:00,1.13182,1.1319,1.13175,1.13188,1.13188,1.13196,1.13181,1.13194,,,,,41
2025-04-16 03:04:00,1.1319,1.13221,1.13186,1.13216,1.13196,1.13227,1.13192,1.13222,,,,,59
2025-04-16 03:05:00,1.13213,1.13227,1.13212,1.13218,1.13219,1.13237,1.13218,1.13224,,,,,50
2025-04-16 03:06:00,1.13216,1.13232,1.13207,1.1323,1.13222,1.13238,1.13213,1.13236,,,,,61
2025-04-16 03:07:00,1.13231,1.13236,1.13226,1.13228,1.13237,1.13242,1.13232,1.13234,,,,,27
2025-04-16 03:08:00,1.13231,1.13234,1.13216,1.13219,1.13237,1.1324,1.13222,1.13225,,,,,39
2025-04-16 03:09:00,1.1322,1.13224,1.132,1.1321,1.13226,1.1323,1.13206,1.13216,,,,,44
2025-04-16 03:10:00,1.13208,1.13216,1.13203,1.13203,1.13214,1.13222,1.13209,1.13209,,,,,46
2025-04-16 03:11:00,1.13201,1.13216,1.13198,1.13214,1.13207,1.13222,1.13204,1.1322,,,,,32
2025-04-16 03:12:00,1.13217,1.13227,1.13211,1.13226,1.13223,1.13233,1.13217,1.13232,,,,,33
2025-04-16 03:13:00,1.13224,1.13226,1.132,1.13216,1.1323,1.13232,1.13206,1.13222,,,,,43
2025-04-16 03:14:00,1.13212,1.13212,1.132,1.13202,1.13218,1.13218,1.13206,1.13208,,,,,24
2025-04-16 03:15:00,1.13206,1.13229,1.13206,1.13222,1.13212,1.13235,1.13212,1.13228,,,,,57
2025-04-16 03:16:00,1.13221,1.13232,1.1322,1.1322,1.13227,1.13238,1.13226,1.13226,,,,,53
2025-04-16 03:17:00,1.13221,1.13237,1.13205,1.13235,1.13227,1.13243,1.13211,1.13241,,,,,53
2025-04-16 03:18:00,1.13234,1.1324,1.13224,1.1324,1.1324,1.13246,1.1323,1.13246,,,,,38
2025-04-16 03:19:00,1.13238,1.13244,1.13228,1.13241,1.13244,1.1325,1.13234,1.13247,,,,,60
2025-04-16 03:20:00,1.1324,1.13251,1.13226,1.1324,1.13246,1.13257,1.13232,1.13246,,,,,49
2025-04-16 03:21:00,1.13239,1.1325,1.13226,1.1324,1.13245,1.13256,1.13232,1.13246,,,,,40
2025-04-16 03:22:00,1.13239,1.1326,1.13239,1.13258,1.13245,1.13269,1.13245,1.13267,,,,,43
2025-04-16 03:23:00,1.13263,1.13274,1.13259,1.13272,1.13272,1.1328,1.13268,1.13278,,,,,38
2025-04-16 03:24:00,1.13271,1.13274,1.13255,1.13269,1.13277,1.1328,1.13261,1.13275,,,,,33
2025-04-16 03:25:00,1.13268,1.13276,1.13256,1.13275,1.13274,1.13282,1.13262,1.13281,,,,,36
2025-04-16 03:26:00,1.13271,1.13278,1.13251,1.13259,1.13277,1.13284,1.13257,1.13265,,,,,42
2025-04-16 03:27:00,1.13261,1.1328,1.13249,1.13271,1.13267,1.13286,1.13255,1.13277,,,,,50
2025-04-16 03:28:00,1.13273,1.13273,1.13254,1.13261,1.13279,1.13279,1.1326,1.13267,,,,,32
2025-04-16 03:29:00,1.13245,1.13246,1.13219,1.13222,1.13251,1.13252,1.13225,1.13228,,,,,35
2025-04-16 03:30:00,1.13221,1.13223,1.13191,1.13202,1.13227,1.13229,1.13197,1.13208,,,,,84
2025-04-16 03:31:00,1.13201,1.1321,1.13191,1.13191,1.13207,1.13216,1.13197,1.13197,,,,,39
2025-04-16 03:32:00,1.13194,1.13217,1.13188,1.13211,1.132,1.13223,1.13194,1.13217,,,,,68
2025-04-16 03:33:00,1.13215,1.13229,1.13209,1.13228,1.13221,1.13238,1.13215,1.13237,,,,,40
2025-04-16 03:34:00,1.13233,1.13253,1.13231,1.1325,1.13239,1.13259,1.13237,1.13256,,,,,49
2025-04-16 03:35:00,1.13249,1.13262,1.13249,1.13254,1.13255,1.13268,1.13255,1.1326,,,,,46
2025-04-16 03:36:00,1.13252,1.13259,1.13237,1.13256,1.13258,1.13268,1.13243,1.13262,,,,,49
2025-04-16 03:37:00,1.13258,1.13268,1.13253,1.13263,1.13264,1.13274,1.13259,1.13269,,,,,50
2025-04-16 03:38:00,1.13268,1.13285,1.13263,1.13285,1.13274,1.13296,1.13273,1.13294,,,,,69
2025-04-16 03:39:00,1.13287,1.13299,1.13285,1.13292,1.13296,1.13308,1.13294,1.13301,,,,,43
2025-04-16 03:40:00,1.13293,1.13303,1.1329,1.13297,1.13302,1.13312,1.13296,1.13303,,,,,48
2025-04-16 03:41:00,1.13298,1.13304,1.13288,1.13294,1.13304,1.13311,1.13294,1.133,,,,,45
2025-04-16 03:42:00,1.13293,1.13296,1.13285,1.13289,1.13299,1.13302,1.13291,1.13295,,,,,41
2025-04-16 03:43:00,1.1329,1.13302,1.13281,1.13296,1.13296,1.13308,1.13287,1.13302,,,,,29
2025-04-16 03:44:00,1.13297,1.13301,1.13264,1.13266,1.13303,1.13307,1.1327,1.13272,,,,,50
2025-04-16 03:45:00,1.13264,1.13281,1.13259,1.13279,1.1327,1.13287,1.13265,1.13285,,,,,52
2025-04-16 03:46:00,1.1328,1.13282,1.13269,1.13271,1.13286,1.13288,1.13275,1.13277,,,,,27
2025-04-16 03:47:00,1.13272,1.13272,1.13259,1.13259,1.13278,1.13278,1.13265,1.13265,,,,,30
2025-04-16 03:48:00,1.1326,1.13265,1.13246,1.13251,1.13266,1.13271,1.13252,1.13257,,,,,35
2025-04-16 03:49:00,1.1325,1.13256,1.13239,1.13241,1.13256,1.13262,1.13245,1.13247,,,,,35
2025-04-16 03:50:00,1.1324,1.13254,1.13237,1.13251,1.13246,1.1326,1.13243,1.13257,,,,,23
2025-04-16 03:51:00,1.13254,1.13276,1.1325,1.13266,1.1326,1.13282,1.13256,1.13272,,,,,21
2025-04-16 03:52:00,1.13264,1.13266,1.13236,1.13238,1.1327,1.13272,1.13242,1.13244,,,,,36
2025-04-16 03:53:00,1.13239,1.13268,1.13232,1.13265,1.13245,1.13274,1.13238,1.13271,,,,,39
2025-04-16 03:54:00,1.13266,1.13266,1.13238,1.13244,1.13272,1.13272,1.13244,1.1325,,,,,31
2025-04-16 03:55:00,1.13245,1.13245,1.13236,1.1324,1.13251,1.13251,1.13242,1.13246,,,,,21
2025-04-16 03:56:00,1.13242,1.13243,1.13231,1.13239,1.13248,1.13249,1.13237,1.13245,,,,,25
2025-04-16 03:57:00,1.13236,1.13237,1.13217,1.1322,1.13242,1.13243,1.13223,1.13226,,,,,30
2025-04-16 03:58:00,1.13222,1.13238,1.13221,1.13234,1.13228,1.13244,1.13227,1.1324,,,,,30
2025-04-16 03:59:00,1.13237,1.1324,1.13219,1.13234,1.13243,1.13247,1.13225,1.1324,,,,,66
2025-04-16 04:00:00,1.13241,1.13252,1.13223,1.13245,1.13247,1.13258,1.13229,1.13251,,,,,81
2025-04-16 04:01:00,1.13246,1.13252,1.13218,1.13236,1.13252,1.13264,1.13232,1.13248,,,,,44
2025-04-16 04:02:00,1.13235,1.13255,1.13234,1.13255,1.13247,1.13261,1.13245,1.13261,,,,,18
2025-04-16 04:03:00,1.13252,1.13276,1.13252,1.13274,1.13258,1.13285,1.13258,1.13283,,,,,83
2025-04-16 04:04:00,1.13273,1.13296,1.13273,1.13284,1.13282,1.13304,1.13282,1.1329,,,,,73
2025-04-16 04:05:00,1.13283,1.13283,1.13269,1.13275,1.13289,1.13289,1.13275,1.13281,,,,,43
2025-04-16 04:06:00,1.13278,1.13295,1.13269,1.13288,1.13284,1.13301,1.13275,1.13294,,,,,39
2025-04-16 04:07:00,1.13286,1.13304,1.13285,1.13293,1.13292,1.1331,1.13291,1.13299,,,,,40
2025-04-16 04:08:00,1.13291,1.13294,1.13267,1.13268,1.13297,1.133,1.13273,1.13274,,,,,33
2025-04-16 04:09:00,1.13266,1.13266,1.13237,1.13249,1.13272,1.13272,1.13249,1.13258,,,,,41
2025-04-16 04:10:00,1.13248,1.13248,1.13227,1.13228,1.13257,1.13257,1.13233,1.1324,,,,,32
2025-04-16 04:11:00,1.13229,1.13229,1.13176,1.13205,1.13235,1.13235,1.13182,1.13211,,,,,70
2025-04-16 04:12:00,1.13204,1.13214,1.13196,1.13214,1.1321,1.1322,1.13202,1.1322,,,,,46
2025-04-16 04:13:00,1.13219,1.13219,1.13204,1.1321,1.13225,1.13225,1.1321,1.13216,,,,,48
2025-04-16 04:14:00,1.13211,1.13227,1.13211,1.13226,1.13217,1.13234,1.13217,1.13232,,,,,38
2025-04-16 04:15:00,1.13224,1.13238,1.13218,1.13233,1.1323,1.13244,1.1323,1.13239,,,,,50
2025-04-16 04:16:00,1.13232,1.13232,1.1321,1.13217,1.13238,1.13238,1.13216,1.13223,,,,,25
2025-04-16 04:17:00,1.13219,1.13266,1.13209,1.13266,1.13225,1.13272,1.13215,1.13272,,,,,39
2025-04-16 04:18:00,1.13265,1.13278,1.1326,1.13263,1.13271,1.13284,1.13266,1.13269,,,,,46
2025-04-16 04:19:00,1.13262,1.13273,1.13247,1.13273,1.13268,1.13279,1.13253,1.13279,,,,,47
2025-04-16 04:20:00,1.13275,1.13289,1.13262,1.13279,1.13281,1.13295,1.13268,1.13285,,,,,39
2025-04-16 04:21:00,1.13286,1.1329,1.13274,1.13278,1.13292,1.13296,1.1328,1.13284,,,,,40
2025-04-16 04:22:00,1.13281,1.13281,1.13269,1.13278,1.13287,1.13287,1.13275,1.13284,,,,,35
2025-04-16 04:23:00,1.13281,1.13288,1.13275,1.13286,1.13287,1.13294,1.13281,1.13292,,,,,51
2025-04-16 04:24:00,1.13284,1.13302,1.13284,1.13298,1.1329,1.13308,1.1329,1.13304,,,,,28
2025-04-16 04:25:00,1.13302,1.13303,1.13282,1.13288,1.13308,1.13309,1.13288,1.13294,,,,,43
2025-04-16 04:26:00,1.13287,1.13288,1.13268,1.13272,1.13293,1.13294,1.13274,1.13278,,,,,39
2025-04-16 04:27:00,1.13271,1.13285,1.13266,1.13284,1.13277,1.13294,1.13277,1.13293,,,,,45
2025-04-16 04:28:00,1.13288,1.13291,1.13258,1.1326,1.13297,1.13297,1.1327,1.13271,,,,,40
2025-04-16 04:29:00,1.13259,1.13277,1.13248,1.13273,1.1327,1.13285,1.13257,1.13279,,,,,70
2025-04-16 04:30:00,1.13268,1.13305,1.13267,1.133,1.13274,1.13311,1.13273,1.13306,,,,,53
2025-04-16 04:31:00,1.13303,1.13304,1.13293,1.13295,1.13309,1.13315,1.13304,1.13306,,,,,47
2025-04-16 04:32:00,1.13296,1.13315,1.13294,1.13309,1.13307,1.13324,1.13303,1.13315,,,,,56
2025-04-16 04:33:00,1.1331,1.13317,1.13299,1.13317,1.13316,1.13323,1.13305,1.13323,,,,,33
2025-04-16 04:34:00,1.13316,1.13316,1.13311,1.13314,1.13322,1.13322,1.13317,1.1332,,,,,13
2025-04-16 04:35:00,1.13315,1.13315,1.1329,1.13297,1.13321,1.13321,1.13301,1.13312,,,,,26
2025-04-16 04:36:00,1.13296,1.13304,1.13291,1.13302,1.13307,1.13317,1.13307,1.13311,,,,,35
2025-04-16 04:37:00,1.13303,1.13304,1.13293,1.133,1.13312,1.13313,1.13299,1.13306,,,,,30
2025-04-16 04:38:00,1.13299,1.13305,1.13296,1.13304,1.13305,1.13311,1.13302,1.1331,,,,,29
2025-04-16 04:39:00,1.13305,1.13307,1.133,1.13301,1.13311,1.13316,1.13309,1.13316,,,,,19
2025-04-16 04:40:00,1.133,1.13301,1.13296,1.13299,1.13315,1.13315,1.13309,1.1331,,,,,31
2025-04-16 04:41:00,1.133,1.13301,1.13291,1.13291,1.13308,1.13312,1.13297,1.13297,,,,,16
2025-04-16 04:42:00,1.13293,1.13295,1.13284,1.13295,1.13299,1.1331,1.13292,1.1331,,,,,28
2025-04-16 04:43:00,1.13294,1.133,1.13291,1.13298,1.13309,1.13314,1.13304,1.13304,,,,,30
2025-04-16 04:44:00,1.13296,1.13302,1.13295,1.13295,1.13302,1.13312,1.13302,1.13304,,,,,17
2025-04-16 04:45:00,1.13296,1.13316,1.13296,1.13314,1.13305,1.13322,1.13305,1.1332,,,,,20
2025-04-16 04:46:00,1.13313,1.13314,1.13296,1.13299,1.13319,1.1332,1.13302,1.13305,,,,,22
2025-04-16 04:47:00,1.13295,1.13297,1.13275,1.13275,1.13311,1.13311,1.13284,1.13284,,,,,42
2025-04-16 04:48:00,1.13276,1.13283,1.13257,1.13257,1.13285,1.13291,1.13263,1.13263,,,,,50
2025-04-16 04:49:00,1.13255,1.13255,1.13211,1.13242,1.13261,1.13264,1.1322,1.13251,,,,,95
2025-04-16 04:50:00,1.13245,1.13259,1.13245,1.13252,1.13254,1.13271,1.13254,1.13263,,,,,34
2025-04-16 04:51:00,1.13254,1.1327,1.13251,1.13259,1.13261,1.13279,1.1326,1.13265,,,,,35
2025-04-16 04:52:00,1.13258,1.1326,1.13248,1.13249,1.13264,1.13266,1.13254,1.13255,,,,,23
2025-04-16 04:53:00,1.13258,1.13268,1.13258,1.1326,1.13264,1.13274,1.13264,1.13266,,,,,16
2025-04-16 04:54:00,1.13263,1.1327,1.13262,1.1327,1.13269,1.13276,1.13268,1.13276,,,,,17
2025-04-16 04:55:00,1.13271,1.13273,1.13252,1.13268,1.13277,1.13279,1.13258,1.13274,,,,,32
2025-04-16 04:56:00,1.13269,1.13273,1.1326,1.13273,1.13275,1.13279,1.13266,1.13279,,,,,29
2025-04-16 04:57:00,1.13275,1.13275,1.13267,1.13271,1.13281,1.13281,1.13273,1.13277,,,,,30
2025-04-16 04:58:00,1.13272,1.13275,1.13261,1.13274,1.13278,1.13281,1.13267,1.1328,,,,,29
2025-04-16 04:59:00,1.13273,1.13275,1.13265,1.13275,1.13279,1.13281,1.13271,1.13281,,,,,19
2025-04-16 05:00:00,1.13282,1.13306,1.13282,1.13298,1.13288,1.13312,1.13288,1.13304,,,,,50
2025-04-16 05:01:00,1.13299,1.13305,1.13293,1.13295,1.13305,1.13311,1.13299,1.13301,,,,,47
2025-04-16 05:02:00,1.13296,1.13297,1.13277,1.13294,1.13302,1.13303,1.13283,1.133,,,,,57
2025-04-16 05:03:00,1.13293,1.13304,1.1329,1.13299,1.13299,1.1331,1.13296,1.13305,,,,,30
2025-04-16 05:04:00,1.13302,1.13302,1.13281,1.13286,1.13308,1.13308,1.13287,1.13292,,,,,31
2025-04-16 05:05:00,1.13287,1.13287,1.13273,1.13284,1.13293,1.13293,1.13279,1.1329,,,,,36
2025-04-16 05:06:00,1.13279,1.13296,1.13279,1.13284,1.13285,1.13302,1.13285,1.1329,,,,,27
2025-04-16 05:07:00,1.13285,1.13298,1.13282,1.13294,1.13291,1.13304,1.13288,1.133,,,,,24
2025-04-16 05:08:00,1.13295,1.13303,1.13293,1.13303,1.13301,1.13309,1.133,1.13309,,,,,23
2025-04-16 05:09:00,1.13302,1.13307,1.13296,1.13297,1.13308,1.13313,1.13302,1.13303,,,,,18
2025-04-16 05:10:00,1.13296,1.13309,1.13292,1.13303,1.13302,1.13315,1.13298,1.13309,,,,,22
2025-04-16 05:11:00,1.13302,1.13312,1.13301,1.13307,1.13308,1.13318,1.13307,1.13313,,,,,36
2025-04-16 05:12:00,1.13311,1.13311,1.13294,1.13296,1.13317,1.13317,1.133,1.13302,,,,,24
2025-04-16 05:13:00,1.13297,1.13317,1.13287,1.13315,1.13303,1.13323,1.13293,1.13321,,,,,40
2025-04-16 05:14:00,1.13313,1.13313,1.13302,1.13308,1.13319,1.13319,1.13308,1.13314,,,,,28
2025-04-16 05:15:00,1.13299,1.13306,1.13299,1.13301,1.13305,1.13312,1.13305,1.13307,,,,,25
2025-04-16 05:16:00,1.133,1.13304,1.13294,1.13298,1.13306,1.1331,1.133,1.13304,,,,,28
2025-04-16 05:17:00,1.13299,1.13299,1.13283,1.1329,1.13305,1.13305,1.13289,1.13296,,,,,37
2025-04-16 05:18:00,1.13291,1.13296,1.13283,1.13289,1.13297,1.13302,1.13289,1.13295,,,,,25
2025-04-16 05:19:00,1.13291,1.13295,1.13286,1.13288,1.13297,1.13301,1.13292,1.13294,,,,,21
2025-04-16 05:20:00,1.13287,1.13287,1.13247,1.13247,1.13293,1.13293,1.13253,1.13253,,,,,47
2025-04-16 05:21:00,1.13244,1.13272,1.13243,1.13265,1.1325,1.13278,1.13249,1.13271,,,,,36
2025-04-16 05:22:00,1.13264,1.13278,1.13264,1.13268,1.1327,1.13284,1.1327,1.13274,,,,,33
2025-04-16 05:23:00,1.13267,1.13288,1.13267,1.13287,1.13273,1.13294,1.13273,1.13293,,,,,16
2025-04-16 05:24:00,1.13289,1.13313,1.13285,1.13309,1.13295,1.13319,1.13291,1.13315,,,,,78
2025-04-16 05:25:00,1.13311,1.13315,1.13307,1.13314,1.13317,1.13321,1.13313,1.1332,,,,,22
2025-04-16 05:26:00,1.13312,1.13331,1.13312,1.13329,1.13318,1.13337,1.13318,1.13335,,,,,34
2025-04-16 05:27:00,1.13334,1.13356,1.13329,1.13344,1.1334,1.13362,1.13335,1.1335,,,,,47
2025-04-16 05:28:00,1.13347,1.13355,1.13345,1.13346,1.13353,1.13361,1.13351,1.13352,,,,,34
2025-04-16 05:29:00,1.13344,1.13356,1.13343,1.13344,1.1335,1.13362,1.13349,1.1335,,,,,39
2025-04-16 05:30:00,1.13346,1.13355,1.1334,1.13349,1.13352,1.13361,1.13346,1.13355,,,,,49
2025-04-16 05:31:00,1.13347,1.13352,1.13326,1.13333,1.13353,1.13358,1.13332,1.13339,,,,,59
2025-04-16 05:32:00,1.13334,1.13341,1.13326,1.13328,1.1334,1.13347,1.13332,1.13334,,,,,36
2025-04-16 05:33:00,1.13327,1.13338,1.13325,1.13338,1.13333,1.13344,1.13331,1.13344,,,,,30
2025-04-16 05:34:00,1.13339,1.13356,1.13326,1.13353,1.13345,1.13362,1.13332,1.13359,,,,,38
2025-04-16 05:35:00,1.13354,1.13372,1.13354,1.13366,1.1336,1.13378,1.1336,1.13372,,,,,46
2025-04-16 05:36:00,1.13367,1.13369,1.13355,1.13355,1.13373,1.13377,1.13364,1.13364,,,,,61
2025-04-16 05:37:00,1.13356,1.13358,1.13347,1.1335,1.13365,1.13369,1.13358,1.13359,,,,,30
2025-04-16 05:38:00,1.13352,1.13368,1.13349,1.13361,1.13361,1.13377,1.13359,1.13367,,,,,35
2025-04-16 05:39:00,1.13362,1.13362,1.13349,1.13356,1.13368,1.13368,1.13355,1.13362,,,,,23
2025-04-16 05:40:00,1.13353,1.13375,1.13352,1.13361,1.13359,1.13381,1.13358,1.13376,,,,,73
2025-04-16 05:41:00,1.13359,1.1338,1.13359,1.13367,1.13374,1.13389,1.13374,1.13383,,,,,84
2025-04-16 05:42:00,1.13366,1.13377,1.1336,1.13371,1.13384,1.13389,1.13376,1.13386,,,,,55
2025-04-16 05:43:00,1.13368,1.13385,1.13368,1.13376,1.13383,1.13392,1.13381,1.13382,,,,,47
2025-04-16 05:44:00,1.13375,1.13396,1.13374,1.13393,1.13381,1.13402,1.1338,1.13399,,,,,31
2025-04-16 05:45:00,1.13389,1.13397,1.13389,1.1339,1.13401,1.13408,1.13399,1.13399,,,,,27
2025-04-16 05:46:00,1.13391,1.13402,1.13391,1.13397,1.134,1.1341,1.134,1.13406,,,,,44
2025-04-16 05:47:00,1.13398,1.13401,1.13388,1.13396,1.13409,1.13411,1.13394,1.13402,,,,,37
2025-04-16 05:48:00,1.134,1.13402,1.13393,1.13394,1.13406,1.13412,1.13402,1.13403,,,,,37
2025-04-16 05:49:00,1.13393,1.13396,1.1339,1.1339,1.13402,1.13402,1.13396,1.13396,,,,,20
2025-04-16 05:50:00,1.13393,1.13404,1.13392,1.13404,1.13399,1.1341,1.13398,1.1341,,,,,18
2025-04-16 05:51:00,1.13411,1.13419,1.13406,1.13419,1.13417,1.13425,1.13412,1.13425,,,,,29
2025-04-16 05:52:00,1.13411,1.13419,1.13407,1.13411,1.13417,1.13425,1.13413,1.13417,,,,,25
2025-04-16 05:53:00,1.1341,1.13416,1.13405,1.13416,1.13416,1.13422,1.13411,1.13422,,,,,32
2025-04-16 05:54:00,1.13417,1.13417,1.13411,1.13411,1.13423,1.13423,1.13417,1.13417,,,,,9
2025-04-16 05:55:00,1.13413,1.1342,1.1341,1.1341,1.13419,1.13426,1.13416,1.13416,,,,,22
2025-04-16 05:56:00,1.13411,1.13412,1.134,1.13403,1.13417,1.13418,1.13406,1.13409,,,,,30
2025-04-16 05:57:00,1.13402,1.13414,1.13396,1.1341,1.13408,1.13423,1.13405,1.13419,,,,,20
2025-04-16 05:58:00,1.13411,1.13412,1.13406,1.13406,1.1342,1.13421,1.13412,1.13412,,,,,13
2025-04-16 05:59:00,1.13407,1.13429,1.13407,1.13427,1.13413,1.13441,1.13413,1.13438,,,,,46
2025-04-16 06:00:00,1.1343,1.13441,1.13429,1.13433,1.13436,1.13447,1.13436,1.13442,,,,,75
2025-04-16 06:01:00,1.13432,1.13446,1.13431,1.13436,1.13438,1.13455,1.13437,1.13451,,,,,53
2025-04-16 06:02:00,1.13437,1.13444,1.13431,1.13434,1.13452,1.13455,1.13437,1.1344,,,,,80
2025-04-16 06:03:00,1.13435,1.13435,1.13411,1.13412,1.13441,1.13441,1.13417,1.13418,,,,,61
2025-04-16 06:04:00,1.13411,1.13429,1.13408,1.13425,1.13417,1.13435,1.13414,1.13431,,,,,50
2025-04-16 06:05:00,1.13423,1.13424,1.13406,1.1341,1.13429,1.1343,1.13412,1.13416,,,,,31
2025-04-16 06:06:00,1.13409,1.13425,1.13408,1.1342,1.13415,1.13431,1.13414,1.13426,,,,,45
2025-04-16 06:07:00,1.13419,1.13421,1.13403,1.13404,1.13425,1.13427,1.13409,1.1341,,,,,42
2025-04-16 06:08:00,1.13402,1.13402,1.13387,1.13401,1.13408,1.13408,1.13393,1.13407,,,,,38
2025-04-16 06:09:00,1.13403,1.13403,1.13382,1.13387,1.13409,1.13409,1.13388,1.13393,,,,,32
2025-04-16 06:10:00,1.13386,1.13388,1.13377,1.13378,1.13392,1.13394,1.13383,1.13384,,,,,38
2025-04-16 06:11:00,1.13379,1.1339,1.13379,1.13381,1.13385,1.13396,1.13385,1.13387,,,,,20
2025-04-16 06:12:00,1.13382,1.13385,1.13364,1.13369,1.13388,1.13391,1.1337,1.13375,,,,,28
2025-04-16 06:13:00,1.13368,1.13378,1.13353,1.1336,1.13374,1.13384,1.13359,1.13366,,,,,38
2025-04-16 06:14:00,1.13361,1.13365,1.13356,1.13358,1.13367,1.13371,1.13362,1.13364,,,,,18
2025-04-16 06:15:00,1.13359,1.13391,1.13355,1.13373,1.13365,1.13398,1.13361,1.13382,,,,,51
2025-04-16 06:16:00,1.13374,1.13374,1.1336,1.1336,1.13383,1.13383,1.13366,1.13366,,,,,36
2025-04-16 06:17:00,1.13357,1.13363,1.13346,1.13351,1.13369,1.13374,1.13359,1.1336,,,,,34
2025-04-16 06:18:00,1.13349,1.13356,1.13342,1.13345,1.13358,1.13365,1.13351,1.13354,,,,,22
2025-04-16 06:19:00,1.13343,1.13345,1.13339,1.13344,1.13352,1.13354,1.13346,1.1335,,,,,17
2025-04-16 06:20:00,1.13345,1.13354,1.13336,1.13351,1.13351,1.13364,1.13345,1.13364,,,,,18
2025-04-16 06:21:00,1.13352,1.13373,1.13352,1.1337,1.13365,1.13382,1.13365,1.13376,,,,,36
2025-04-16 06:22:00,1.13369,1.13369,1.13361,1.13361,1.13375,1.13375,1.13367,1.13367,,,,,14
2025-04-16 06:23:00,1.13367,1.13371,1.13362,1.1337,1.13373,1.13377,1.13368,1.13376,,,,,17
2025-04-16 06:24:00,1.13374,1.1338,1.1337,1.13371,1.1338,1.13386,1.13376,1.13377,,,,,26
2025-04-16 06:25:00,1.13369,1.1337,1.13345,1.13345,1.13375,1.13379,1.13357,1.1336,,,,,30
2025-04-16 06:26:00,1.13347,1.13353,1.13323,1.13332,1.13359,1.13364,1.13336,1.13338,,,,,45
2025-04-16 06:27:00,1.13333,1.13362,1.13332,1.1336,1.13339,1.13377,1.13338,1.13374,,,,,36
2025-04-16 06:28:00,1.13361,1.13367,1.13353,1.13354,1.13373,1.13374,1.13359,1.1336,,,,,22
2025-04-16 06:29:00,1.13355,1.13362,1.13351,1.13357,1.13361,1.13368,1.13357,1.13366,,,,,29
2025-04-16 06:30:00,1.13358,1.13358,1.13333,1.13333,1.13364,1.1337,1.13342,1.13342,,,,,23
2025-04-16 06:31:00,1.13335,1.13341,1.13323,1.13338,1.13344,1.1335,1.13334,1.13347,,,,,33
2025-04-16 06:32:00,1.13339,1.13359,1.13339,1.13354,1.13348,1.13365,1.13346,1.1336,,,,,37
2025-04-16 06:33:00,1.13353,1.13364,1.13352,1.13354,1.13359,1.1337,1.13358,1.1336,,,,,18
2025-04-16 06:34:00,1.13353,1.13371,1.13352,1.13368,1.13359,1.13379,1.13358,1.13374,,,,,40
2025-04-16 06:35:00,1.13369,1.13385,1.13367,1.13382,1.13375,1.13391,1.13373,1.13388,,,,,35
2025-04-16 06:36:00,1.13381,1.13381,1.13375,1.13378,1.13387,1.13387,1.13381,1.13384,,,,,16
2025-04-16 06:37:00,1.13377,1.13396,1.13377,1.13386,1.13383,1.13407,1.13383,1.13407,,,,,34
2025-04-16 06:38:00,1.13387,1.13406,1.13386,1.13405,1.13408,1.13422,1.13407,1.1342,,,,,84
2025-04-16 06:39:00,1.13406,1.13413,1.13398,1.13408,1.13418,1.13425,1.13411,1.1342,,,,,42
2025-04-16 06:40:00,1.13425,1.13434,1.13421,1.13429,1.13434,1.13443,1.1343,1.13435,,,,,25
2025-04-16 06:41:00,1.13428,1.13438,1.13425,1.13433,1.13434,1.13444,1.13431,1.13439,,,,,17
2025-04-16 06:42:00,1.13439,1.13443,1.13427,1.13428,1.13442,1.13452,1.13437,1.13437,,,,,30
2025-04-16 06:43:00,1.13426,1.1345,1.13426,1.13449,1.13435,1.13456,1.13435,1.13455,,,,,23
2025-04-16 06:44:00,1.13447,1.13464,1.13437,1.13462,1.13453,1.1347,1.13445,1.13468,,,,,47
2025-04-16 06:45:00,1.13464,1.13464,1.13456,1.13456,1.1347,1.1347,1.13462,1.13462,,,,,27
2025-04-16 06:46:00,1.13458,1.13458,1.13435,1.13435,1.13464,1.13464,1.13441,1.13441,,,,,25
2025-04-16 06:47:00,1.13446,1.13469,1.1344,1.13468,1.13455,1.13475,1.13448,1.13474,,,,,54
2025-04-16 06:48:00,1.13465,1.13474,1.13456,1.13469,1.13471,1.13485,1.13463,1.13482,,,,,27
2025-04-16 06:49:00,1.13468,1.13469,1.13456,1.1346,1.1348,1.1348,1.13462,1.13466,,,,,37
2025-04-16 06:50:00,1.13459,1.13477,1.13459,1.13465,1.13465,1.13484,1.13465,1.13471,,,,,29
2025-04-16 06:51:00,1.13466,1.13466,1.13454,1.13459,1.13472,1.13474,1.1346,1.13473,,,,,23
2025-04-16 06:52:00,1.13457,1.13472,1.13455,1.13466,1.13472,1.13482,1.13469,1.13479,,,,,32
2025-04-16 06:53:00,1.13465,1.1347,1.13465,1.13465,1.13476,1.1348,1.13471,1.13471,,,,,13
2025-04-16 06:54:00,1.1347,1.13471,1.13462,1.13462,1.13479,1.13479,1.13468,1.13468,,,,,25
2025-04-16 06:55:00,1.13461,1.1347,1.13446,1.1347,1.13467,1.13476,1.13452,1.13476,,,,,42
2025-04-16 06:56:00,1.13464,1.13464,1.13441,1.13452,1.13473,1.13473,1.13447,1.13458,,,,,36
2025-04-16 06:57:00,1.1345,1.13461,1.1345,1.13461,1.13456,1.1347,1.13456,1.13467,,,,,24
2025-04-16 06:58:00,1.1346,1.13468,1.13441,1.13447,1.13466,1.13474,1.1345,1.13453,,,,,37
2025-04-16 06:59:00,1.13446,1.13459,1.13435,1.13459,1.13452,1.13465,1.13441,1.13465,,,,,38
2025-04-16 07:00:00,1.1346,1.1346,1.1341,1.13427,1.13466,1.13466,1.13422,1.13441,,,,,121
2025-04-16 07:01:00,1.13429,1.13479,1.13423,1.13462,1.13442,1.13488,1.13431,1.13474,,,,,90
2025-04-16 07:02:00,1.13467,1.13478,1.13463,1.13473,1.13478,1.13487,1.13469,1.13486,,,,,69
2025-04-16 07:03:00,1.13474,1.1348,1.13467,1.13471,1.13487,1.13489,1.13477,1.1348,,,,,43
2025-04-16 07:04:00,1.1347,1.13486,1.13467,1.13482,1.13479,1.13492,1.13473,1.13488,,,,,28
2025-04-16 07:05:00,1.1348,1.13485,1.13454,1.13472,1.13486,1.13491,1.1346,1.13478,,,,,40
2025-04-16 07:06:00,1.13471,1.13472,1.1346,1.13466,1.13477,1.13478,1.13466,1.13472,,,,,33
2025-04-16 07:07:00,1.13461,1.13486,1.13456,1.13474,1.13467,1.13492,1.13462,1.1348,,,,,39
2025-04-16 07:08:00,1.13473,1.13486,1.13466,1.13472,1.13479,1.13492,1.13476,1.13478,,,,,33
2025-04-16 07:09:00,1.13473,1.13484,1.13462,1.13484,1.13479,1.1349,1.13468,1.1349,,,,,48
2025-04-16 07:10:00,1.13483,1.13485,1.13475,1.13481,1.13489,1.13491,1.13481,1.13487,,,,,43
2025-04-16 07:11:00,1.13478,1.13492,1.13476,1.13486,1.13484,1.13499,1.13482,1.13492,,,,,42
2025-04-16 07:12:00,1.13485,1.13493,1.13483,1.1349,1.13491,1.13506,1.1349,1.13496,,,,,64
2025-04-16 07:13:00,1.13492,1.13494,1.13476,1.13478,1.13498,1.13502,1.13487,1.13489,,,,,34
2025-04-16 07:14:00,1.13479,1.13479,1.13453,1.13464,1.13488,1.13488,1.13466,1.13473,,,,,49
2025-04-16 07:15:00,1.13466,1.13469,1.1345,1.13465,1.13475,1.13476,1.13456,1.13471,,,,,53
2025-04-16 07:16:00,1.13464,1.1347,1.1345,1.13456,1.1347,1.13476,1.13456,1.13462,,,,,47
2025-04-16 07:17:00,1.13452,1.13466,1.13448,1.13448,1.13458,1.13472,1.13457,1.13457,,,,,27
2025-04-16 07:18:00,1.13451,1.13465,1.13447,1.13457,1.13458,1.13471,1.13454,1.13463,,,,,83
2025-04-16 07:19:00,1.13459,1.13471,1.13454,1.13469,1.13465,1.13482,1.13464,1.13478,,,,,67
2025-04-16 07:20:00,1.1347,1.1347,1.13448,1.13449,1.13479,1.13479,1.13457,1.13458,,,,,44
2025-04-16 07:21:00,1.1345,1.13463,1.1344,1.1345,1.13459,1.13469,1.13449,1.13459,,,,,49
2025-04-16 07:22:00,1.13452,1.13466,1.13452,1.13466,1.13461,1.13472,1.13459,1.13472,,,,,59
2025-04-16 07:23:00,1.1347,1.13482,1.13452,1.13468,1.13476,1.13496,1.13465,1.13481,,,,,57
2025-04-16 07:24:00,1.13469,1.13469,1.13457,1.13461,1.13483,1.13483,1.13466,1.13467,,,,,33
2025-04-16 07:25:00,1.13464,1.13482,1.1346,1.1348,1.1347,1.13488,1.13466,1.13486,,,,,35
2025-04-16 07:26:00,1.13468,1.13471,1.1344,1.13456,1.13474,1.13477,1.13446,1.13462,,,,,71
2025-04-16 07:27:00,1.13451,1.13467,1.13451,1.13458,1.1346,1.13473,1.1346,1.13464,,,,,45
2025-04-16 07:28:00,1.13459,1.13464,1.13455,1.1346,1.13465,1.1347,1.13461,1.13466,,,,,53
2025-04-16 07:29:00,1.13459,1.1348,1.13457,1.1348,1.13465,1.13486,1.13465,1.13486,,,,,38
2025-04-16 07:30:00,1.13481,1.13485,1.13462,1.13462,1.13487,1.13491,1.13468,1.13468,,,,,56
2025-04-16 07:31:00,1.1346,1.13481,1.13447,1.13475,1.13466,1.1349,1.13453,1.13481,,,,,77
2025-04-16 07:32:00,1.13474,1.13498,1.13473,1.13495,1.1348,1.13506,1.1348,1.13501,,,,,51
2025-04-16 07:33:00,1.13493,1.13496,1.1348,1.1349,1.13499,1.13502,1.13486,1.13496,,,,,55
2025-04-16 07:34:00,1.13487,1.13527,1.13486,1.13524,1.13499,1.13538,1.13498,1.1353,,,,,77
2025-04-16 07:35:00,1.13523,1.13531,1.13517,1.13521,1.13529,1.13537,1.13523,1.13527,,,,,49
2025-04-16 07:36:00,1.13524,1.1353,1.13518,1.1353,1.1353,1.13536,1.13524,1.13536,,,,,31
2025-04-16 07:37:00,1.13531,1.13536,1.13526,1.13533,1.13537,1.13543,1.13537,1.13539,,,,,30
2025-04-16 07:38:00,1.13536,1.13542,1.1353,1.13533,1.13542,1.13553,1.1354,1.13549,,,,,72
2025-04-16 07:39:00,1.13532,1.13537,1.13532,1.13535,1.13548,1.13552,1.13547,1.13549,,,,,42
2025-04-16 07:40:00,1.13534,1.13559,1.13532,1.13539,1.1355,1.13568,1.13547,1.13548,,,,,63
2025-04-16 07:41:00,1.1354,1.13556,1.13529,1.13554,1.13549,1.13562,1.13535,1.1356,,,,,73
2025-04-16 07:42:00,1.13553,1.13554,1.13537,1.13541,1.13559,1.1356,1.13543,1.13547,,,,,51
2025-04-16 07:43:00,1.13539,1.13553,1.13534,1.13545,1.13545,1.13559,1.1354,1.13551,,,,,48
2025-04-16 07:44:00,1.13546,1.13562,1.13544,1.13562,1.13552,1.13568,1.1355,1.13568,,,,,55
2025-04-16 07:45:00,1.13558,1.1356,1.13531,1.13531,1.13564,1.13566,1.13537,1.13537,,,,,49
2025-04-16 07:46:00,1.13528,1.13536,1.13523,1.13535,1.13534,1.13542,1.13529,1.13541,,,,,26
2025-04-16 07:47:00,1.13527,1.13527,1.13505,1.1351,1.13533,1.13533,1.13511,1.13516,,,,,45
2025-04-16 07:48:00,1.13512,1.13522,1.1351,1.13521,1.13518,1.13533,1.13516,1.13533,,,,,39
2025-04-16 07:49:00,1.13525,1.13537,1.13504,1.13506,1.13537,1.13547,1.13517,1.13519,,,,,57
2025-04-16 07:50:00,1.13509,1.13541,1.13509,1.13531,1.13518,1.13554,1.13518,1.1354,,,,,69
2025-04-16 07:51:00,1.13532,1.1354,1.13521,1.13526,1.13541,1.13546,1.13527,1.1354,,,,,42
2025-04-16 07:52:00,1.13528,1.13543,1.13526,1.13542,1.13542,1.1355,1.13535,1.13548,,,,,52
2025-04-16 07:53:00,1.13544,1.13592,1.1354,1.13592,1.1355,1.13602,1.13548,1.13601,,,,,131
2025-04-16 07:54:00,1.13591,1.13634,1.13589,1.13628,1.136,1.13647,1.13598,1.13642,,,,,126
2025-04-16 07:55:00,1.13632,1.13648,1.1363,1.13647,1.13646,1.13657,1.13638,1.13656,,,,,104
2025-04-16 07:56:00,1.13646,1.13684,1.13646,1.13682,1.13655,1.13691,1.13655,1.13691,,,,,137
2025-04-16 07:57:00,1.13683,1.13744,1.13683,1.13743,1.13692,1.1375,1.1369,1.13749,,,,,111
2025-04-16 07:58:00,1.13737,1.13834,1.13737,1.13819,1.13743,1.13851,1.13743,1.13828,,,,,205
2025-04-16 07:59:00,1.1382,1.13851,1.138,1.13804,1.13829,1.13859,1.13809,1.13813,,,,,181
2025-04-16 08:00:00,1.138,1.13805,1.13756,1.13774,1.13809,1.13814,1.13765,1.13783,,,,,181
2025-04-16 08:01:00,1.13768,1.1379,1.13739,1.13752,1.1378,1.13799,1.13749,1.13758,,,,,166
2025-04-16 08:02:00,1.13748,1.13751,1.13722,1.13737,1.13754,1.13757,1.13728,1.13743,,,,,93
2025-04-16 08:03:00,1.13736,1.13736,1.13701,1.13706,1.13742,1.13742,1.13707,1.13712,,,,,141
2025-04-16 08:04:00,1.13703,1.13716,1.13681,1.13697,1.13713,1.13722,1.13688,1.13703,,,,,99
2025-04-16 08:05:00,1.13693,1.13705,1.13676,1.13687,1.13699,1.13711,1.13682,1.13693,,,,,97
2025-04-16 08:06:00,1.13686,1.13687,1.13654,1.1366,1.13692,1.13693,1.1366,1.13666,,,,,110
2025-04-16 08:07:00,1.13656,1.13663,1.1364,1.13661,1.13662,1.13669,1.13646,1.13667,,,,,100
2025-04-16 08:08:00,1.1366,1.13701,1.13653,1.13695,1.13666,1.13712,1.13659,1.13709,,,,,69
2025-04-16 08:09:00,1.13694,1.13694,1.13653,1.13659,1.13708,1.13708,1.13661,1.13665,,,,,126
2025-04-16 08:10:00,1.13657,1.13657,1.13628,1.13652,1.13663,1.13663,1.13636,1.13658,,,,,77
2025-04-16 08:11:00,1.13648,1.13666,1.13631,1.13666,1.13661,1.13672,1.13637,1.13672,,,,,82
2025-04-16 08:12:00,1.13663,1.13683,1.13638,1.13672,1.13669,1.13694,1.1365,1.13681,,,,,83
2025-04-16 08:13:00,1.13671,1.13689,1.1366,1.13665,1.1368,1.13695,1.13666,1.13671,,,,,73
2025-04-16 08:14:00,1.1367,1.1369,1.13668,1.13688,1.13679,1.13696,1.13676,1.13694,,,,,57
2025-04-16 08:15:00,1.13687,1.13701,1.13675,1.13681,1.13693,1.13707,1.13681,1.13687,,,,,65
2025-04-16 08:16:00,1.13684,1.1372,1.1368,1.13717,1.1369,1.13726,1.13686,1.13723,,,,,60
2025-04-16 08:17:00,1.13721,1.13751,1.13711,1.13728,1.13727,1.13757,1.13717,1.13734,,,,,85
2025-04-16 08:18:00,1.13729,1.13763,1.13726,1.13737,1.13735,1.13769,1.13732,1.13743,,,,,104
2025-04-16 08:19:00,1.13739,1.13753,1.13721,1.13736,1.13745,1.1376,1.13728,1.13742,,,,,56
2025-04-16 08:20:00,1.13734,1.13739,1.13724,1.13736,1.1374,1.13755,1.1373,1.13742,,,,,73
2025-04-16 08:21:00,1.13735,1.13735,1.13709,1.13726,1.13741,1.13741,1.13715,1.13732,,,,,45
2025-04-16 08:22:00,1.13737,1.13739,1.13716,1.13738,1.13743,1.1375,1.13722,1.1375,,,,,69
2025-04-16 08:23:00,1.1374,1.1374,1.13683,1.13684,1.13747,1.13751,1.13695,1.13698,,,,,129
2025-04-16 08:24:00,1.13685,1.13732,1.13682,1.13724,1.13696,1.13738,1.13696,1.1373,,,,,64
2025-04-16 08:25:00,1.13725,1.1373,1.13712,1.13721,1.13731,1.13736,1.13721,1.1373,,,,,71
2025-04-16 08:26:00,1.1372,1.13735,1.13714,1.13718,1.13729,1.13746,1.1372,1.13724,,,,,89
2025-04-16 08:27:00,1.13717,1.1373,1.13713,1.13724,1.13723,1.13736,1.13719,1.1373,,,,,47
2025-04-16 08:28:00,1.13723,1.13751,1.13723,1.13747,1.13729,1.1376,1.13729,1.13753,,,,,99
2025-04-16 08:29:00,1.13748,1.13749,1.13726,1.13746,1.13754,1.13763,1.13732,1.13755,,,,,83
2025-04-16 08:30:00,1.13745,1.13801,1.13745,1.1379,1.13754,1.13807,1.13752,1.13796,,,,,130
2025-04-16 08:31:00,1.13787,1.13826,1.13787,1.13826,1.13793,1.13832,1.13793,1.13832,,,,,96
2025-04-16 08:32:00,1.13825,1.13825,1.13731,1.13734,1.13831,1.13831,1.13737,1.1374,,,,,113
2025-04-16 08:33:00,1.13735,1.1374,1.13692,1.13729,1.13741,1.13746,1.13701,1.13735,,,,,119
2025-04-16 08:34:00,1.13726,1.13751,1.13716,1.13726,1.13732,1.13766,1.13722,1.13732,,,,,109
2025-04-16 08:35:00,1.13727,1.13747,1.13725,1.13726,1.13733,1.13753,1.13731,1.13732,,,,,66
2025-04-16 08:36:00,1.13725,1.13784,1.13725,1.13775,1.13731,1.1379,1.13731,1.13781,,,,,77
2025-04-16 08:37:00,1.13774,1.13777,1.13761,1.13766,1.1378,1.13786,1.1377,1.13781,,,,,81
2025-04-16 08:38:00,1.13764,1.13801,1.13764,1.13775,1.13782,1.13811,1.13778,1.13781,,,,,108
2025-04-16 08:39:00,1.13776,1.13782,1.1371,1.1371,1.13782,1.13788,1.13716,1.13716,,,,,66
2025-04-16 08:40:00,1.13711,1.13726,1.137,1.13722,1.13717,1.13732,1.13706,1.13728,,,,,55
2025-04-16 08:41:00,1.13725,1.13729,1.13694,1.13695,1.13731,1.13735,1.137,1.13701,,,,,46
2025-04-16 08:42:00,1.137,1.13712,1.13684,1.13694,1.13706,1.13718,1.1369,1.137,,,,,58
2025-04-16 08:43:00,1.13704,1.1371,1.13681,1.13692,1.1371,1.13719,1.13687,1.13701,,,,,52
2025-04-16 08:44:00,1.13689,1.1369,1.13659,1.13676,1.13695,1.13702,1.13669,1.13682,,,,,62
2025-04-16 08:45:00,1.13675,1.13681,1.13658,1.1366,1.13681,1.13689,1.13665,1.13666,,,,,80
2025-04-16 08:46:00,1.13657,1.13678,1.13647,1.1367,1.13669,1.13689,1.13654,1.13676,,,,,73
2025-04-16 08:47:00,1.13669,1.13685,1.13657,1.13662,1.13675,1.13691,1.13665,1.13673,,,,,63
2025-04-16 08:48:00,1.13663,1.13665,1.13658,1.13663,1.13672,1.13674,1.13667,1.13672,,,,,42
2025-04-16 08:49:00,1.13672,1.13688,1.13658,1.13683,1.13678,1.13694,1.13664,1.13689,,,,,59
2025-04-16 08:50:00,1.13682,1.13692,1.13673,1.13685,1.13688,1.13698,1.13679,1.13691,,,,,50
2025-04-16 08:51:00,1.1368,1.13696,1.1368,1.13684,1.13686,1.13703,1.13686,1.1369,,,,,50
2025-04-16 08:52:00,1.13674,1.13681,1.13654,1.13656,1.1368,1.13687,1.1366,1.13662,,,,,67
2025-04-16 08:53:00,1.13647,1.13666,1.13644,1.13646,1.13653,1.13672,1.1365,1.13652,,,,,48
2025-04-16 08:54:00,1.13647,1.1366,1.13633,1.13659,1.13653,1.13666,1.13639,1.13665,,,,,55
2025-04-16 08:55:00,1.13655,1.13667,1.13644,1.13664,1.13661,1.13673,1.1365,1.1367,,,,,71
2025-04-16 08:56:00,1.13663,1.13663,1.13634,1.13645,1.13669,1.13669,1.1364,1.13651,,,,,41
2025-04-16 08:57:00,1.13644,1.13646,1.13619,1.13623,1.1365,1.13652,1.13625,1.13629,,,,,49
2025-04-16 08:58:00,1.13619,1.13624,1.13603,1.1361,1.13625,1.13632,1.13611,1.13616,,,,,59
2025-04-16 08:59:00,1.13609,1.13621,1.13604,1.13604,1.13615,1.13627,1.13611,1.13613,,,,,93
2025-04-16 09:00:00,1.13606,1.13668,1.13599,1.13635,1.13615,1.13674,1.13605,1.13641,,,,,152
2025-04-16 09:01:00,1.13636,1.13648,1.13615,1.13641,1.13642,1.13654,1.13621,1.13647,,,,,102
2025-04-16 09:02:00,1.13644,1.13645,1.13625,1.13626,1.1365,1.13651,1.13632,1.13632,,,,,74
2025-04-16 09:03:00,1.13625,1.13631,1.1359,1.13595,1.13631,1.13637,1.13596,1.13601,,,,,62
2025-04-16 09:04:00,1.136,1.13635,1.13591,1.13624,1.13606,1.13641,1.13597,1.1363,,,,,85
2025-04-16 09:05:00,1.13626,1.13704,1.13623,1.13702,1.13632,1.13711,1.13629,1.13711,,,,,120
2025-04-16 09:06:00,1.13703,1.13748,1.13695,1.13748,1.13712,1.13759,1.13701,1.13757,,,,,135
2025-04-16 09:07:00,1.13749,1.1376,1.13736,1.13739,1.13758,1.13769,1.13742,1.13745,,,,,98
2025-04-16 09:08:00,1.1374,1.13755,1.13734,1.13735,1.13746,1.13761,1.1374,1.13741,,,,,69
2025-04-16 09:09:00,1.13739,1.13751,1.13707,1.13731,1.13745,1.1376,1.13713,1.13737,,,,,103
2025-04-16 09:10:00,1.13729,1.13745,1.13704,1.13726,1.13735,1.13751,1.1371,1.13732,,,,,81
2025-04-16 09:11:00,1.13721,1.13732,1.13685,1.13685,1.13727,1.13738,1.13691,1.13691,,,,,66
2025-04-16 09:12:00,1.1368,1.1368,1.13654,1.13676,1.13686,1.13686,1.1366,1.13682,,,,,79
2025-04-16 09:13:00,1.1368,1.13696,1.13672,1.13688,1.13686,1.1371,1.13681,1.13701,,,,,111
2025-04-16 09:14:00,1.13682,1.13694,1.13679,1.1369,1.13694,1.13702,1.13688,1.13696,,,,,71
2025-04-16 09:15:00,1.13691,1.13744,1.13685,1.13742,1.13697,1.1375,1.13697,1.13748,,,,,90
2025-04-16 09:16:00,1.13738,1.13739,1.13704,1.13729,1.13744,1.13745,1.1371,1.13735,,,,,69
2025-04-16 09:17:00,1.1374,1.13747,1.1372,1.13746,1.13746,1.13753,1.13726,1.13752,,,,,65
2025-04-16 09:18:00,1.13747,1.13802,1.13742,1.13801,1.13753,1.13808,1.13748,1.13807,,,,,93
2025-04-16 09:19:00,1.138,1.13807,1.13768,1.13807,1.13806,1.13815,1.13774,1.13813,,,,,96
2025-04-16 09:20:00,1.13808,1.13812,1.13777,1.13781,1.13814,1.1382,1.13789,1.13792,,,,,99
2025-04-16 09:21:00,1.13778,1.13793,1.13758,1.13784,1.13789,1.13799,1.1377,1.1379,,,,,119
2025-04-16 09:22:00,1.13785,1.13851,1.13782,1.13844,1.13791,1.13857,1.1379,1.13857,,,,,134
2025-04-16 09:23:00,1.13843,1.13871,1.13803,1.13826,1.13856,1.13877,1.1381,1.13832,,,,,126
2025-04-16 09:24:00,1.13825,1.13833,1.1381,1.13824,1.13831,1.13839,1.13816,1.1383,,,,,80
2025-04-16 09:25:00,1.1382,1.13859,1.13799,1.13805,1.13826,1.13865,1.13806,1.13811,,,,,88
2025-04-16 09:26:00,1.13807,1.13868,1.13804,1.13844,1.13813,1.13874,1.1381,1.1385,,,,,92
2025-04-16 09:27:00,1.13843,1.13864,1.13825,1.13828,1.13849,1.1387,1.13831,1.13834,,,,,108
2025-04-16 09:28:00,1.13829,1.13874,1.13824,1.13873,1.13835,1.1388,1.1383,1.13879,,,,,85
2025-04-16 09:29:00,1.13868,1.13912,1.13864,1.13898,1.13874,1.13926,1.1387,1.13904,,,,,133
2025-04-16 09:30:00,1.139,1.13919,1.13888,1.13893,1.13906,1.13929,1.13894,1.13899,,,,,126
2025-04-16 09:31:00,1.13892,1.13892,1.1383,1.13846,1.13898,1.13898,1.13844,1.13855,,,,,133
2025-04-16 09:32:00,1.13847,1.13856,1.13818,1.13853,1.13856,1.13863,1.13824,1.13859,,,,,102
2025-04-16 09:33:00,1.13849,1.13892,1.13844,1.13855,1.13861,1.13898,1.1385,1.13861,,,,,90
2025-04-16 09:34:00,1.13854,1.13855,1.13796,1.138,1.1386,1.13862,1.13806,1.13806,,,,,101
2025-04-16 09:35:00,1.13801,1.1381,1.13789,1.13795,1.1381,1.13816,1.13799,1.13801,,,,,102
2025-04-16 09:36:00,1.13794,1.13845,1.13788,1.13844,1.138,1.13851,1.13796,1.1385,,,,,111
2025-04-16 09:37:00,1.13848,1.13853,1.13807,1.13818,1.13854,1.13859,1.13816,1.13827,,,,,71
2025-04-16 09:38:00,1.13824,1.13829,1.13798,1.138,1.1383,1.13842,1.13814,1.13821,,,,,88
2025-04-16 09:39:00,1.13799,1.13806,1.13788,1.13795,1.13819,1.13822,1.13797,1.13801,,,,,96
2025-04-16 09:40:00,1.13794,1.13823,1.13791,1.13813,1.138,1.13829,1.13798,1.13819,,,,,76
2025-04-16 09:41:00,1.13815,1.13825,1.13798,1.13799,1.13821,1.13831,1.1381,1.13814,,,,,66
2025-04-16 09:42:00,1.13804,1.13821,1.13796,1.13796,1.13815,1.13833,1.13806,1.13811,,,,,100
2025-04-16 09:43:00,1.13795,1.13845,1.13795,1.13837,1.13812,1.13852,1.13809,1.13852,,,,,77
2025-04-16 09:44:00,1.13835,1.13835,1.13804,1.13809,1.13849,1.13851,1.13813,1.13818,,,,,132
2025-04-16 09:45:00,1.1381,1.13826,1.138,1.13825,1.13819,1.13832,1.1381,1.13831,,,,,87
2025-04-16 09:46:00,1.13824,1.13835,1.13813,1.1382,1.1383,1.13844,1.13824,1.13826,,,,,63
2025-04-16 09:47:00,1.13821,1.13833,1.13806,1.13833,1.13827,1.13842,1.1382,1.13842,,,,,86
2025-04-16 09:48:00,1.13832,1.13853,1.1382,1.13836,1.13841,1.13864,1.13833,1.13845,,,,,67
2025-04-16 09:49:00,1.13843,1.13843,1.13816,1.13818,1.13852,1.13856,1.13825,1.13827,,,,,101
2025-04-16 09:50:00,1.13816,1.1382,1.13797,1.13808,1.13825,1.13835,1.13807,1.13817,,,,,115
2025-04-16 09:51:00,1.13807,1.13835,1.13798,1.13835,1.13816,1.13841,1.1381,1.13841,,,,,76
2025-04-16 09:52:00,1.13833,1.13845,1.13819,1.13819,1.13839,1.13856,1.13828,1.13828,,,,,114
2025-04-16 09:53:00,1.13818,1.13826,1.13794,1.13802,1.13827,1.13832,1.13807,1.13811,,,,,75
2025-04-16 09:54:00,1.13798,1.13814,1.13792,1.13796,1.13815,1.1382,1.13805,1.13811,,,,,83
2025-04-16 09:55:00,1.13797,1.13798,1.13788,1.13788,1.13809,1.13809,1.13797,1.13804,,,,,67
2025-04-16 09:56:00,1.13787,1.13799,1.13786,1.13792,1.13803,1.13808,1.13799,1.13801,,,,,67
2025-04-16 09:57:00,1.13794,1.13804,1.13791,1.13799,1.13803,1.1381,1.13798,1.13805,,,,,53
2025-04-16 09:58:00,1.13798,1.13823,1.13793,1.13823,1.13804,1.13829,1.13799,1.13829,,,,,62
2025-04-16 09:59:00,1.1382,1.13868,1.13812,1.13868,1.13826,1.13874,1.13818,1.13874,,,,,59
2025-04-16 10:00:00,1.13863,1.1388,1.13859,1.1388,1.13879,1.1389,1.13868,1.13886,,,,,119
2025-04-16 10:01:00,1.13879,1.13879,1.13846,1.13863,1.13885,1.13885,1.13855,1.13872,,,,,134
2025-04-16 10:02:00,1.13867,1.13867,1.13803,1.1382,1.13876,1.13876,1.13809,1.13826,,,,,105
2025-04-16 10:03:00,1.13823,1.13838,1.13793,1.13794,1.13829,1.13844,1.13799,1.138,,,,,69
2025-04-16 10:04:00,1.13796,1.138,1.13783,1.138,1.13802,1.13806,1.13794,1.13806,,,,,63
2025-04-16 10:05:00,1.13799,1.13807,1.13781,1.13797,1.13805,1.13813,1.13793,1.13803,,,,,70
2025-04-16 10:06:00,1.13799,1.13824,1.13799,1.13807,1.13805,1.1383,1.13805,1.13816,,,,,80
2025-04-16 10:07:00,1.13808,1.13839,1.13806,1.13838,1.13817,1.13848,1.13815,1.13847,,,,,106
2025-04-16 10:08:00,1.13841,1.1385,1.13816,1.13818,1.1385,1.13856,1.13823,1.13824,,,,,61
2025-04-16 10:09:00,1.13819,1.13824,1.13794,1.13797,1.13825,1.1383,1.13806,1.13806,,,,,83
2025-04-16 10:10:00,1.13788,1.13798,1.13776,1.13779,1.13799,1.13808,1.13785,1.13792,,,,,89
2025-04-16 10:11:00,1.1378,1.1378,1.13726,1.13743,1.13793,1.13793,1.13737,1.13749,,,,,198
2025-04-16 10:12:00,1.13741,1.13752,1.13727,1.13745,1.13747,1.13761,1.13735,1.13754,,,,,122
2025-04-16 10:13:00,1.13746,1.13754,1.13719,1.13732,1.13755,1.1376,1.13731,1.13741,,,,,97
2025-04-16 10:14:00,1.13733,1.13759,1.13733,1.13759,1.13739,1.13766,1.13739,1.13765,,,,,83
2025-04-16 10:15:00,1.13758,1.1377,1.13727,1.13738,1.13764,1.13776,1.13737,1.13744,,,,,78
2025-04-16 10:16:00,1.13741,1.13755,1.13733,1.13742,1.13747,1.13764,1.13742,1.13751,,,,,58
2025-04-16 10:17:00,1.1374,1.13762,1.13733,1.13754,1.13749,1.13771,1.13739,1.1376,,,,,94
2025-04-16 10:18:00,1.1375,1.1376,1.13727,1.13728,1.13756,1.1377,1.13736,1.13737,,,,,69
2025-04-16 10:19:00,1.13729,1.13731,1.13696,1.13723,1.13738,1.13743,1.13705,1.13735,,,,,105
2025-04-16 10:20:00,1.13726,1.13741,1.1372,1.13738,1.13738,1.1375,1.13732,1.13747,,,,,70
2025-04-16 10:21:00,1.1374,1.13766,1.1374,1.13751,1.13749,1.13777,1.13746,1.1376,,,,,61
2025-04-16 10:22:00,1.13752,1.13768,1.13737,1.13742,1.13761,1.13775,1.13746,1.13751,,,,,73
2025-04-16 10:23:00,1.13741,1.13741,1.13691,1.13697,1.1375,1.1375,1.137,1.13709,,,,,97
2025-04-16 10:24:00,1.13694,1.13705,1.13692,1.13704,1.13708,1.13715,1.13701,1.1371,,,,,75
2025-04-16 10:25:00,1.13708,1.13721,1.13703,1.1372,1.13714,1.13732,1.13709,1.13731,,,,,76
2025-04-16 10:26:00,1.13729,1.13742,1.1371,1.13742,1.13738,1.13751,1.1372,1.13751,,,,,78
2025-04-16 10:27:00,1.13745,1.13774,1.13577,1.13582,1.13749,1.1378,1.136,1.13607,,,,,267
2025-04-16 10:28:00,1.13585,1.13662,1.13539,1.13624,1.13609,1.13676,1.13568,1.13633,,,,,434
2025-04-16 10:29:00,1.13625,1.1368,1.13616,1.13677,1.13634,1.13696,1.13625,1.13686,,,,,260
2025-04-16 10:30:00,1.13678,1.13697,1.1361,1.1362,1.13687,1.13703,1.13621,1.13634,,,,,292
2025-04-16 10:31:00,1.13618,1.13668,1.13612,1.13656,1.13632,1.13677,1.13621,1.13662,,,,,222
2025-04-16 10:32:00,1.13658,1.13663,1.13582,1.13587,1.13664,1.13669,1.13593,1.13602,,,,,201
2025-04-16 10:33:00,1.13585,1.13592,1.13527,1.13567,1.13603,1.13605,1.13538,1.13573,,,,,243
2025-04-16 10:34:00,1.13564,1.13609,1.13559,1.13607,1.1357,1.13625,1.13565,1.13616,,,,,221
2025-04-16 10:35:00,1.13606,1.13649,1.13594,1.13638,1.13615,1.13655,1.13603,1.13644,,,,,181
2025-04-16 10:36:00,1.13635,1.13651,1.13599,1.13649,1.13641,1.13658,1.13605,1.13655,,,,,225
2025-04-16 10:37:00,1.13656,1.13699,1.13648,1.13691,1.13662,1.13709,1.13654,1.137,,,,,195
2025-04-16 10:38:00,1.13686,1.13687,1.1353,1.13537,1.13695,1.13696,1.13542,1.13546,,,,,189
2025-04-16 10:39:00,1.13538,1.13566,1.13488,1.13495,1.13547,1.13575,1.135,1.13504,,,,,208
2025-04-16 10:40:00,1.13494,1.13524,1.13449,1.13465,1.13503,1.13533,1.13459,1.13471,,,,,248
2025-04-16 10:41:00,1.13464,1.13474,1.13387,1.13395,1.1347,1.1348,1.13396,1.13401,,,,,277
2025-04-16 10:42:00,1.13394,1.13447,1.13379,1.13444,1.134,1.13453,1.13385,1.1345,,,,,241
2025-04-16 10:43:00,1.1345,1.13461,1.13406,1.13419,1.13456,1.13467,1.13412,1.13425,,,,,178
2025-04-16 10:44:00,1.1342,1.13489,1.1342,1.13487,1.13426,1.13498,1.13426,1.13496,,,,,215
2025-04-16 10:45:00,1.13486,1.13515,1.1346,1.13514,1.13495,1.13521,1.13469,1.1352,,,,,172
2025-04-16 10:46:00,1.13516,1.13529,1.13483,1.13497,1.13522,1.13535,1.13495,1.13506,,,,,174
2025-04-16 10:47:00,1.13499,1.13538,1.13498,1.13532,1.13508,1.13551,1.13507,1.13538,,,,,135
2025-04-16 10:48:00,1.13533,1.13562,1.13521,1.13562,1.13539,1.13571,1.13528,1.13571,,,,,116
2025-04-16 10:49:00,1.13563,1.13566,1.13514,1.13536,1.13572,1.13575,1.13524,1.13542,,,,,123
2025-04-16 10:50:00,1.13537,1.1355,1.13505,1.13509,1.13543,1.13556,1.13513,1.13518,,,,,112
2025-04-16 10:51:00,1.13507,1.13586,1.13506,1.13544,1.13516,1.13592,1.13515,1.1355,,,,,138
2025-04-16 10:52:00,1.13548,1.13591,1.13547,1.13584,1.13554,1.13597,1.13553,1.1359,,,,,116
2025-04-16 10:53:00,1.13583,1.13635,1.13573,1.13629,1.13589,1.13648,1.13581,1.13644,,,,,154
2025-04-16 10:54:00,1.13628,1.1366,1.13603,1.13652,1.13642,1.13668,1.13617,1.13658,,,,,183
2025-04-16 10:55:00,1.1365,1.1367,1.13645,1.13652,1.13656,1.13676,1.13654,1.13661,,,,,70
2025-04-16 10:56:00,1.13651,1.13675,1.13639,1.13649,1.1366,1.13681,1.13645,1.13655,,,,,100
2025-04-16 10:57:00,1.13651,1.13659,1.13637,1.13659,1.13657,1.13665,1.13643,1.13665,,,,,76
2025-04-16 10:58:00,1.13658,1.13681,1.13657,1.1368,1.13664,1.13693,1.13663,1.13693,,,,,83
2025-04-16 10:59:00,1.13679,1.13723,1.13674,1.13687,1.13688,1.13732,1.13688,1.13711,,,,,144
2025-04-16 11:00:00,1.13684,1.13692,1.13674,1.13684,1.13713,1.1373,1.13681,1.1369,,,,,59
2025-04-16 11:01:00,1.13683,1.13706,1.13676,1.13706,1.13689,1.13712,1.13683,1.13712,,,,,55
2025-04-16 11:02:00,1.13707,1.13709,1.13679,1.13701,1.13713,1.13718,1.13687,1.13707,,,,,59
2025-04-16 11:03:00,1.13702,1.13734,1.137,1.1372,1.13708,1.1374,1.13706,1.13734,,,,,101
2025-04-16 11:04:00,1.13722,1.13773,1.13721,1.13736,1.13731,1.13781,1.13731,1.13742,,,,,120
2025-04-16 11:05:00,1.13735,1.13769,1.13719,1.13762,1.13741,1.13782,1.13725,1.1378,,,,,107
2025-04-16 11:06:00,1.1376,1.13761,1.13734,1.13742,1.13778,1.13779,1.13743,1.13748,,,,,93
2025-04-16 11:07:00,1.13738,1.1376,1.13731,1.13742,1.13744,1.13777,1.13744,1.13767,,,,,98
2025-04-16 11:08:00,1.13733,1.13733,1.13663,1.13688,1.13766,1.13768,1.13675,1.13694,,,,,186
2025-04-16 11:09:00,1.13687,1.13706,1.13661,1.13663,1.13693,1.13712,1.13675,1.13676,,,,,131
2025-04-16 11:10:00,1.13665,1.13676,1.13645,1.13649,1.13677,1.13685,1.13651,1.13655,,,,,77
2025-04-16 11:11:00,1.13653,1.13659,1.1361,1.13618,1.13659,1.13667,1.1362,1.13624,,,,,84
2025-04-16 11:12:00,1.13615,1.13658,1.13612,1.13644,1.13621,1.13664,1.13619,1.1365,,,,,86
2025-04-16 11:13:00,1.13641,1.13659,1.13625,1.13628,1.13647,1.13665,1.13631,1.13634,,,,,75
2025-04-16 11:14:00,1.13633,1.13639,1.136,1.13602,1.13639,1.13645,1.13611,1.13614,,,,,82
2025-04-16 11:15:00,1.136,1.13617,1.13585,1.13613,1.13613,1.13623,1.13595,1.13619,,,,,118
2025-04-16 11:16:00,1.13609,1.13636,1.13607,1.13628,1.13615,1.13642,1.13613,1.13634,,,,,53
2025-04-16 11:17:00,1.13629,1.13668,1.13612,1.13668,1.13635,1.13676,1.13618,1.13674,,,,,78
2025-04-16 11:18:00,1.13669,1.13685,1.13645,1.13682,1.13675,1.13691,1.13651,1.13688,,,,,74
2025-04-16 11:19:00,1.13681,1.13681,1.13653,1.13667,1.13687,1.13687,1.13659,1.13673,,,,,69
2025-04-16 11:20:00,1.13668,1.13682,1.13666,1.13682,1.13674,1.13693,1.13672,1.13691,,,,,77
2025-04-16 11:21:00,1.13681,1.1372,1.13673,1.13719,1.1369,1.13732,1.13682,1.13731,,,,,87
2025-04-16 11:22:00,1.1372,1.13738,1.13702,1.13712,1.13729,1.13747,1.13711,1.13721,,,,,113
2025-04-16 11:23:00,1.13711,1.13717,1.13686,1.13688,1.1372,1.13726,1.13692,1.13694,,,,,62
2025-04-16 11:24:00,1.1368,1.13748,1.13678,1.13743,1.13686,1.13755,1.13684,1.13749,,,,,76
2025-04-16 11:25:00,1.13739,1.13751,1.1372,1.13723,1.13745,1.13757,1.13727,1.13732,,,,,88
2025-04-16 11:26:00,1.13722,1.13722,1.13665,1.13665,1.13731,1.13731,1.1368,1.13681,,,,,167
2025-04-16 11:27:00,1.13666,1.13672,1.1364,1.13667,1.1368,1.13692,1.13649,1.13688,,,,,133
2025-04-16 11:28:00,1.13666,1.13675,1.1364,1.13645,1.13687,1.13694,1.13649,1.13654,,,,,100
2025-04-16 11:29:00,1.13647,1.13671,1.1364,1.13667,1.13653,1.13684,1.13651,1.13676,,,,,118
2025-04-16 11:30:00,1.13668,1.13754,1.13668,1.13752,1.13677,1.13762,1.13677,1.13758,,,,,86
2025-04-16 11:31:00,1.1375,1.13776,1.13728,1.13738,1.13756,1.13782,1.13734,1.13744,,,,,113
2025-04-16 11:32:00,1.1374,1.13744,1.13669,1.13669,1.13746,1.1375,1.13678,1.13678,,,,,118
2025-04-16 11:33:00,1.1367,1.13696,1.13666,1.13684,1.13679,1.13702,1.13674,1.1369,,,,,94
2025-04-16 11:34:00,1.1368,1.13722,1.1368,1.13694,1.13686,1.13728,1.13686,1.137,,,,,91
2025-04-16 11:35:00,1.13696,1.13702,1.13665,1.13683,1.13702,1.13708,1.13671,1.13692,,,,,100
2025-04-16 11:36:00,1.13682,1.13693,1.13669,1.13673,1.13691,1.13706,1.13675,1.13682,,,,,70
2025-04-16 11:37:00,1.13668,1.13673,1.13646,1.13648,1.13674,1.13679,1.13655,1.13657,,,,,77
2025-04-16 11:38:00,1.13652,1.13674,1.13622,1.13628,1.13658,1.1368,1.13634,1.13637,,,,,78
2025-04-16 11:39:00,1.13624,1.13649,1.13618,1.13647,1.13639,1.13655,1.13627,1.13653,,,,,74
2025-04-16 11:40:00,1.13649,1.13651,1.13609,1.13611,1.13655,1.13657,1.13615,1.13617,,,,,94
2025-04-16 11:41:00,1.13607,1.13611,1.13587,1.13596,1.13621,1.13624,1.13597,1.13605,,,,,61
2025-04-16 11:42:00,1.13597,1.1361,1.13567,1.13595,1.13606,1.13616,1.13576,1.13601,,,,,97
2025-04-16 11:43:00,1.13588,1.13589,1.1356,1.13586,1.13594,1.13595,1.13566,1.13592,,,,,89
2025-04-16 11:44:00,1.13587,1.13592,1.13556,1.13567,1.13593,1.13598,1.1357,1.13583,,,,,97
2025-04-16 11:45:00,1.13568,1.13619,1.13568,1.13597,1.13582,1.13625,1.13582,1.13603,,,,,87
2025-04-16 11:46:00,1.13598,1.13608,1.13572,1.13581,1.13604,1.13618,1.13584,1.1359,,,,,95
2025-04-16 11:47:00,1.13583,1.13614,1.13582,1.13593,1.13592,1.1362,1.1359,1.13599,,,,,103
2025-04-16 11:48:00,1.13589,1.13592,1.13571,1.13584,1.13595,1.13605,1.13582,1.13596,,,,,62
2025-04-16 11:49:00,1.13585,1.13604,1.1358,1.1358,1.13597,1.13615,1.13586,1.13586,,,,,86
2025-04-16 11:50:00,1.13579,1.1363,1.13568,1.1363,1.13585,1.13636,1.13582,1.13636,,,,,94
2025-04-16 11:51:00,1.13633,1.1364,1.13617,1.13632,1.13639,1.13654,1.13626,1.13641,,,,,128
2025-04-16 11:52:00,1.13634,1.13663,1.13618,1.13659,1.13643,1.13672,1.13627,1.13665,,,,,138
2025-04-16 11:53:00,1.1366,1.13698,1.1366,1.1368,1.13666,1.13704,1.13666,1.13692,,,,,104
2025-04-16 11:54:00,1.13677,1.13687,1.13648,1.13649,1.13689,1.13699,1.13654,1.13655,,,,,99
2025-04-16 11:55:00,1.1365,1.13672,1.13641,1.13652,1.13656,1.13681,1.13647,1.13658,,,,,84
2025-04-16 11:56:00,1.13648,1.1366,1.13608,1.13608,1.13654,1.13666,1.13614,1.13614,,,,,94
2025-04-16 11:57:00,1.13609,1.13614,1.13565,1.13571,1.13615,1.1362,1.13572,1.13584,,,,,89
2025-04-16 11:58:00,1.13572,1.13612,1.13572,1.13589,1.13585,1.13618,1.13585,1.13595,,,,,82
2025-04-16 11:59:00,1.1359,1.13599,1.13564,1.13599,1.13596,1.13605,1.1357,1.13605,,,,,101
2025-04-16 12:00:00,1.136,1.13611,1.13573,1.13574,1.13606,1.13617,1.13579,1.1358,,,,,112
2025-04-16 12:01:00,1.13579,1.13588,1.13557,1.13563,1.13585,1.13594,1.13563,1.13569,,,,,69
2025-04-16 12:02:00,1.13568,1.13569,1.13546,1.13549,1.13574,1.13575,1.13552,1.13555,,,,,84
2025-04-16 12:03:00,1.13548,1.13561,1.13519,1.13557,1.13554,1.13567,1.13529,1.13563,,,,,99
2025-04-16 12:04:00,1.13559,1.13569,1.13548,1.13562,1.13565,1.13575,1.13554,1.13568,,,,,55
2025-04-16 12:05:00,1.13558,1.13568,1.13541,1.13552,1.13564,1.13574,1.13547,1.13558,,,,,57
2025-04-16 12:06:00,1.13554,1.13608,1.13554,1.13577,1.1356,1.13614,1.1356,1.13583,,,,,74
2025-04-16 12:07:00,1.1358,1.13592,1.13577,1.13577,1.13586,1.13598,1.13583,1.13583,,,,,58
2025-04-16 12:08:00,1.13578,1.13594,1.13574,1.13592,1.13584,1.136,1.1358,1.13598,,,,,39
2025-04-16 12:09:00,1.13593,1.13612,1.13593,1.13602,1.13599,1.13624,1.13599,1.13608,,,,,50
2025-04-16 12:10:00,1.13596,1.13598,1.13576,1.13588,1.13602,1.13604,1.13582,1.13594,,,,,69
2025-04-16 12:11:00,1.13591,1.13632,1.13587,1.13621,1.13597,1.13641,1.13593,1.13627,,,,,67
2025-04-16 12:12:00,1.13622,1.13625,1.13585,1.13597,1.13628,1.13631,1.13591,1.13603,,,,,89
2025-04-16 12:13:00,1.13593,1.13658,1.13593,1.13657,1.13599,1.13664,1.13599,1.13663,,,,,101
2025-04-16 12:14:00,1.13658,1.13686,1.13658,1.13661,1.13664,1.13695,1.13664,1.13667,,,,,108
2025-04-16 12:15:00,1.13662,1.13664,1.13637,1.13642,1.13668,1.1367,1.13643,1.13648,,,,,64
2025-04-16 12:16:00,1.13643,1.13652,1.1363,1.13647,1.13649,1.13658,1.13636,1.13653,,,,,52
2025-04-16 12:17:00,1.13648,1.13665,1.13622,1.13629,1.13654,1.13671,1.13628,1.13635,,,,,59
2025-04-16 12:18:00,1.13628,1.13642,1.13569,1.13601,1.13634,1.13648,1.13578,1.1361,,,,,148
2025-04-16 12:19:00,1.13599,1.13624,1.13555,1.13555,1.13608,1.13633,1.13564,1.13564,,,,,95
2025-04-16 12:20:00,1.13554,1.13567,1.13543,1.13545,1.13563,1.13576,1.13549,1.13551,,,,,73
2025-04-16 12:21:00,1.13542,1.1356,1.13524,1.13549,1.13552,1.13566,1.1353,1.13555,,,,,76
2025-04-16 12:22:00,1.13548,1.13631,1.13548,1.13629,1.13554,1.13637,1.13554,1.13635,,,,,130
2025-04-16 12:23:00,1.13624,1.13638,1.13613,1.13638,1.1363,1.13644,1.13619,1.13644,,,,,78
2025-04-16 12:24:00,1.13637,1.13675,1.13633,1.13661,1.13643,1.13681,1.13639,1.13667,,,,,137
2025-04-16 12:25:00,1.13659,1.13689,1.13653,1.1368,1.13665,1.13702,1.13659,1.13695,,,,,127
2025-04-16 12:26:00,1.13683,1.13683,1.13644,1.13654,1.13697,1.13697,1.1365,1.1366,,,,,98
2025-04-16 12:27:00,1.13653,1.13656,1.13634,1.13649,1.13659,1.13662,1.1364,1.13655,,,,,61
2025-04-16 12:28:00,1.13643,1.13659,1.1363,1.13632,1.13649,1.13665,1.13636,1.13638,,,,,95
2025-04-16 12:29:00,1.13638,1.13661,1.13633,1.13642,1.13644,1.13667,1.13639,1.13648,,,,,82
2025-04-16 12:30:00,1.13639,1.13669,1.13626,1.13667,1.13645,1.13675,1.13636,1.13673,,,,,104
2025-04-16 12:31:00,1.13668,1.13688,1.13657,1.13678,1.13674,1.13694,1.13663,1.13684,,,,,107
2025-04-16 12:32:00,1.13677,1.13708,1.13673,1.13696,1.13683,1.13714,1.13679,1.13702,,,,,100
2025-04-16 12:33:00,1.13694,1.13712,1.1368,1.13711,1.137,1.13718,1.13686,1.13717,,,,,77
2025-04-16 12:34:00,1.13712,1.13733,1.13708,1.13733,1.13718,1.13739,1.13714,1.13739,,,,,82
2025-04-16 12:35:00,1.13728,1.13739,1.13722,1.13724,1.13734,1.13745,1.1373,1.1373,,,,,92
2025-04-16 12:36:00,1.13728,1.13728,1.13676,1.13689,1.13734,1.13734,1.13688,1.13695,,,,,84
2025-04-16 12:37:00,1.13688,1.13713,1.13679,1.13689,1.13694,1.13719,1.13685,1.13695,,,,,69
2025-04-16 12:38:00,1.13687,1.13713,1.13672,1.13676,1.13693,1.13719,1.13678,1.13682,,,,,69
2025-04-16 12:39:00,1.13677,1.13693,1.13662,1.13692,1.13683,1.13699,1.13668,1.13698,,,,,71
2025-04-16 12:40:00,1.13694,1.13707,1.13649,1.13662,1.137,1.13713,1.13658,1.13668,,,,,102
2025-04-16 12:41:00,1.13663,1.13677,1.13604,1.1361,1.13669,1.13683,1.13616,1.13626,,,,,160
2025-04-16 12:42:00,1.13613,1.13633,1.13604,1.13624,1.13628,1.13644,1.13617,1.13638,,,,,119
2025-04-16 12:43:00,1.1362,1.13665,1.13615,1.13655,1.13639,1.13671,1.13623,1.13661,,,,,86
2025-04-16 12:44:00,1.13657,1.13666,1.13628,1.13652,1.13663,1.13672,1.13634,1.13658,,,,,81
2025-04-16 12:45:00,1.13653,1.13653,1.13626,1.13637,1.13659,1.1366,1.13632,1.13643,,,,,72
2025-04-16 12:46:00,1.13638,1.13649,1.13623,1.13639,1.13644,1.13655,1.13629,1.13645,,,,,74
2025-04-16 12:47:00,1.13636,1.13646,1.13628,1.13634,1.13642,1.13652,1.13634,1.1364,,,,,69
2025-04-16 12:48:00,1.13636,1.13659,1.13632,1.13649,1.13642,1.13665,1.13638,1.13655,,,,,69
2025-04-16 12:49:00,1.1365,1.13661,1.13642,1.13643,1.13656,1.13667,1.13648,1.13649,,,,,59
2025-04-16 12:50:00,1.13642,1.13659,1.13623,1.13656,1.13648,1.13668,1.13629,1.13662,,,,,67
2025-04-16 12:51:00,1.13659,1.13684,1.13656,1.13675,1.13665,1.13691,1.13664,1.13681,,,,,67
2025-04-16 12:52:00,1.13674,1.13683,1.13668,1.13679,1.1368,1.13693,1.13674,1.13692,,,,,52
2025-04-16 12:53:00,1.1368,1.13681,1.13646,1.13652,1.1369,1.1369,1.13652,1.13658,,,,,86
2025-04-16 12:54:00,1.13654,1.1366,1.13613,1.13631,1.1366,1.13666,1.13619,1.13637,,,,,77
2025-04-16 12:55:00,1.13628,1.13674,1.13612,1.1366,1.13634,1.1368,1.13618,1.13666,,,,,91
2025-04-16 12:56:00,1.13659,1.13659,1.13628,1.13658,1.13665,1.13667,1.13634,1.13664,,,,,98
2025-04-16 12:57:00,1.1366,1.13675,1.13624,1.13626,1.13666,1.13681,1.13635,1.13635,,,,,88
2025-04-16 12:58:00,1.13629,1.13632,1.13595,1.13613,1.13638,1.13638,1.13604,1.13619,,,,,84
2025-04-16 12:59:00,1.13614,1.13631,1.13574,1.13574,1.1362,1.13637,1.1358,1.1358,,,,,82
2025-04-16 13:00:00,1.13576,1.13627,1.13561,1.13597,1.13582,1.13633,1.13567,1.13603,,,,,140
2025-04-16 13:01:00,1.13599,1.13599,1.13552,1.13566,1.13605,1.13605,1.13561,1.13572,,,,,105
2025-04-16 13:02:00,1.13565,1.13567,1.13559,1.13563,1.13571,1.13573,1.13565,1.13569,,,,,71
2025-04-16 13:03:00,1.13562,1.13583,1.13548,1.13574,1.13568,1.13589,1.13554,1.1358,,,,,63
2025-04-16 13:04:00,1.13576,1.13618,1.13576,1.13616,1.13582,1.13625,1.13582,1.13622,,,,,85
2025-04-16 13:05:00,1.13618,1.13649,1.13618,1.13639,1.13624,1.13655,1.13624,1.13645,,,,,84
2025-04-16 13:06:00,1.13649,1.13675,1.13638,1.13675,1.13655,1.13684,1.13644,1.13684,,,,,82
2025-04-16 13:07:00,1.13676,1.13679,1.13632,1.13638,1.13685,1.13688,1.1364,1.13644,,,,,81
2025-04-16 13:08:00,1.13645,1.13645,1.13633,1.1364,1.13651,1.13651,1.13639,1.13646,,,,,56
2025-04-16 13:09:00,1.13641,1.13658,1.13611,1.13615,1.13647,1.13664,1.13617,1.13621,,,,,84
2025-04-16 13:10:00,1.13612,1.13671,1.13611,1.13671,1.13618,1.13677,1.13617,1.13677,,,,,77
2025-04-16 13:11:00,1.13666,1.13673,1.13654,1.13654,1.13672,1.13679,1.13663,1.13668,,,,,71
2025-04-16 13:12:00,1.13655,1.13655,1.13605,1.13625,1.13669,1.13669,1.13613,1.13634,,,,,135
2025-04-16 13:13:00,1.13616,1.13616,1.13575,1.13587,1.13625,1.13625,1.13581,1.13593,,,,,113
2025-04-16 13:14:00,1.13588,1.13608,1.13577,1.13607,1.13594,1.13618,1.13583,1.13616,,,,,105
2025-04-16 13:15:00,1.13609,1.13637,1.13609,1.13619,1.13615,1.13643,1.13615,1.13625,,,,,64
2025-04-16 13:16:00,1.1362,1.13684,1.1362,1.13659,1.13626,1.1369,1.13626,1.13665,,,,,86
2025-04-16 13:17:00,1.1366,1.1368,1.13644,1.13653,1.13666,1.13686,1.1365,1.13659,,,,,66
2025-04-16 13:18:00,1.13652,1.13668,1.13646,1.13652,1.13658,1.13677,1.13655,1.13658,,,,,60
2025-04-16 13:19:00,1.13646,1.13672,1.13643,1.13653,1.13652,1.13678,1.13649,1.13659,,,,,69
2025-04-16 13:20:00,1.13647,1.13662,1.13632,1.13661,1.13653,1.13668,1.13638,1.13667,,,,,56
2025-04-16 13:21:00,1.13664,1.13668,1.13642,1.13656,1.1367,1.13674,1.13648,1.13662,,,,,65
2025-04-16 13:22:00,1.13658,1.13658,1.13619,1.1363,1.13664,1.13664,1.13625,1.13644,,,,,64
2025-04-16 13:23:00,1.13629,1.13654,1.13629,1.13643,1.13643,1.1366,1.1364,1.13649,,,,,66
2025-04-16 13:24:00,1.13654,1.1368,1.13648,1.13678,1.1366,1.13686,1.13654,1.13684,,,,,41
2025-04-16 13:25:00,1.13683,1.13689,1.13659,1.13687,1.13689,1.13695,1.13665,1.13693,,,,,46
2025-04-16 13:26:00,1.13693,1.13734,1.13689,1.13708,1.13699,1.13743,1.13695,1.13714,,,,,98
2025-04-16 13:27:00,1.13707,1.13707,1.13679,1.13692,1.13713,1.13713,1.13685,1.13698,,,,,62
2025-04-16 13:28:00,1.13694,1.13704,1.13678,1.13681,1.137,1.1371,1.13684,1.13687,,,,,75
2025-04-16 13:29:00,1.13676,1.13693,1.13667,1.13692,1.13682,1.13699,1.13674,1.13698,,,,,64
2025-04-16 13:30:00,1.13693,1.13698,1.1366,1.13661,1.13699,1.13704,1.13673,1.13681,,,,,74
2025-04-16 13:31:00,1.13662,1.13691,1.1366,1.13673,1.1368,1.13697,1.1367,1.13679,,,,,79
2025-04-16 13:32:00,1.1367,1.13695,1.1366,1.13695,1.13676,1.13701,1.13666,1.13701,,,,,73
2025-04-16 13:33:00,1.13694,1.13702,1.13688,1.13702,1.137,1.13708,1.13694,1.13708,,,,,45
2025-04-16 13:34:00,1.13704,1.13704,1.13688,1.13692,1.1371,1.1371,1.13699,1.13705,,,,,39
2025-04-16 13:35:00,1.1369,1.13714,1.13662,1.13662,1.13704,1.1372,1.13677,1.13677,,,,,97
2025-04-16 13:36:00,1.13659,1.13666,1.13642,1.13646,1.13673,1.13675,1.13659,1.1366,,,,,67
2025-04-16 13:37:00,1.13649,1.13661,1.13627,1.13627,1.13665,1.13674,1.13633,1.13633,,,,,76
2025-04-16 13:38:00,1.13628,1.13639,1.13603,1.13618,1.13634,1.13659,1.13621,1.13635,,,,,79
2025-04-16 13:39:00,1.13619,1.13634,1.13611,1.1363,1.13632,1.13643,1.13625,1.13639,,,,,93
2025-04-16 13:40:00,1.13625,1.13641,1.13625,1.13629,1.13631,1.13649,1.13631,1.13645,,,,,49
2025-04-16 13:41:00,1.13634,1.13641,1.13586,1.13598,1.13644,1.13655,1.13598,1.13612,,,,,71
2025-04-16 13:42:00,1.13599,1.13628,1.13599,1.13622,1.13613,1.13634,1.13613,1.13628,,,,,74
2025-04-16 13:43:00,1.13616,1.13619,1.13603,1.13606,1.13622,1.13625,1.13609,1.13612,,,,,64
2025-04-16 13:44:00,1.13607,1.13627,1.13593,1.13596,1.13613,1.13633,1.13599,1.13602,,,,,56
2025-04-16 13:45:00,1.13597,1.13601,1.13582,1.13587,1.13603,1.13607,1.13588,1.13593,,,,,49
2025-04-16 13:46:00,1.13582,1.13623,1.13579,1.13618,1.13588,1.13629,1.13585,1.13624,,,,,75
2025-04-16 13:47:00,1.13617,1.13618,1.13603,1.13604,1.13623,1.13624,1.13609,1.1361,,,,,52
2025-04-16 13:48:00,1.13603,1.13603,1.13548,1.13577,1.13609,1.13609,1.13554,1.13583,,,,,105
2025-04-16 13:49:00,1.1358,1.13592,1.13546,1.13557,1.13586,1.13599,1.13558,1.13563,,,,,148
2025-04-16 13:50:00,1.13556,1.13601,1.13552,1.13559,1.13562,1.13607,1.13558,1.13565,,,,,98
2025-04-16 13:51:00,1.13561,1.13569,1.13551,1.13558,1.13567,1.1358,1.13561,1.13564,,,,,85
2025-04-16 13:52:00,1.13551,1.13597,1.13551,1.13581,1.13557,1.13606,1.13557,1.13587,,,,,106
2025-04-16 13:53:00,1.1358,1.13581,1.13546,1.13563,1.13586,1.13587,1.13552,1.13569,,,,,86
2025-04-16 13:54:00,1.1356,1.13564,1.13551,1.13561,1.13566,1.1357,1.13557,1.13567,,,,,69
2025-04-16 13:55:00,1.13562,1.13586,1.1356,1.13586,1.13568,1.13592,1.13567,1.13592,,,,,97
2025-04-16 13:56:00,1.13587,1.13608,1.1358,1.13608,1.13593,1.13614,1.13586,1.13614,,,,,58
2025-04-16 13:57:00,1.13603,1.13614,1.13581,1.13608,1.13609,1.1362,1.13587,1.13614,,,,,83
2025-04-16 13:58:00,1.13609,1.13626,1.1359,1.13601,1.13615,1.13632,1.13596,1.13607,,,,,117
2025-04-16 13:59:00,1.13602,1.13637,1.13594,1.1363,1.13608,1.13643,1.136,1.13636,,,,,99
2025-04-16 14:00:00,1.13631,1.13652,1.13612,1.13649,1.13637,1.13658,1.13618,1.13655,,,,,90
2025-04-16 14:01:00,1.13643,1.13647,1.13618,1.13632,1.13649,1.13653,1.13624,1.13638,,,,,104
2025-04-16 14:02:00,1.13631,1.13633,1.13575,1.13578,1.13637,1.13639,1.13581,1.13584,,,,,113
2025-04-16 14:03:00,1.13566,1.13579,1.13547,1.13547,1.13572,1.13585,1.13553,1.13553,,,,,105
2025-04-16 14:04:00,1.13545,1.13597,1.1354,1.13596,1.13551,1.13603,1.13546,1.13602,,,,,108
2025-04-16 14:05:00,1.13591,1.13595,1.13568,1.1358,1.13597,1.13601,1.13574,1.13586,,,,,87
2025-04-16 14:06:00,1.13581,1.13597,1.13572,1.13595,1.13587,1.13603,1.13578,1.13601,,,,,55
2025-04-16 14:07:00,1.13596,1.13617,1.13577,1.13595,1.13602,1.13623,1.13583,1.13601,,,,,70
2025-04-16 14:08:00,1.13596,1.13603,1.13579,1.13586,1.13602,1.1361,1.13585,1.13595,,,,,102
2025-04-16 14:09:00,1.1359,1.13593,1.13537,1.13549,1.13599,1.13601,1.13547,1.13555,,,,,126
2025-04-16 14:10:00,1.13548,1.13583,1.13527,1.13534,1.13554,1.13592,1.13537,1.1354,,,,,136
2025-04-16 14:11:00,1.13544,1.13555,1.13499,1.13543,1.1355,1.13561,1.13505,1.13549,,,,,165
2025-04-16 14:12:00,1.13533,1.13549,1.13518,1.13526,1.13539,1.13555,1.13524,1.13532,,,,,92
2025-04-16 14:13:00,1.13528,1.13539,1.13519,1.13529,1.13534,1.13545,1.13528,1.13535,,,,,52
2025-04-16 14:14:00,1.13528,1.13528,1.13503,1.13522,1.13534,1.13534,1.13509,1.13528,,,,,74
2025-04-16 14:15:00,1.13524,1.13541,1.13515,1.13532,1.1353,1.13547,1.13523,1.13538,,,,,69
2025-04-16 14:16:00,1.13523,1.13525,1.13498,1.13513,1.13529,1.13531,1.13504,1.13519,,,,,87
2025-04-16 14:17:00,1.13512,1.13519,1.13496,1.13503,1.13518,1.13525,1.13502,1.13509,,,,,61
2025-04-16 14:18:00,1.13505,1.13516,1.13497,1.13512,1.13511,1.13523,1.13505,1.13518,,,,,62
2025-04-16 14:19:00,1.13517,1.13533,1.13499,1.13533,1.13523,1.13539,1.13505,1.13539,,,,,69
2025-04-16 14:20:00,1.13536,1.13561,1.13532,1.1354,1.13542,1.13567,1.13538,1.13546,,,,,95
2025-04-16 14:21:00,1.13541,1.13543,1.13499,1.1354,1.13547,1.13553,1.13505,1.13553,,,,,99
2025-04-16 14:22:00,1.13541,1.13563,1.13535,1.13562,1.13552,1.13569,1.13546,1.13568,,,,,75
2025-04-16 14:23:00,1.13561,1.13591,1.13552,1.13591,1.13567,1.13603,1.13558,1.136,,,,,119
2025-04-16 14:24:00,1.13592,1.13628,1.13586,1.13628,1.13601,1.13636,1.13599,1.13634,,,,,114
2025-04-16 14:25:00,1.13629,1.13636,1.13612,1.13633,1.13635,1.13642,1.13618,1.13639,,,,,77
2025-04-16 14:26:00,1.13634,1.13634,1.13586,1.13596,1.1364,1.1364,1.13592,1.13602,,,,,53
2025-04-16 14:27:00,1.13595,1.13598,1.13567,1.13569,1.13601,1.13604,1.13573,1.13575,,,,,50
2025-04-16 14:28:00,1.13568,1.13568,1.13548,1.13558,1.13574,1.13574,1.13557,1.13573,,,,,70
2025-04-16 14:29:00,1.13567,1.13568,1.13525,1.13526,1.13576,1.13598,1.13551,1.13586,,,,,171
2025-04-16 14:30:00,1.1353,1.13648,1.13474,1.13544,1.1359,1.13681,1.13529,1.13559,,,,,269
2025-04-16 14:31:00,1.13543,1.13574,1.13523,1.13547,1.13558,1.13591,1.13534,1.13559,,,,,186
2025-04-16 14:32:00,1.13548,1.1356,1.13496,1.13514,1.13557,1.13572,1.13511,1.13527,,,,,178
2025-04-16 14:33:00,1.13515,1.13543,1.13451,1.13482,1.13524,1.13554,1.13469,1.13492,,,,,229
2025-04-16 14:34:00,1.13486,1.13506,1.13461,1.13467,1.13497,1.13514,1.1347,1.13476,,,,,271
2025-04-16 14:35:00,1.13468,1.13483,1.13465,1.13471,1.13477,1.13492,1.13475,1.13482,,,,,169
2025-04-16 14:36:00,1.1347,1.1349,1.13449,1.1345,1.13481,1.13502,1.13457,1.13459,,,,,185
2025-04-16 14:37:00,1.13452,1.1348,1.13412,1.13461,1.13461,1.13489,1.13422,1.13472,,,,,276
2025-04-16 14:38:00,1.1346,1.13484,1.13451,1.13476,1.13473,1.13495,1.13461,1.13485,,,,,238
2025-04-16 14:39:00,1.13471,1.13498,1.1346,1.13497,1.1348,1.13508,1.13469,1.13506,,,,,203
2025-04-16 14:40:00,1.13496,1.13536,1.13493,1.13534,1.13505,1.13544,1.13503,1.13543,,,,,251
2025-04-16 14:41:00,1.13535,1.13562,1.13521,1.13534,1.13544,1.13571,1.13532,1.13546,,,,,232
2025-04-16 14:42:00,1.13533,1.13533,1.13465,1.13467,1.13545,1.13545,1.13475,1.13479,,,,,217
2025-04-16 14:43:00,1.13469,1.13556,1.13467,1.13555,1.13481,1.13567,1.1348,1.13564,,,,,212
2025-04-16 14:44:00,1.13557,1.1357,1.13537,1.13562,1.13563,1.13581,1.13546,1.13571,,,,,207
2025-04-16 14:45:00,1.13563,1.13569,1.13535,1.1354,1.13572,1.13579,1.13544,1.13549,,,,,173
2025-04-16 14:46:00,1.13539,1.13551,1.13468,1.13482,1.13548,1.13559,1.13481,1.13491,,,,,176
2025-04-16 14:47:00,1.13487,1.13502,1.13438,1.13497,1.1349,1.13511,1.13447,1.13506,,,,,225
2025-04-16 14:48:00,1.13496,1.13553,1.13482,1.13536,1.13505,1.13563,1.13492,1.13547,,,,,205
2025-04-16 14:49:00,1.13538,1.13549,1.13521,1.13541,1.13548,1.13559,1.1353,1.13551,,,,,138
2025-04-16 14:50:00,1.1354,1.13563,1.13515,1.13562,1.1355,1.13572,1.13525,1.13571,,,,,176
2025-04-16 14:51:00,1.1356,1.13574,1.13538,1.13557,1.13569,1.13585,1.13549,1.13565,,,,,200
2025-04-16 14:52:00,1.13556,1.13564,1.13463,1.13468,1.13566,1.13574,1.13472,1.13477,,,,,265
2025-04-16 14:53:00,1.13469,1.1347,1.13423,1.13443,1.13478,1.13479,1.13432,1.13454,,,,,241
2025-04-16 14:54:00,1.13442,1.13452,1.13398,1.13426,1.13456,1.13461,1.13415,1.13435,,,,,252
2025-04-16 14:55:00,1.13423,1.13447,1.13408,1.13417,1.13432,1.13458,1.13417,1.13426,,,,,248
2025-04-16 14:56:00,1.13416,1.13455,1.13415,1.13448,1.1343,1.13466,1.13429,1.13457,,,,,205
2025-04-16 14:57:00,1.13446,1.13507,1.13436,1.13459,1.13455,1.1352,1.13445,1.13471,,,,,256
2025-04-16 14:58:00,1.13461,1.13492,1.1345,1.13486,1.1347,1.13507,1.13459,1.13507,,,,,235
2025-04-16 14:59:00,1.13485,1.13512,1.13477,1.13509,1.13502,1.13521,1.13494,1.1352,,,,,216
2025-04-16 15:00:00,1.13513,1.13545,1.13513,1.13544,1.13527,1.13554,1.13525,1.13552,,,,,226
2025-04-16 15:01:00,1.1354,1.13578,1.13539,1.13574,1.13553,1.13589,1.13548,1.13583,,,,,251
2025-04-16 15:02:00,1.13575,1.13577,1.13516,1.13517,1.13584,1.13588,1.13525,1.13526,,,,,196
2025-04-16 15:03:00,1.13506,1.13546,1.13492,1.13535,1.13525,1.13557,1.13501,1.1355,,,,,184
2025-04-16 15:04:00,1.13533,1.13563,1.13522,1.13552,1.13549,1.13572,1.13535,1.13562,,,,,207
2025-04-16 15:05:00,1.13539,1.13576,1.13537,1.13549,1.13561,1.13585,1.13545,1.13559,,,,,220
2025-04-16 15:06:00,1.13551,1.13551,1.13519,1.13528,1.1356,1.13561,1.13528,1.1354,,,,,167
2025-04-16 15:07:00,1.13531,1.13592,1.13522,1.13578,1.13539,1.13601,1.13532,1.13588,,,,,223
2025-04-16 15:08:00,1.13581,1.1362,1.13574,1.13617,1.13587,1.13631,1.13584,1.13628,,,,,143
2025-04-16 15:09:00,1.13616,1.1362,1.13573,1.13598,1.13627,1.1363,1.13582,1.13607,,,,,181
2025-04-16 15:10:00,1.13597,1.13661,1.13593,1.13651,1.13605,1.1367,1.13602,1.1366,,,,,220
2025-04-16 15:11:00,1.13652,1.13666,1.13598,1.13665,1.13661,1.13679,1.13607,1.13678,,,,,220
2025-04-16 15:12:00,1.13664,1.13671,1.13622,1.13636,1.13677,1.13686,1.13631,1.13645,,,,,141
2025-04-16 15:13:00,1.13632,1.13633,1.13592,1.13599,1.13643,1.13643,1.13603,1.13609,,,,,110
2025-04-16 15:14:00,1.13596,1.13609,1.13596,1.13608,1.1361,1.13622,1.13609,1.13622,,,,,79
2025-04-16 15:15:00,1.13609,1.13629,1.13606,1.13623,1.1362,1.13641,1.1362,1.13632,,,,,120
2025-04-16 15:16:00,1.1362,1.13638,1.13585,1.13588,1.13629,1.13651,1.13601,1.13604,,,,,89
2025-04-16 15:17:00,1.13587,1.13626,1.13578,1.13603,1.13603,1.13636,1.1359,1.13612,,,,,181
2025-04-16 15:18:00,1.13602,1.1364,1.13601,1.13636,1.13611,1.1365,1.1361,1.13645,,,,,175
2025-04-16 15:19:00,1.13632,1.13704,1.13622,1.1369,1.13647,1.13713,1.13631,1.13699,,,,,219
2025-04-16 15:20:00,1.13689,1.13731,1.1367,1.13723,1.13698,1.13743,1.13679,1.13737,,,,,208
2025-04-16 15:21:00,1.13722,1.13734,1.13695,1.13697,1.13736,1.13744,1.13706,1.13706,,,,,118
2025-04-16 15:22:00,1.137,1.13725,1.137,1.13713,1.13709,1.13737,1.13709,1.13722,,,,,142
2025-04-16 15:23:00,1.1371,1.1372,1.13697,1.13705,1.13724,1.13729,1.13706,1.13714,,,,,115
2025-04-16 15:24:00,1.13701,1.13722,1.13671,1.13672,1.13712,1.13731,1.1368,1.13681,,,,,150
2025-04-16 15:25:00,1.13671,1.1368,1.13637,1.13643,1.1368,1.13689,1.13646,1.13654,,,,,141
2025-04-16 15:26:00,1.13642,1.13642,1.13614,1.13616,1.13652,1.13655,1.13623,1.13627,,,,,125
2025-04-16 15:27:00,1.13618,1.1366,1.13617,1.13632,1.13626,1.13669,1.13626,1.13641,,,,,164
2025-04-16 15:28:00,1.13635,1.13672,1.13629,1.13672,1.13644,1.13681,1.13638,1.13681,,,,,128
2025-04-16 15:29:00,1.13673,1.1369,1.13671,1.1368,1.13682,1.137,1.1368,1.13689,,,,,172
2025-04-16 15:30:00,1.13679,1.13679,1.1363,1.13647,1.13688,1.13688,1.13639,1.13656,,,,,222
2025-04-16 15:31:00,1.13652,1.13688,1.13629,1.13677,1.13661,1.13703,1.13638,1.13693,,,,,289
2025-04-16 15:32:00,1.13674,1.13683,1.13659,1.1366,1.13689,1.13695,1.13671,1.13673,,,,,198
2025-04-16 15:33:00,1.13658,1.13658,1.13603,1.13639,1.13674,1.13674,1.13613,1.13655,,,,,227
2025-04-16 15:34:00,1.13637,1.13642,1.13598,1.13605,1.13654,1.13654,1.13611,1.13614,,,,,257
2025-04-16 15:35:00,1.13604,1.13613,1.13586,1.13602,1.13613,1.13622,1.13595,1.1361,,,,,190
2025-04-16 15:36:00,1.13599,1.1363,1.13588,1.13603,1.13608,1.13643,1.136,1.13614,,,,,251
2025-04-16 15:37:00,1.13604,1.13636,1.13587,1.13626,1.13615,1.13649,1.13598,1.13638,,,,,244
2025-04-16 15:38:00,1.13624,1.13656,1.13602,1.13621,1.1364,1.13668,1.13625,1.13635,,,,,216
2025-04-16 15:39:00,1.13616,1.13638,1.13584,1.13588,1.1364,1.13658,1.13597,1.13599,,,,,220
2025-04-16 15:40:00,1.13585,1.13627,1.13581,1.13627,1.13601,1.13638,1.13595,1.13636,,,,,198
2025-04-16 15:41:00,1.1363,1.13635,1.13612,1.13622,1.13637,1.13648,1.13626,1.13631,,,,,107
2025-04-16 15:42:00,1.13624,1.13644,1.1361,1.13642,1.13633,1.13655,1.13619,1.13651,,,,,112
2025-04-16 15:43:00,1.13645,1.13647,1.13591,1.13617,1.13654,1.13663,1.13603,1.13626,,,,,126
2025-04-16 15:44:00,1.13618,1.13618,1.13585,1.13594,1.13627,1.13627,1.13593,1.13603,,,,,121
2025-04-16 15:45:00,1.13595,1.13667,1.13595,1.13629,1.13609,1.13677,1.13605,1.13639,,,,,244
2025-04-16 15:46:00,1.1363,1.13648,1.13621,1.13644,1.13637,1.1366,1.13631,1.13652,,,,,145
2025-04-16 15:47:00,1.1364,1.13687,1.13628,1.13659,1.13655,1.13697,1.13645,1.13667,,,,,146
2025-04-16 15:48:00,1.13664,1.1368,1.13617,1.13622,1.13673,1.13689,1.13626,1.13631,,,,,234
2025-04-16 15:49:00,1.13623,1.13623,1.13582,1.1359,1.13632,1.13632,1.13591,1.13601,,,,,268
2025-04-16 15:50:00,1.13589,1.13618,1.13577,1.13584,1.13602,1.13627,1.13586,1.136,,,,,184
2025-04-16 15:51:00,1.13588,1.13648,1.13587,1.13634,1.13602,1.13662,1.13601,1.13648,,,,,267
2025-04-16 15:52:00,1.13636,1.13669,1.1361,1.13651,1.1365,1.13678,1.13625,1.13661,,,,,275
2025-04-16 15:53:00,1.13655,1.13657,1.13604,1.13646,1.13664,1.1367,1.1361,1.13652,,,,,167
2025-04-16 15:54:00,1.1364,1.13649,1.13617,1.1362,1.13646,1.13658,1.13623,1.13626,,,,,125
2025-04-16 15:55:00,1.13622,1.13626,1.13585,1.13592,1.13628,1.13632,1.13591,1.13598,,,,,142
2025-04-16 15:56:00,1.13594,1.1364,1.13592,1.13602,1.136,1.13647,1.13598,1.13611,,,,,221
2025-04-16 15:57:00,1.13601,1.13624,1.13593,1.13605,1.13612,1.13648,1.13599,1.13611,,,,,155
2025-04-16 15:58:00,1.13604,1.13633,1.1359,1.1361,1.1361,1.13639,1.1361,1.13616,,,,,108
2025-04-16 15:59:00,1.13615,1.13685,1.13615,1.1366,1.13621,1.13694,1.13621,1.13674,,,,,124
2025-04-16 16:00:00,1.13668,1.13688,1.1365,1.13687,1.13681,1.13695,1.13662,1.13693,,,,,141
2025-04-16 16:01:00,1.13685,1.13772,1.13678,1.13752,1.13691,1.13787,1.13687,1.13765,,,,,181
2025-04-16 16:02:00,1.13754,1.13791,1.13746,1.1377,1.13766,1.13807,1.13757,1.13781,,,,,222
2025-04-16 16:03:00,1.13771,1.13813,1.13753,1.13807,1.13782,1.13823,1.13759,1.13816,,,,,153
2025-04-16 16:04:00,1.13803,1.13826,1.13802,1.13807,1.13812,1.13837,1.13811,1.13821,,,,,130
2025-04-16 16:05:00,1.1381,1.13817,1.13767,1.13771,1.1382,1.13823,1.13773,1.13777,,,,,137
2025-04-16 16:06:00,1.13768,1.13768,1.13717,1.13718,1.13774,1.13777,1.13723,1.13724,,,,,139
2025-04-16 16:07:00,1.13711,1.13715,1.13584,1.13606,1.13717,1.13721,1.13593,1.13615,,,,,225
2025-04-16 16:08:00,1.13613,1.13673,1.13612,1.13654,1.13619,1.13682,1.13619,1.1366,,,,,188
2025-04-16 16:09:00,1.13652,1.13668,1.13632,1.13658,1.13658,1.13677,1.13639,1.13664,,,,,132
2025-04-16 16:10:00,1.13652,1.13724,1.13649,1.13694,1.13666,1.13733,1.13662,1.137,,,,,151
2025-04-16 16:11:00,1.13696,1.13705,1.13675,1.1368,1.13712,1.13712,1.13688,1.13693,,,,,126
2025-04-16 16:12:00,1.13683,1.13699,1.13646,1.13661,1.13695,1.13708,1.13654,1.13673,,,,,124
2025-04-16 16:13:00,1.13663,1.13694,1.13649,1.13674,1.13676,1.137,1.13655,1.1368,,,,,107
2025-04-16 16:14:00,1.13675,1.13684,1.13652,1.13652,1.13681,1.13692,1.13659,1.13661,,,,,118
2025-04-16 16:15:00,1.13653,1.13669,1.13638,1.13653,1.13659,1.13677,1.13644,1.13659,,,,,140
2025-04-16 16:16:00,1.13649,1.13661,1.13616,1.13632,1.13655,1.13667,1.13622,1.13638,,,,,119
2025-04-16 16:17:00,1.1363,1.13657,1.13619,1.13634,1.13636,1.13663,1.13625,1.1364,,,,,89
2025-04-16 16:18:00,1.13639,1.13666,1.1363,1.1363,1.13645,1.13679,1.13643,1.13643,,,,,117
2025-04-16 16:19:00,1.13617,1.1364,1.13608,1.13629,1.13626,1.13656,1.13616,1.13638,,,,,145
2025-04-16 16:20:00,1.13631,1.13635,1.13563,1.13569,1.1364,1.13647,1.13569,1.13575,,,,,144
2025-04-16 16:21:00,1.13567,1.1359,1.13539,1.1357,1.13573,1.13596,1.13545,1.13576,,,,,129
2025-04-16 16:22:00,1.13572,1.13602,1.13566,1.13587,1.13578,1.13608,1.13573,1.13593,,,,,75
2025-04-16 16:23:00,1.13586,1.13594,1.13566,1.13569,1.13592,1.136,1.13574,1.13575,,,,,79
2025-04-16 16:24:00,1.1357,1.13621,1.13569,1.13604,1.13576,1.1363,1.13575,1.1361,,,,,124
2025-04-16 16:25:00,1.13603,1.13639,1.1359,1.13635,1.13609,1.1365,1.13596,1.13644,,,,,107
2025-04-16 16:26:00,1.13634,1.13652,1.13596,1.13614,1.13643,1.13661,1.13602,1.1362,,,,,149
2025-04-16 16:27:00,1.13615,1.1365,1.13612,1.13643,1.13621,1.13656,1.13618,1.13649,,,,,92
2025-04-16 16:28:00,1.13644,1.1365,1.13629,1.13637,1.1365,1.13656,1.13635,1.13646,,,,,65
2025-04-16 16:29:00,1.13633,1.13649,1.13619,1.13634,1.13639,1.13655,1.13625,1.1364,,,,,75
2025-04-16 16:30:00,1.13633,1.1366,1.13633,1.1366,1.13639,1.13666,1.13639,1.13666,,,,,86
2025-04-16 16:31:00,1.13661,1.13661,1.13639,1.1364,1.13667,1.13667,1.13645,1.13646,,,,,55
2025-04-16 16:32:00,1.13637,1.13661,1.13625,1.13639,1.13643,1.13667,1.13631,1.13645,,,,,80
2025-04-16 16:33:00,1.13646,1.13651,1.13618,1.13623,1.13652,1.13657,1.13624,1.13629,,,,,62
2025-04-16 16:34:00,1.13619,1.1363,1.13589,1.13614,1.13625,1.13636,1.13595,1.1362,,,,,81
2025-04-16 16:35:00,1.13613,1.13629,1.13604,1.13607,1.13619,1.13635,1.1361,1.13613,,,,,77
2025-04-16 16:36:00,1.13605,1.1364,1.136,1.13626,1.13611,1.13646,1.13606,1.13632,,,,,56
2025-04-16 16:37:00,1.13625,1.13632,1.136,1.13614,1.13631,1.13638,1.13606,1.1362,,,,,96
2025-04-16 16:38:00,1.13615,1.13645,1.13609,1.1364,1.13621,1.13651,1.13615,1.13646,,,,,57
2025-04-16 16:39:00,1.13637,1.13662,1.13636,1.13662,1.13643,1.13668,1.13642,1.13668,,,,,73
2025-04-16 16:40:00,1.13659,1.13663,1.13624,1.13642,1.13665,1.13673,1.1363,1.1367,,,,,109
2025-04-16 16:41:00,1.13641,1.13654,1.1364,1.13644,1.13667,1.1367,1.13646,1.1365,,,,,73
2025-04-16 16:42:00,1.13646,1.1366,1.13613,1.13644,1.13652,1.13666,1.13619,1.1365,,,,,65
2025-04-16 16:43:00,1.13643,1.13681,1.13643,1.13659,1.13649,1.13687,1.13649,1.13665,,,,,85
2025-04-16 16:44:00,1.13664,1.13665,1.13627,1.13632,1.1367,1.13671,1.13633,1.13638,,,,,78
2025-04-16 16:45:00,1.13629,1.13691,1.13628,1.13691,1.13635,1.13697,1.13634,1.13697,,,,,94
2025-04-16 16:46:00,1.13692,1.13749,1.13692,1.13748,1.13698,1.13755,1.13698,1.13754,,,,,122
2025-04-16 16:47:00,1.13749,1.13775,1.13735,1.13772,1.13755,1.13781,1.13741,1.13778,,,,,111
2025-04-16 16:48:00,1.13768,1.13797,1.13759,1.13769,1.13774,1.13803,1.13765,1.13775,,,,,87
2025-04-16 16:49:00,1.1377,1.13794,1.13769,1.1379,1.13776,1.138,1.13775,1.13796,,,,,86
2025-04-16 16:50:00,1.13792,1.13797,1.13773,1.13776,1.13798,1.13803,1.13779,1.13782,,,,,116
2025-04-16 16:51:00,1.13777,1.13778,1.13745,1.1375,1.13783,1.13784,1.13751,1.13756,,,,,91
2025-04-16 16:52:00,1.13753,1.13775,1.13738,1.13764,1.13759,1.13781,1.13744,1.1377,,,,,95
2025-04-16 16:53:00,1.13762,1.13781,1.13749,1.13779,1.13768,1.13787,1.13755,1.13785,,,,,91
2025-04-16 16:54:00,1.13765,1.13798,1.13765,1.13798,1.13771,1.13804,1.13771,1.13804,,,,,136
2025-04-16 16:55:00,1.138,1.138,1.13735,1.13744,1.13806,1.13806,1.13747,1.13761,,,,,153
2025-04-16 16:56:00,1.13745,1.1378,1.13738,1.13764,1.13758,1.13786,1.13744,1.1377,,,,,118
2025-04-16 16:57:00,1.13765,1.13823,1.13764,1.13822,1.13771,1.13831,1.1377,1.13831,,,,,164
2025-04-16 16:58:00,1.13826,1.13831,1.13808,1.13825,1.13832,1.13837,1.13814,1.13831,,,,,150
2025-04-16 16:59:00,1.13828,1.13839,1.13809,1.13837,1.13834,1.13845,1.13823,1.13843,,,,,130
2025-04-16 17:00:00,1.13836,1.13837,1.13806,1.13814,1.13842,1.13843,1.13812,1.1382,,,,,110
2025-04-16 17:01:00,1.13815,1.13816,1.13782,1.13789,1.13821,1.13822,1.13788,1.13795,,,,,129
2025-04-16 17:02:00,1.13787,1.13821,1.13783,1.13816,1.13796,1.13827,1.13792,1.13822,,,,,167
2025-04-16 17:03:00,1.13815,1.1383,1.13806,1.13814,1.13821,1.13836,1.13812,1.1382,,,,,78
2025-04-16 17:04:00,1.13815,1.1383,1.13814,1.13817,1.13821,1.13837,1.1382,1.13831,,,,,111
2025-04-16 17:05:00,1.13818,1.13864,1.13806,1.13847,1.1383,1.13874,1.13817,1.1386,,,,,165
2025-04-16 17:06:00,1.13846,1.13857,1.13826,1.13833,1.13859,1.13871,1.13832,1.13839,,,,,138
2025-04-16 17:07:00,1.13831,1.13845,1.13813,1.13813,1.13837,1.13851,1.13819,1.13819,,,,,85
2025-04-16 17:08:00,1.13814,1.13859,1.13805,1.13819,1.1382,1.13867,1.13814,1.13825,,,,,135
2025-04-16 17:09:00,1.1382,1.13825,1.13768,1.13773,1.13826,1.13833,1.13777,1.13782,,,,,125
2025-04-16 17:10:00,1.13778,1.13794,1.1377,1.13783,1.13787,1.138,1.13776,1.13789,,,,,74
2025-04-16 17:11:00,1.13784,1.13784,1.13764,1.13767,1.1379,1.1379,1.1377,1.13773,,,,,77
2025-04-16 17:12:00,1.13784,1.13802,1.13779,1.13799,1.13798,1.13812,1.13785,1.13811,,,,,60
2025-04-16 17:13:00,1.13798,1.13811,1.13782,1.13786,1.1381,1.1382,1.13791,1.13797,,,,,68
2025-04-16 17:14:00,1.13785,1.13829,1.13776,1.13789,1.13794,1.13835,1.13782,1.13795,,,,,75
2025-04-16 17:15:00,1.13794,1.13822,1.13782,1.13789,1.138,1.13829,1.13793,1.13795,,,,,64
2025-04-16 17:16:00,1.13788,1.13798,1.13771,1.13783,1.13794,1.13804,1.13778,1.13789,,,,,74
2025-04-16 17:17:00,1.13782,1.13785,1.13701,1.13701,1.13788,1.13791,1.13713,1.13713,,,,,120
2025-04-16 17:18:00,1.13705,1.13725,1.13696,1.13703,1.13716,1.13735,1.13702,1.13709,,,,,137
2025-04-16 17:19:00,1.13696,1.13712,1.13696,1.13702,1.13702,1.13718,1.13702,1.13708,,,,,84
2025-04-16 17:20:00,1.13701,1.13722,1.1368,1.13696,1.13707,1.13728,1.13686,1.13702,,,,,95
2025-04-16 17:21:00,1.13697,1.13703,1.1368,1.1368,1.13703,1.13709,1.13686,1.13686,,,,,68
2025-04-16 17:22:00,1.13679,1.13707,1.13672,1.13701,1.13685,1.13713,1.13678,1.13707,,,,,79
2025-04-16 17:23:00,1.13697,1.13703,1.13664,1.13674,1.13703,1.13709,1.1367,1.1368,,,,,91
2025-04-16 17:24:00,1.13669,1.13671,1.13594,1.13596,1.13675,1.13677,1.136,1.13602,,,,,171
2025-04-16 17:25:00,1.13597,1.13612,1.1357,1.13576,1.13603,1.13618,1.13576,1.13582,,,,,137
2025-04-16 17:26:00,1.13574,1.13603,1.13574,1.13597,1.1358,1.13609,1.1358,1.13603,,,,,117
2025-04-16 17:27:00,1.13595,1.13617,1.13581,1.13612,1.13601,1.13625,1.13587,1.13625,,,,,110
2025-04-16 17:28:00,1.13609,1.13636,1.1359,1.13627,1.13622,1.13649,1.13596,1.13633,,,,,111
2025-04-16 17:29:00,1.13623,1.13623,1.1359,1.13601,1.13629,1.13633,1.13596,1.13607,,,,,70
2025-04-16 17:30:00,1.13607,1.13644,1.136,1.13636,1.13618,1.1365,1.13606,1.13642,,,,,92
2025-04-16 17:31:00,1.13639,1.13642,1.13611,1.13638,1.13645,1.13648,1.13617,1.13644,,,,,61
2025-04-16 17:32:00,1.13637,1.13642,1.13612,1.1364,1.13643,1.13648,1.13618,1.13646,,,,,40
2025-04-16 17:33:00,1.13642,1.13667,1.13632,1.13665,1.13648,1.13673,1.13638,1.13671,,,,,59
2025-04-16 17:34:00,1.13666,1.13672,1.13652,1.13664,1.13672,1.13678,1.13658,1.1367,,,,,68
2025-04-16 17:35:00,1.13662,1.13672,1.13615,1.13621,1.13668,1.13681,1.13621,1.13627,,,,,88
2025-04-16 17:36:00,1.13619,1.13631,1.13611,1.13618,1.13625,1.1364,1.13617,1.13624,,,,,62
2025-04-16 17:37:00,1.1362,1.13628,1.13613,1.13622,1.13626,1.13639,1.13622,1.13628,,,,,52
2025-04-16 17:38:00,1.13621,1.13626,1.13616,1.13617,1.13627,1.13632,1.13622,1.13623,,,,,36
2025-04-16 17:39:00,1.13615,1.13616,1.13601,1.13611,1.13621,1.13622,1.13608,1.13617,,,,,54
2025-04-16 17:40:00,1.13615,1.13651,1.13613,1.13651,1.13621,1.13657,1.13619,1.13657,,,,,57
2025-04-16 17:41:00,1.13647,1.13656,1.13638,1.13652,1.13653,1.13662,1.13648,1.13658,,,,,53
2025-04-16 17:42:00,1.13651,1.13687,1.13651,1.13681,1.13657,1.13693,1.13657,1.13687,,,,,54
2025-04-16 17:43:00,1.13682,1.13722,1.13681,1.13721,1.13688,1.13728,1.13687,1.13727,,,,,78
2025-04-16 17:44:00,1.1372,1.13731,1.13704,1.13731,1.13726,1.13737,1.1371,1.13737,,,,,64
2025-04-16 17:45:00,1.13727,1.13739,1.1372,1.13724,1.13733,1.13745,1.13726,1.1373,,,,,63
2025-04-16 17:46:00,1.13722,1.13738,1.13693,1.13716,1.13728,1.13744,1.13702,1.13725,,,,,74
2025-04-16 17:47:00,1.13714,1.13766,1.13713,1.13737,1.13726,1.13776,1.13723,1.13743,,,,,80
2025-04-16 17:48:00,1.13736,1.13773,1.13734,1.13761,1.13742,1.13779,1.1374,1.13767,,,,,64
2025-04-16 17:49:00,1.13763,1.13777,1.13758,1.13774,1.13769,1.13787,1.13764,1.1378,,,,,67
2025-04-16 17:50:00,1.13778,1.13811,1.13774,1.13809,1.13784,1.13819,1.1378,1.13815,,,,,62
2025-04-16 17:51:00,1.1381,1.13816,1.13792,1.13794,1.13816,1.13822,1.13798,1.138,,,,,84
2025-04-16 17:52:00,1.13793,1.1383,1.1379,1.13827,1.13799,1.13836,1.13796,1.13833,,,,,59
2025-04-16 17:53:00,1.13826,1.13827,1.13809,1.13822,1.13832,1.13833,1.13815,1.13828,,,,,44
2025-04-16 17:54:00,1.13825,1.13842,1.13804,1.13807,1.13831,1.13848,1.1381,1.13813,,,,,81
2025-04-16 17:55:00,1.13811,1.1382,1.13791,1.1381,1.13817,1.13826,1.13797,1.13816,,,,,82
2025-04-16 17:56:00,1.13811,1.13826,1.13803,1.13817,1.13817,1.13832,1.13809,1.13823,,,,,51
2025-04-16 17:57:00,1.13816,1.13829,1.13809,1.13811,1.13822,1.13835,1.13815,1.13817,,,,,47
2025-04-16 17:58:00,1.1381,1.13837,1.1381,1.13813,1.13816,1.13843,1.13816,1.13819,,,,,64
2025-04-16 17:59:00,1.13814,1.13829,1.13811,1.13811,1.13823,1.13835,1.13817,1.13823,,,,,92
2025-04-16 18:00:00,1.13813,1.13834,1.13795,1.13829,1.13825,1.1384,1.13804,1.13835,,,,,107
2025-04-16 18:01:00,1.13828,1.13834,1.1377,1.1377,1.13834,1.13843,1.13779,1.13779,,,,,89
2025-04-16 18:02:00,1.13772,1.13797,1.13765,1.13789,1.13778,1.13803,1.13772,1.13795,,,,,90
2025-04-16 18:03:00,1.1379,1.13827,1.1379,1.13806,1.13796,1.13833,1.13796,1.13812,,,,,63
2025-04-16 18:04:00,1.13808,1.13818,1.13789,1.13815,1.13814,1.13824,1.13795,1.13821,,,,,59
2025-04-16 18:05:00,1.13822,1.1384,1.138,1.13836,1.13828,1.13847,1.13806,1.13842,,,,,80
2025-04-16 18:06:00,1.13834,1.13857,1.13831,1.13845,1.1384,1.13863,1.13837,1.13851,,,,,72
2025-04-16 18:07:00,1.13847,1.13854,1.13821,1.13822,1.13853,1.13861,1.13827,1.13828,,,,,59
2025-04-16 18:08:00,1.13823,1.13857,1.13823,1.13843,1.13829,1.13863,1.13829,1.13849,,,,,42
2025-04-16 18:09:00,1.13845,1.13855,1.13829,1.1383,1.13851,1.13861,1.13835,1.13836,,,,,34
2025-04-16 18:10:00,1.13829,1.13829,1.13816,1.13817,1.13835,1.13835,1.13822,1.13823,,,,,42
2025-04-16 18:11:00,1.13816,1.13841,1.13816,1.13838,1.13822,1.13847,1.13822,1.13844,,,,,36
2025-04-16 18:12:00,1.13839,1.13859,1.13838,1.13859,1.13845,1.13865,1.13844,1.13865,,,,,35
2025-04-16 18:13:00,1.13861,1.13868,1.13854,1.13859,1.13867,1.13874,1.13861,1.13868,,,,,35
2025-04-16 18:14:00,1.13861,1.13866,1.1383,1.13846,1.13867,1.13875,1.1384,1.13858,,,,,47
2025-04-16 18:15:00,1.13845,1.13845,1.13799,1.138,1.13856,1.13856,1.13808,1.13809,,,,,93
2025-04-16 18:16:00,1.13803,1.13806,1.13768,1.13768,1.13811,1.13812,1.13774,1.13774,,,,,89
2025-04-16 18:17:00,1.13766,1.13774,1.13742,1.13751,1.13772,1.13784,1.13748,1.13757,,,,,69
2025-04-16 18:18:00,1.13738,1.13757,1.13734,1.13753,1.13747,1.13766,1.1374,1.13759,,,,,72
2025-04-16 18:19:00,1.13756,1.13756,1.13734,1.13736,1.13762,1.13762,1.1374,1.13742,,,,,58
2025-04-16 18:20:00,1.13734,1.13739,1.13716,1.13718,1.1374,1.13745,1.13722,1.13724,,,,,56
2025-04-16 18:21:00,1.1372,1.13726,1.13713,1.1372,1.13726,1.13732,1.13719,1.13726,,,,,49
2025-04-16 18:22:00,1.13723,1.13735,1.13719,1.13724,1.13729,1.13741,1.13725,1.1373,,,,,40
2025-04-16 18:23:00,1.13727,1.13738,1.13717,1.1372,1.13733,1.13744,1.13723,1.13726,,,,,34
2025-04-16 18:24:00,1.13721,1.13729,1.13716,1.13717,1.13727,1.13735,1.13722,1.13723,,,,,43
2025-04-16 18:25:00,1.13718,1.13726,1.137,1.13723,1.13724,1.13732,1.13706,1.13729,,,,,45
2025-04-16 18:26:00,1.13724,1.13739,1.13724,1.13728,1.1373,1.13745,1.1373,1.13734,,,,,46
2025-04-16 18:27:00,1.13729,1.13736,1.13725,1.13728,1.13735,1.13742,1.13731,1.13734,,,,,33
2025-04-16 18:28:00,1.13729,1.13751,1.13729,1.13749,1.13735,1.13761,1.13735,1.13755,,,,,49
2025-04-16 18:29:00,1.13753,1.13754,1.13714,1.13724,1.13759,1.13763,1.1372,1.1373,,,,,61
2025-04-16 18:30:00,1.1373,1.13734,1.13719,1.13725,1.13736,1.13744,1.13725,1.13739,,,,,51
2025-04-16 18:31:00,1.13727,1.13745,1.13719,1.1374,1.1374,1.13751,1.1373,1.13746,,,,,54
2025-04-16 18:32:00,1.13741,1.13741,1.13722,1.13738,1.13747,1.1375,1.13735,1.13747,,,,,52
2025-04-16 18:33:00,1.13737,1.13743,1.1372,1.1374,1.13746,1.13749,1.13726,1.13746,,,,,34
2025-04-16 18:34:00,1.13737,1.13751,1.13735,1.13741,1.13747,1.13764,1.13741,1.13758,,,,,65
2025-04-16 18:35:00,1.13738,1.13745,1.13734,1.1374,1.13754,1.13755,1.1374,1.13746,,,,,35
2025-04-16 18:36:00,1.13739,1.13762,1.13722,1.13722,1.13745,1.13769,1.13728,1.13728,,,,,55
2025-04-16 18:37:00,1.13721,1.13748,1.13714,1.13748,1.13727,1.13754,1.1372,1.13754,,,,,50
2025-04-16 18:38:00,1.1375,1.1376,1.13748,1.13757,1.13756,1.13766,1.13754,1.13763,,,,,36
2025-04-16 18:39:00,1.13758,1.13782,1.13755,1.13776,1.13764,1.13788,1.13761,1.13782,,,,,72
2025-04-16 18:40:00,1.13773,1.13791,1.13758,1.13786,1.13779,1.13797,1.13764,1.13792,,,,,76
2025-04-16 18:41:00,1.13785,1.13789,1.13771,1.13781,1.13791,1.13795,1.13777,1.13787,,,,,37
2025-04-16 18:42:00,1.13792,1.13797,1.13782,1.13794,1.13798,1.13803,1.13788,1.138,,,,,53
2025-04-16 18:43:00,1.138,1.13801,1.13743,1.13751,1.13806,1.13807,1.13749,1.13757,,,,,42
2025-04-16 18:44:00,1.13753,1.13758,1.1374,1.1375,1.13759,1.13764,1.13746,1.13756,,,,,53
2025-04-16 18:45:00,1.13745,1.13746,1.1373,1.1374,1.13751,1.13752,1.13736,1.13746,,,,,41
2025-04-16 18:46:00,1.13738,1.1377,1.13738,1.13765,1.13744,1.13776,1.13744,1.13771,,,,,30
2025-04-16 18:47:00,1.13766,1.13768,1.13755,1.13762,1.13772,1.13774,1.13761,1.13768,,,,,37
2025-04-16 18:48:00,1.13764,1.13771,1.13754,1.13768,1.1377,1.13777,1.1376,1.13774,,,,,38
2025-04-16 18:49:00,1.13769,1.13769,1.13753,1.13763,1.13775,1.13775,1.13759,1.13769,,,,,36
2025-04-16 18:50:00,1.1377,1.13774,1.13755,1.1376,1.13776,1.1378,1.13761,1.13766,,,,,37
2025-04-16 18:51:00,1.13758,1.13759,1.13722,1.13725,1.13764,1.13765,1.13728,1.13731,,,,,23
2025-04-16 18:52:00,1.13728,1.13755,1.13724,1.13753,1.13734,1.13761,1.1373,1.13759,,,,,43
2025-04-16 18:53:00,1.13752,1.13759,1.13741,1.13748,1.13758,1.13765,1.13747,1.13754,,,,,52
2025-04-16 18:54:00,1.13751,1.13752,1.1374,1.13744,1.13757,1.13758,1.13746,1.1375,,,,,26
2025-04-16 18:55:00,1.13743,1.13753,1.13723,1.13724,1.13749,1.13759,1.13729,1.1373,,,,,48
2025-04-16 18:56:00,1.13725,1.13732,1.13719,1.13721,1.13731,1.13738,1.13725,1.13727,,,,,41
2025-04-16 18:57:00,1.13719,1.1373,1.13719,1.13723,1.13725,1.13736,1.13725,1.13729,,,,,26
2025-04-16 18:58:00,1.1372,1.13742,1.1372,1.1374,1.13726,1.13748,1.13726,1.13746,,,,,31
2025-04-16 18:59:00,1.13744,1.13757,1.13738,1.13747,1.1375,1.13766,1.13746,1.13753,,,,,52
2025-04-16 19:00:00,1.13748,1.13748,1.13711,1.13712,1.13754,1.13754,1.13717,1.13718,,,,,101
2025-04-16 19:01:00,1.13713,1.13713,1.13681,1.13683,1.13719,1.13719,1.13687,1.13689,,,,,42
2025-04-16 19:02:00,1.13685,1.13704,1.13683,1.13693,1.13691,1.1371,1.13689,1.13706,,,,,82
2025-04-16 19:03:00,1.13692,1.13693,1.13681,1.13686,1.13705,1.13705,1.1369,1.13692,,,,,55
2025-04-16 19:04:00,1.13682,1.13697,1.13676,1.13695,1.13688,1.13703,1.13682,1.13701,,,,,44
2025-04-16 19:05:00,1.1369,1.13743,1.1369,1.13736,1.13696,1.13749,1.13696,1.13742,,,,,49
2025-04-16 19:06:00,1.13734,1.13744,1.13706,1.13718,1.13746,1.13753,1.13721,1.13724,,,,,57
2025-04-16 19:07:00,1.13715,1.1372,1.1371,1.13716,1.13721,1.13726,1.13716,1.13722,,,,,20
2025-04-16 19:08:00,1.13713,1.13747,1.13703,1.13706,1.13719,1.13758,1.13712,1.13715,,,,,71
2025-04-16 19:09:00,1.13716,1.13734,1.13707,1.13724,1.13725,1.13743,1.13717,1.13737,,,,,71
2025-04-16 19:10:00,1.13726,1.1374,1.13725,1.13739,1.13732,1.13749,1.13731,1.13745,,,,,48
2025-04-16 19:11:00,1.13741,1.13751,1.13728,1.13741,1.13747,1.13757,1.13735,1.13754,,,,,51
2025-04-16 19:12:00,1.13743,1.13746,1.13733,1.1374,1.13755,1.13756,1.13739,1.13746,,,,,43
2025-04-16 19:13:00,1.13738,1.13751,1.1373,1.1373,1.13744,1.13757,1.13736,1.13741,,,,,28
2025-04-16 19:14:00,1.13729,1.13734,1.13685,1.13685,1.1374,1.1374,1.13691,1.13691,,,,,50
2025-04-16 19:15:00,1.13675,1.13678,1.13652,1.13666,1.13681,1.13684,1.13658,1.13672,,,,,61
2025-04-16 19:16:00,1.13662,1.13676,1.1365,1.13657,1.13668,1.13682,1.13656,1.13663,,,,,60
2025-04-16 19:17:00,1.1365,1.1365,1.13636,1.13648,1.13656,1.13656,1.13642,1.13654,,,,,40
2025-04-16 19:18:00,1.1365,1.13671,1.13645,1.13663,1.13656,1.13677,1.13651,1.13669,,,,,37
2025-04-16 19:19:00,1.13669,1.13679,1.13662,1.13676,1.13675,1.13685,1.13668,1.13682,,,,,42
2025-04-16 19:20:00,1.13679,1.13691,1.13675,1.13691,1.13688,1.13697,1.13681,1.13697,,,,,60
2025-04-16 19:21:00,1.13689,1.13694,1.13675,1.13675,1.13698,1.137,1.13681,1.13681,,,,,36
2025-04-16 19:22:00,1.1368,1.13683,1.13676,1.13678,1.13686,1.13689,1.13682,1.13684,,,,,23
2025-04-16 19:23:00,1.13677,1.13705,1.13676,1.13695,1.13683,1.13712,1.13682,1.13701,,,,,76
2025-04-16 19:24:00,1.13696,1.1371,1.13696,1.13704,1.13702,1.13716,1.13702,1.1371,,,,,33
2025-04-16 19:25:00,1.13703,1.13716,1.137,1.13715,1.13709,1.13722,1.13706,1.13721,,,,,31
2025-04-16 19:26:00,1.13713,1.13714,1.13694,1.13696,1.13719,1.1372,1.137,1.13702,,,,,18
2025-04-16 19:27:00,1.13695,1.13702,1.13694,1.13697,1.13701,1.13708,1.137,1.13703,,,,,14
2025-04-16 19:28:00,1.13701,1.13712,1.13696,1.1371,1.13707,1.13718,1.13702,1.13716,,,,,23
2025-04-16 19:29:00,1.13709,1.13722,1.13701,1.13712,1.13715,1.13738,1.13707,1.13718,,,,,63
2025-04-16 19:30:00,1.13717,1.1374,1.1368,1.13696,1.13723,1.13746,1.13694,1.13702,,,,,137
2025-04-16 19:31:00,1.13695,1.13701,1.13589,1.13626,1.13701,1.13707,1.13598,1.13635,,,,,147
2025-04-16 19:32:00,1.1363,1.13693,1.13622,1.13691,1.13639,1.13701,1.13631,1.137,,,,,102
2025-04-16 19:33:00,1.13702,1.13742,1.13696,1.13741,1.13711,1.13748,1.13702,1.13747,,,,,100
2025-04-16 19:34:00,1.1374,1.13844,1.13726,1.13824,1.13746,1.13853,1.13745,1.1383,,,,,181
2025-04-16 19:35:00,1.1382,1.13892,1.13798,1.1385,1.13826,1.13903,1.13804,1.13856,,,,,194
2025-04-16 19:36:00,1.13848,1.13851,1.13789,1.13838,1.13854,1.13857,1.13795,1.13844,,,,,136
2025-04-16 19:37:00,1.13839,1.13843,1.13779,1.13803,1.13845,1.13849,1.13787,1.13809,,,,,149
2025-04-16 19:38:00,1.13804,1.13818,1.13781,1.13782,1.1381,1.13824,1.13787,1.13788,,,,,87
2025-04-16 19:39:00,1.13781,1.13858,1.13776,1.13856,1.13787,1.13864,1.13782,1.13862,,,,,124
2025-04-16 19:40:00,1.13854,1.13856,1.138,1.13821,1.1386,1.13862,1.13806,1.13827,,,,,146
2025-04-16 19:41:00,1.13822,1.13835,1.13802,1.13832,1.13828,1.13841,1.13808,1.13838,,,,,116
2025-04-16 19:42:00,1.13831,1.13831,1.13766,1.13783,1.13837,1.13837,1.13775,1.13789,,,,,124
2025-04-16 19:43:00,1.13784,1.13823,1.13784,1.13818,1.1379,1.13829,1.1379,1.13824,,,,,97
2025-04-16 19:44:00,1.1382,1.13845,1.13806,1.13841,1.13826,1.13851,1.13812,1.13847,,,,,114
2025-04-16 19:45:00,1.13837,1.13863,1.13826,1.13842,1.13843,1.13869,1.13832,1.13848,,,,,85
2025-04-16 19:46:00,1.13853,1.13895,1.13847,1.1385,1.13859,1.13903,1.13855,1.13856,,,,,141
2025-04-16 19:47:00,1.13851,1.13868,1.13806,1.13868,1.13857,1.13877,1.13817,1.13877,,,,,140
2025-04-16 19:48:00,1.13863,1.13885,1.13848,1.13853,1.13869,1.13891,1.13854,1.13864,,,,,80
2025-04-16 19:49:00,1.13849,1.13876,1.13831,1.13852,1.1386,1.1389,1.13847,1.13868,,,,,114
2025-04-16 19:50:00,1.13851,1.13867,1.13796,1.13803,1.13869,1.13876,1.1381,1.13817,,,,,148
2025-04-16 19:51:00,1.13806,1.13839,1.13802,1.13825,1.13819,1.13845,1.13808,1.13831,,,,,153
2025-04-16 19:52:00,1.13822,1.13823,1.13792,1.13806,1.13828,1.13829,1.13798,1.13812,,,,,124
2025-04-16 19:53:00,1.13809,1.13809,1.13771,1.13779,1.13815,1.13815,1.13777,1.13785,,,,,97
2025-04-16 19:54:00,1.1378,1.13809,1.13772,1.13799,1.13789,1.13815,1.13778,1.13808,,,,,118
2025-04-16 19:55:00,1.13802,1.13831,1.13777,1.13779,1.13811,1.13837,1.13783,1.13785,,,,,130
2025-04-16 19:56:00,1.13778,1.13784,1.13755,1.13757,1.13784,1.1379,1.13761,1.13763,,,,,83
2025-04-16 19:57:00,1.13758,1.13781,1.13714,1.13743,1.13764,1.13787,1.13723,1.13749,,,,,109
2025-04-16 19:58:00,1.13742,1.13748,1.13701,1.1374,1.13748,1.1376,1.1371,1.13746,,,,,152
2025-04-16 19:59:00,1.13742,1.13761,1.13737,1.1375,1.13748,1.13767,1.13743,1.13756,,,,,94
2025-04-16 20:00:00,1.13749,1.13762,1.13722,1.13745,1.13755,1.13768,1.13728,1.13751,,,,,146
2025-04-16 20:01:00,1.13744,1.13752,1.13711,1.13752,1.1375,1.13758,1.13717,1.13758,,,,,151
2025-04-16 20:02:00,1.13749,1.13788,1.13712,1.13743,1.13755,1.13799,1.13721,1.13749,,,,,145
2025-04-16 20:03:00,1.13746,1.13774,1.1373,1.13774,1.13752,1.1378,1.13736,1.1378,,,,,122
2025-04-16 20:04:00,1.13775,1.13808,1.13762,1.13807,1.13781,1.13814,1.13768,1.13813,,,,,106
2025-04-16 20:05:00,1.13808,1.13814,1.13769,1.13798,1.13814,1.1382,1.13775,1.13804,,,,,100
2025-04-16 20:06:00,1.13796,1.13812,1.13783,1.138,1.13802,1.13818,1.13789,1.13806,,,,,85
2025-04-16 20:07:00,1.13799,1.13799,1.13766,1.1378,1.13805,1.13805,1.13772,1.13786,,,,,97
2025-04-16 20:08:00,1.13778,1.13786,1.1376,1.13765,1.13784,1.13792,1.13766,1.13771,,,,,60
2025-04-16 20:09:00,1.13766,1.13778,1.13748,1.1375,1.13772,1.13784,1.13754,1.13756,,,,,67
2025-04-16 20:10:00,1.13748,1.1375,1.13661,1.13688,1.13754,1.13756,1.13674,1.13694,,,,,129
2025-04-16 20:11:00,1.13689,1.13697,1.1366,1.13663,1.13695,1.13703,1.13667,1.13669,,,,,97
2025-04-16 20:12:00,1.13664,1.13681,1.13648,1.13652,1.1367,1.13687,1.13654,1.13658,,,,,79
2025-04-16 20:13:00,1.13651,1.13687,1.13648,1.13672,1.13657,1.13693,1.13654,1.13678,,,,,110
2025-04-16 20:14:00,1.13681,1.13706,1.1368,1.13682,1.13687,1.13712,1.13686,1.13688,,,,,78
2025-04-16 20:15:00,1.1368,1.13718,1.13669,1.13711,1.13686,1.13724,1.13678,1.13717,,,,,102
2025-04-16 20:16:00,1.13712,1.13752,1.13704,1.13746,1.13718,1.13758,1.1371,1.13752,,,,,105
2025-04-16 20:17:00,1.13745,1.13778,1.1374,1.13775,1.13751,1.13784,1.13746,1.13781,,,,,91
2025-04-16 20:18:00,1.1377,1.13773,1.13745,1.1375,1.13779,1.13779,1.13751,1.13756,,,,,92
2025-04-16 20:19:00,1.13746,1.13746,1.13719,1.13727,1.13752,1.13752,1.13727,1.13733,,,,,102
2025-04-16 20:20:00,1.1373,1.13735,1.13688,1.1371,1.13736,1.13741,1.13694,1.13716,,,,,88
2025-04-16 20:21:00,1.13707,1.13727,1.13699,1.1371,1.13713,1.13733,1.13705,1.13716,,,,,93
2025-04-16 20:22:00,1.13711,1.1372,1.13703,1.13713,1.13717,1.13726,1.13709,1.13719,,,,,65
2025-04-16 20:23:00,1.13714,1.1372,1.137,1.13716,1.1372,1.13727,1.13714,1.13725,,,,,58
2025-04-16 20:24:00,1.13713,1.13726,1.13697,1.13724,1.13722,1.13732,1.13706,1.1373,,,,,49
2025-04-16 20:25:00,1.13723,1.13754,1.13716,1.13753,1.13729,1.1376,1.13722,1.13759,,,,,70
2025-04-16 20:26:00,1.1375,1.1376,1.13736,1.1374,1.13756,1.13766,1.13745,1.13749,,,,,67
2025-04-16 20:27:00,1.13741,1.1376,1.13731,1.13733,1.1375,1.13766,1.13737,1.13739,,,,,32
2025-04-16 20:28:00,1.13731,1.13734,1.13713,1.13721,1.13737,1.1374,1.13719,1.13727,,,,,57
2025-04-16 20:29:00,1.13726,1.13726,1.13707,1.1371,1.13732,1.13732,1.13713,1.13716,,,,,50
2025-04-16 20:30:00,1.13709,1.13748,1.13708,1.13727,1.13715,1.13754,1.13714,1.13733,,,,,53
2025-04-16 20:31:00,1.1371,1.13736,1.13706,1.13729,1.13716,1.13748,1.13712,1.13738,,,,,64
2025-04-16 20:32:00,1.1373,1.13734,1.13722,1.13722,1.13739,1.13747,1.13728,1.13728,,,,,49
2025-04-16 20:33:00,1.13724,1.13727,1.13715,1.13727,1.1373,1.13733,1.13721,1.13733,,,,,33
2025-04-16 20:34:00,1.13726,1.13751,1.13724,1.13748,1.13732,1.13757,1.1373,1.13754,,,,,54
2025-04-16 20:35:00,1.13749,1.13756,1.1374,1.13756,1.13755,1.13762,1.13746,1.13762,,,,,35
2025-04-16 20:36:00,1.13757,1.13767,1.13739,1.13746,1.13763,1.13773,1.13745,1.13752,,,,,47
2025-04-16 20:37:00,1.13751,1.13778,1.13751,1.13775,1.13757,1.13784,1.13757,1.13781,,,,,42
2025-04-16 20:38:00,1.13776,1.13794,1.13763,1.13794,1.13782,1.138,1.13769,1.138,,,,,73
2025-04-16 20:39:00,1.13792,1.13818,1.13785,1.13818,1.13798,1.13825,1.13795,1.13824,,,,,73
2025-04-16 20:40:00,1.13814,1.13816,1.1377,1.13771,1.1382,1.13827,1.13777,1.13777,,,,,81
2025-04-16 20:41:00,1.1377,1.13772,1.13752,1.13758,1.13776,1.13785,1.13764,1.13767,,,,,109
2025-04-16 20:42:00,1.13768,1.13814,1.13766,1.13792,1.13777,1.13821,1.13775,1.13798,,,,,98
2025-04-16 20:43:00,1.13793,1.13793,1.13768,1.13772,1.13799,1.13799,1.13774,1.13785,,,,,54
2025-04-16 20:44:00,1.13771,1.13786,1.13742,1.13759,1.13784,1.13798,1.13751,1.13768,,,,,85
2025-04-16 20:45:00,1.1376,1.13773,1.13754,1.13771,1.13769,1.13783,1.13765,1.1378,,,,,65
2025-04-16 20:46:00,1.13774,1.13794,1.13764,1.13794,1.13783,1.138,1.13773,1.138,,,,,65
2025-04-16 20:47:00,1.13793,1.13802,1.13786,1.1379,1.13799,1.13808,1.13792,1.13796,,,,,60
2025-04-16 20:48:00,1.13789,1.13794,1.13773,1.1378,1.13795,1.13802,1.13783,1.13789,,,,,64
2025-04-16 20:49:00,1.13779,1.13809,1.13779,1.13805,1.1379,1.13815,1.1379,1.13811,,,,,51
2025-04-16 20:50:00,1.13804,1.13816,1.13804,1.13806,1.1381,1.13827,1.1381,1.13824,,,,,70
2025-04-16 20:51:00,1.13807,1.13831,1.13799,1.13829,1.13822,1.13844,1.13809,1.1384,,,,,132
2025-04-16 20:52:00,1.1383,1.13862,1.1383,1.13862,1.13842,1.13868,1.13837,1.13868,,,,,86
2025-04-16 20:53:00,1.1386,1.13881,1.13854,1.13877,1.13866,1.13889,1.1386,1.13888,,,,,94
2025-04-16 20:54:00,1.13878,1.13878,1.13845,1.13846,1.13889,1.13889,1.13851,1.13852,,,,,38
2025-04-16 20:55:00,1.13845,1.13861,1.13837,1.13854,1.13851,1.13869,1.13843,1.13863,,,,,53
2025-04-16 20:56:00,1.13852,1.1387,1.1385,1.13869,1.13861,1.13876,1.13856,1.13875,,,,,74
2025-04-16 20:57:00,1.13868,1.13872,1.13846,1.13853,1.13874,1.13878,1.13852,1.13859,,,,,49
2025-04-16 20:58:00,1.13849,1.13863,1.13844,1.13858,1.13855,1.1387,1.13851,1.13864,,,,,67
2025-04-16 20:59:00,1.13861,1.13875,1.13852,1.13862,1.13867,1.13886,1.13858,1.13868,,,,,109
2025-04-16 21:00:00,1.13857,1.13862,1.13846,1.13859,1.13863,1.13868,1.13852,1.13865,,,,,55
2025-04-16 21:01:00,1.13858,1.13892,1.13858,1.13873,1.13864,1.13898,1.13864,1.13879,,,,,71
2025-04-16 21:02:00,1.13872,1.13886,1.13867,1.13886,1.13878,1.13892,1.13873,1.13892,,,,,29
2025-04-16 21:03:00,1.13887,1.13922,1.13887,1.13902,1.13893,1.13928,1.13893,1.13908,,,,,56
2025-04-16 21:04:00,1.13899,1.13942,1.13895,1.13924,1.13905,1.13948,1.13901,1.1393,,,,,93
2025-04-16 21:05:00,1.13923,1.1396,1.13923,1.13947,1.13929,1.13975,1.13929,1.13953,,,,,130
2025-04-16 21:06:00,1.13945,1.1396,1.13943,1.13957,1.13951,1.13971,1.13951,1.13963,,,,,93
2025-04-16 21:07:00,1.13956,1.13966,1.13947,1.13962,1.13962,1.13979,1.13956,1.13974,,,,,66
2025-04-16 21:08:00,1.13963,1.13982,1.13962,1.13976,1.13975,1.14001,1.13971,1.13996,,,,,70
2025-04-16 21:09:00,1.13978,1.13986,1.13956,1.13956,1.13999,1.14005,1.13962,1.13962,,,,,107
2025-04-16 21:10:00,1.13957,1.13976,1.13954,1.13975,1.13963,1.13982,1.1396,1.13981,,,,,63
2025-04-16 21:11:00,1.13976,1.13982,1.13972,1.13974,1.13982,1.13988,1.13978,1.1398,,,,,40
2025-04-16 21:12:00,1.13976,1.13986,1.13957,1.13971,1.13982,1.13992,1.13963,1.13977,,,,,46
2025-04-16 21:13:00,1.1397,1.13971,1.13935,1.13937,1.13976,1.13977,1.13941,1.13943,,,,,60
2025-04-16 21:14:00,1.13935,1.13941,1.13923,1.13927,1.13941,1.13947,1.13929,1.13933,,,,,55
2025-04-16 21:15:00,1.13925,1.13969,1.13925,1.13955,1.13931,1.13975,1.13931,1.13961,,,,,48
2025-04-16 21:16:00,1.13963,1.1398,1.13948,1.1398,1.13969,1.13994,1.13954,1.13989,,,,,60
2025-04-16 21:17:00,1.13982,1.13996,1.13978,1.13995,1.13991,1.1401,1.13984,1.14004,,,,,75
2025-04-16 21:18:00,1.13994,1.14009,1.1399,1.14008,1.14003,1.14019,1.13999,1.14017,,,,,72
2025-04-16 21:19:00,1.14009,1.14009,1.13989,1.14005,1.14018,1.14018,1.13995,1.14011,,,,,45
2025-04-16 21:20:00,1.14003,1.14013,1.14,1.14008,1.14009,1.1403,1.14006,1.14028,,,,,40
2025-04-16 21:21:00,1.1402,1.14059,1.14018,1.14047,1.14041,1.14073,1.14027,1.14053,,,,,150
2025-04-16 21:22:00,1.14045,1.14059,1.14036,1.14051,1.14051,1.14066,1.14042,1.14057,,,,,79
2025-04-16 21:23:00,1.1406,1.14061,1.14043,1.14061,1.14066,1.14067,1.14049,1.14067,,,,,66
2025-04-16 21:24:00,1.1406,1.14061,1.14056,1.14059,1.14066,1.14067,1.14062,1.14065,,,,,43
2025-04-16 21:25:00,1.14058,1.14092,1.14056,1.14086,1.14064,1.14107,1.14062,1.14098,,,,,97
2025-04-16 21:26:00,1.14084,1.14094,1.14063,1.14092,1.14096,1.141,1.14072,1.14098,,,,,59
2025-04-16 21:27:00,1.14093,1.14125,1.14088,1.14095,1.14099,1.14131,1.14099,1.14101,,,,,101
2025-04-16 21:28:00,1.14097,1.14125,1.14096,1.14117,1.14103,1.14131,1.14102,1.14123,,,,,114
2025-04-16 21:29:00,1.1412,1.1412,1.14037,1.14037,1.14126,1.14126,1.14043,1.14043,,,,,44
2025-04-16 21:30:00,1.14038,1.14046,1.14002,1.14002,1.14044,1.14052,1.14008,1.14008,,,,,95
2025-04-16 21:31:00,1.14003,1.14022,1.14003,1.14012,1.14009,1.14028,1.14009,1.14018,,,,,69
2025-04-16 21:32:00,1.14016,1.14018,1.14002,1.1401,1.14022,1.14024,1.14008,1.14016,,,,,66
2025-04-16 21:33:00,1.14012,1.14018,1.13961,1.13964,1.14018,1.14024,1.13967,1.1397,,,,,86
2025-04-16 21:34:00,1.13968,1.13976,1.13943,1.13943,1.13974,1.13982,1.13949,1.13949,,,,,54
2025-04-16 21:35:00,1.13938,1.13969,1.13938,1.13968,1.13944,1.13975,1.13944,1.13974,,,,,42
2025-04-16 21:36:00,1.13967,1.14007,1.13958,1.13969,1.13973,1.14013,1.13964,1.13975,,,,,77
2025-04-16 21:37:00,1.1397,1.13984,1.13964,1.13969,1.13976,1.1399,1.1397,1.13975,,,,,65
2025-04-16 21:38:00,1.13972,1.13973,1.13955,1.13962,1.13978,1.13979,1.13961,1.13968,,,,,63
2025-04-16 21:39:00,1.13961,1.13964,1.13952,1.13964,1.13967,1.1397,1.13958,1.1397,,,,,44
2025-04-16 21:40:00,1.13966,1.13966,1.13948,1.13964,1.13972,1.13972,1.13954,1.1397,,,,,33
2025-04-16 21:41:00,1.13965,1.13987,1.13965,1.1397,1.13971,1.13993,1.13971,1.13976,,,,,43
2025-04-16 21:42:00,1.13968,1.13972,1.13948,1.13949,1.13977,1.13978,1.13954,1.13955,,,,,34
2025-04-16 21:43:00,1.13948,1.1396,1.13927,1.13939,1.13954,1.13966,1.13933,1.13951,,,,,50
2025-04-16 21:44:00,1.13935,1.13951,1.13924,1.13935,1.13952,1.13957,1.13931,1.13944,,,,,55
2025-04-16 21:45:00,1.13941,1.13941,1.1391,1.1391,1.13947,1.13947,1.13925,1.13925,,,,,60
2025-04-16 21:46:00,1.13912,1.13938,1.13911,1.13938,1.13926,1.13947,1.13926,1.13944,,,,,51
2025-04-16 21:47:00,1.13936,1.13937,1.13912,1.13913,1.13942,1.13943,1.13918,1.13919,,,,,24
2025-04-16 21:48:00,1.13912,1.13929,1.13912,1.13924,1.13918,1.13935,1.13918,1.1393,,,,,19
2025-04-16 21:49:00,1.13926,1.13934,1.13917,1.13929,1.13932,1.1394,1.13923,1.13935,,,,,26
2025-04-16 21:50:00,1.13924,1.13924,1.13902,1.13904,1.1393,1.1393,1.13908,1.1391,,,,,34
2025-04-16 21:51:00,1.13903,1.13914,1.13893,1.13893,1.13909,1.1392,1.13899,1.13899,,,,,47
2025-04-16 21:52:00,1.13896,1.13905,1.1387,1.13876,1.13902,1.13911,1.13878,1.13882,,,,,48
2025-04-16 21:53:00,1.13875,1.13888,1.13873,1.13885,1.13881,1.13894,1.13879,1.13891,,,,,28
2025-04-16 21:54:00,1.13886,1.13916,1.13886,1.13916,1.13892,1.13922,1.13892,1.13922,,,,,34
2025-04-16 21:55:00,1.13919,1.1392,1.13881,1.13883,1.13925,1.13926,1.13887,1.13889,,,,,47
2025-04-16 21:56:00,1.13886,1.13888,1.13875,1.13879,1.13892,1.13894,1.13881,1.13885,,,,,14
2025-04-16 21:57:00,1.1388,1.13917,1.1388,1.13916,1.13886,1.13923,1.13886,1.13922,,,,,60
2025-04-16 21:58:00,1.13915,1.1392,1.13898,1.13902,1.13921,1.13926,1.13904,1.13908,,,,,55
2025-04-16 21:59:00,1.13905,1.13907,1.13862,1.13865,1.13914,1.13916,1.13868,1.13871,,,,,64
2025-04-16 22:00:00,1.13864,1.13874,1.13841,1.13845,1.1387,1.13883,1.1385,1.13851,,,,,57
2025-04-16 22:01:00,1.13844,1.13849,1.13835,1.13842,1.1385,1.13855,1.13843,1.13848,,,,,65
2025-04-16 22:02:00,1.13843,1.13866,1.13843,1.13866,1.13849,1.13872,1.13849,1.13872,,,,,43
2025-04-16 22:03:00,1.13865,1.13877,1.13853,1.13853,1.13871,1.13883,1.13859,1.13859,,,,,21
2025-04-16 22:04:00,1.13851,1.13857,1.13844,1.13846,1.13857,1.13863,1.1385,1.13852,,,,,17
2025-04-16 22:05:00,1.13845,1.13845,1.13834,1.13845,1.13851,1.13851,1.1384,1.13851,,,,,11
2025-04-16 22:06:00,1.1384,1.1384,1.13814,1.13821,1.13846,1.13846,1.13823,1.13827,,,,,33
2025-04-16 22:07:00,1.13826,1.13826,1.13821,1.13821,1.13832,1.13834,1.13827,1.13827,,,,,13
2025-04-16 22:08:00,1.13822,1.13823,1.13818,1.13818,1.13828,1.13832,1.13827,1.13827,,,,,6
2025-04-16 22:09:00,1.13819,1.13831,1.13819,1.13826,1.13828,1.1384,1.13828,1.13832,,,,,18
2025-04-16 22:10:00,1.13827,1.13839,1.13827,1.13839,1.13833,1.13845,1.13833,1.13845,,,,,9
2025-04-16 22:11:00,1.13843,1.1388,1.13842,1.13876,1.13849,1.13886,1.13848,1.13882,,,,,50
2025-04-16 22:12:00,1.13879,1.13892,1.13874,1.13874,1.13885,1.13901,1.13883,1.13883,,,,,56
2025-04-16 22:13:00,1.1387,1.13891,1.13867,1.13876,1.13887,1.13897,1.13873,1.13882,,,,,30
2025-04-16 22:14:00,1.13875,1.13877,1.13868,1.13868,1.13881,1.13883,1.13874,1.13874,,,,,32
2025-04-16 22:15:00,1.13863,1.13863,1.1385,1.13855,1.13869,1.13869,1.13856,1.13861,,,,,31
2025-04-16 22:16:00,1.13853,1.13863,1.13838,1.13858,1.13859,1.13869,1.13844,1.13864,,,,,53
2025-04-16 22:17:00,1.13862,1.13866,1.13857,1.13862,1.13868,1.13877,1.13867,1.13871,,,,,46
2025-04-16 22:18:00,1.13861,1.13875,1.13861,1.13868,1.1387,1.13881,1.1387,1.13874,,,,,12
2025-04-16 22:19:00,1.13869,1.1388,1.13864,1.13864,1.13875,1.13886,1.1387,1.1387,,,,,30
2025-04-16 22:20:00,1.13868,1.13868,1.1386,1.13865,1.13874,1.13877,1.13873,1.13874,,,,,35
2025-04-16 22:21:00,1.13859,1.1386,1.13852,1.13852,1.13868,1.13868,1.13858,1.13858,,,,,11
2025-04-16 22:22:00,1.13849,1.13869,1.13847,1.13869,1.13855,1.13875,1.13853,1.13875,,,,,14
2025-04-16 22:23:00,1.13867,1.1387,1.13867,1.1387,1.13873,1.13876,1.13873,1.13876,,,,,30
2025-04-16 22:24:00,1.13872,1.13875,1.13869,1.13871,1.13878,1.13881,1.13875,1.1388,,,,,32
2025-04-16 22:25:00,1.13869,1.13872,1.13866,1.13871,1.13878,1.13878,1.13872,1.13877,,,,,25
2025-04-16 22:26:00,1.13868,1.13869,1.13863,1.13864,1.13878,1.13878,1.13869,1.1387,,,,,33
2025-04-16 22:27:00,1.13863,1.13878,1.13847,1.13878,1.13869,1.13884,1.13866,1.13884,,,,,10
2025-04-16 22:28:00,1.1388,1.13889,1.1388,1.13888,1.13886,1.13897,1.13886,1.13894,,,,,14
2025-04-16 22:29:00,1.13889,1.139,1.13873,1.13899,1.13895,1.13906,1.13882,1.13905,,,,,45
2025-04-16 22:30:00,1.13898,1.13921,1.13896,1.13917,1.13904,1.13927,1.13902,1.13923,,,,,46
2025-04-16 22:31:00,1.13913,1.13921,1.13913,1.13921,1.13919,1.13927,1.13919,1.13927,,,,,12
2025-04-16 22:32:00,1.1392,1.13934,1.13914,1.13932,1.13926,1.1394,1.1392,1.13938,,,,,23
2025-04-16 22:33:00,1.13933,1.13933,1.139,1.13902,1.13939,1.13939,1.13906,1.13908,,,,,19
2025-04-16 22:34:00,1.13898,1.13898,1.13884,1.13884,1.13904,1.13904,1.1389,1.1389,,,,,27
2025-04-16 22:35:00,1.13881,1.13891,1.13875,1.13875,1.13887,1.13897,1.13881,1.13881,,,,,19
2025-04-16 22:36:00,1.13878,1.13884,1.1387,1.1388,1.13884,1.1389,1.13876,1.13886,,,,,19
2025-04-16 22:37:00,1.13883,1.13895,1.13877,1.13895,1.13889,1.13901,1.13883,1.13901,,,,,15
2025-04-16 22:38:00,1.13899,1.13928,1.13899,1.13928,1.13905,1.13934,1.13905,1.13934,,,,,23
2025-04-16 22:39:00,1.1393,1.1395,1.1393,1.1395,1.13936,1.13956,1.13936,1.13956,,,,,18
2025-04-16 22:40:00,1.13949,1.1395,1.13923,1.13944,1.13955,1.13956,1.13929,1.1395,,,,,25
2025-04-16 22:41:00,1.13948,1.13951,1.13924,1.13937,1.13954,1.13957,1.1393,1.13943,,,,,23
2025-04-16 22:42:00,1.13938,1.13938,1.13918,1.13918,1.13944,1.13944,1.13924,1.13924,,,,,12
2025-04-16 22:43:00,1.13913,1.13928,1.13913,1.13917,1.13927,1.13934,1.13923,1.13923,,,,,12
2025-04-16 22:44:00,1.13913,1.13919,1.13913,1.13918,1.13919,1.13925,1.13919,1.13924,,,,,11
2025-04-16 22:45:00,1.13914,1.13947,1.13914,1.13945,1.1392,1.13959,1.1392,1.13954,,,,,50
2025-04-16 22:46:00,1.13949,1.13959,1.13941,1.13953,1.13958,1.13972,1.1395,1.1397,,,,,22
2025-04-16 22:47:00,1.13952,1.13952,1.13927,1.13927,1.13968,1.13968,1.13936,1.13936,,,,,16
2025-04-16 22:48:00,1.13928,1.13943,1.13928,1.13941,1.13937,1.13952,1.13937,1.1395,,,,,10
2025-04-16 22:49:00,1.13944,1.13964,1.13942,1.1395,1.13953,1.13976,1.13951,1.13959,,,,,29
2025-04-16 22:50:00,1.13949,1.13956,1.1394,1.13946,1.13958,1.13965,1.13949,1.13955,,,,,21
2025-04-16 22:51:00,1.13953,1.13979,1.13953,1.13977,1.13962,1.13988,1.13962,1.13986,,,,,40
2025-04-16 22:52:00,1.13966,1.13969,1.13953,1.13954,1.13975,1.13978,1.13962,1.13963,,,,,19
2025-04-16 22:53:00,1.1396,1.13978,1.1396,1.1397,1.13969,1.13987,1.13969,1.13979,,,,,17
2025-04-16 22:54:00,1.13969,1.13971,1.13966,1.13966,1.13978,1.1398,1.13975,1.13975,,,,,11
2025-04-16 22:55:00,1.13963,1.13972,1.13962,1.13965,1.13978,1.13987,1.13977,1.1398,,,,,10
2025-04-16 22:56:00,1.13962,1.13975,1.13962,1.13971,1.13977,1.1399,1.13977,1.13986,,,,,16
2025-04-16 22:57:00,1.13974,1.13986,1.1397,1.13982,1.13989,1.1401,1.13989,1.14003,,,,,40
2025-04-16 22:58:00,1.13976,1.13976,1.13969,1.13972,1.13999,1.13999,1.13992,1.13995,,,,,31
2025-04-16 22:59:00,1.13976,1.13976,1.13949,1.13971,1.13997,1.14008,1.13991,1.14007,,,,,45
2025-04-16 23:01:00,1.13876,1.13876,1.13876,1.13876,1.13942,1.13942,1.13942,1.13942,,,,,1
2025-04-16 23:02:00,1.13916,1.13916,1.13916,1.13916,1.13982,1.13982,1.13982,1.13982,,,,,1
2025-04-16 23:03:00,1.1395,1.13965,1.1395,1.13965,1.14016,1.14016,1.14003,1.14003,,,,,2
2025-04-16 23:04:00,1.13963,1.13963,1.1396,1.1396,1.14001,1.14001,1.13999,1.13999,,,,,2
2025-04-16 23:05:00,1.13964,1.13966,1.13964,1.13966,1.14002,1.14004,1.14002,1.14004,,,,,2
2025-04-16 23:06:00,1.13948,1.13964,1.13948,1.13964,1.14014,1.14014,1.14002,1.14002,,,,,2
2025-04-16 23:07:00,1.13966,1.13966,1.13966,1.13966,1.14004,1.14004,1.14004,1.14004,,,,,1
2025-04-16 23:08:00,1.13967,1.13967,1.13963,1.13963,1.14005,1.14009,1.14005,1.14009,,,,,2
2025-04-16 23:09:00,1.13962,1.13969,1.13962,1.13962,1.14015,1.14015,1.14009,1.14009,,,,,3
2025-04-16 23:10:00,1.13964,1.13964,1.13957,1.13957,1.1401,1.1401,1.14004,1.14004,,,,,3
2025-04-16 23:11:00,1.13959,1.13969,1.13959,1.13962,1.14007,1.14015,1.14006,1.1401,,,,,8
2025-04-16 23:12:00,1.13961,1.13965,1.13961,1.13965,1.14027,1.14027,1.14002,1.14003,,,,,3
2025-04-16 23:14:00,1.13961,1.13961,1.13961,1.13961,1.14007,1.14007,1.14007,1.14007,,,,,1
2025-04-16 23:15:00,1.13965,1.13966,1.13962,1.13963,1.14009,1.1401,1.14006,1.14007,,,,,8
2025-04-16 23:16:00,,,,,1.14006,1.14006,1.14006,1.14006,,,,,1
2025-04-16 23:17:00,1.13966,1.13966,1.13963,1.13963,1.1401,1.1401,1.14007,1.14007,,,,,6
2025-04-16 23:18:00,1.13966,1.13966,1.13963,1.13963,1.14013,1.14013,1.14009,1.14009,,,,,2
2025-04-16 23:19:00,1.13966,1.13969,1.13963,1.13963,1.14012,1.14015,1.14008,1.14008,,,,,6
2025-04-16 23:20:00,1.13966,1.13966,1.13966,1.13966,1.14012,1.14012,1.14012,1.14012,,,,,1
2025-04-16 23:21:00,1.13964,1.13964,1.13964,1.13964,1.1401,1.1401,1.1401,1.1401,,,,,1
2025-04-16 23:22:00,1.13965,1.13965,1.13965,1.13965,,,,,,,,,1
2025-04-16 23:23:00,1.13961,1.13961,1.13961,1.13961,1.14007,1.14007,1.14007,1.14007,,,,,1
2025-04-16 23:24:00,,,,,1.14006,1.14006,1.14006,1.14006,,,,,1
2025-04-16 23:25:00,1.1396,1.1396,1.1396,1.1396,1.14005,1.14005,1.14005,1.14005,,,,,1
2025-04-16 23:26:00,1.13917,1.13941,1.13915,1.13936,1.13983,1.14007,1.13981,1.14002,,,,,9
2025-04-16 23:27:00,1.13933,1.13933,1.13933,1.13933,1.13999,1.13999,1.13999,1.13999,,,,,1
2025-04-16 23:28:00,1.13943,1.13943,1.13936,1.13936,1.14009,1.14009,1.14002,1.14002,,,,,2
2025-04-16 23:29:00,1.1394,1.13944,1.1394,1.13944,1.14006,1.14006,1.14002,1.14002,,,,,2
2025-04-16 23:30:00,1.13945,1.13945,1.13945,1.13945,1.14003,1.14003,1.14003,1.14003,,,,,1
2025-04-16 23:31:00,1.13953,1.13953,1.13944,1.13944,1.14011,1.14011,1.14002,1.14002,,,,,2
2025-04-16 23:32:00,1.13943,1.13951,1.13943,1.13943,1.14001,1.14009,1.14001,1.14001,,,,,4
2025-04-16 23:34:00,1.13947,1.13963,1.13935,1.13935,1.14005,1.14021,1.14,1.14001,,,,,5
2025-04-16 23:35:00,1.13936,1.13936,1.13936,1.13936,1.14002,1.14002,1.14002,1.14002,,,,,1
2025-04-16 23:36:00,1.13942,1.13943,1.13942,1.13943,1.14008,1.14009,1.14008,1.14009,,,,,2
2025-04-16 23:37:00,1.13944,1.13944,1.13944,1.13944,1.1401,1.1401,1.1401,1.1401,,,,,1
2025-04-16 23:38:00,1.13943,1.13953,1.13943,1.13953,1.14009,1.14019,1.14009,1.14019,,,,,2
2025-04-16 23:39:00,1.13949,1.13956,1.13949,1.13954,1.14015,1.14022,1.14015,1.1402,,,,,3
2025-04-16 23:40:00,1.13957,1.13957,1.13956,1.13957,1.14015,1.14015,1.14014,1.14015,,,,,3
2025-04-16 23:41:00,1.13959,1.13959,1.13958,1.13958,1.14014,1.14014,1.14013,1.14013,,,,,2
2025-04-16 23:42:00,1.13962,1.13962,1.13958,1.1396,1.14018,1.14026,1.14013,1.14026,,,,,6
2025-04-16 23:43:00,1.13965,1.13966,1.13965,1.13966,1.14011,1.14011,1.14011,1.14011,,,,,2
2025-04-16 23:44:00,1.13967,1.13967,1.13967,1.13967,1.14017,1.14017,1.14013,1.14013,,,,,2
2025-04-16 23:45:00,1.13966,1.13966,1.13963,1.13963,1.14012,1.14012,1.14011,1.14011,,,,,2
2025-04-16 23:46:00,1.13964,1.13964,1.13964,1.13964,1.14012,1.14012,1.14012,1.14012,,,,,1
2025-04-16 23:47:00,1.13965,1.13965,1.13964,1.13964,1.14013,1.14013,1.14012,1.14012,,,,,2
2025-04-16 23:48:00,1.13965,1.13965,1.13965,1.13965,1.1401,1.1401,1.1401,1.1401,,,,,1
2025-04-16 23:49:00,1.13951,1.13951,1.13947,1.13948,1.14017,1.14017,1.14013,1.14014,,,,,3
2025-04-16 23:50:00,1.13943,1.13944,1.13943,1.13944,1.14009,1.1401,1.14009,1.1401,,,,,2
2025-04-16 23:51:00,1.1395,1.13955,1.1395,1.13955,1.14016,1.14016,1.14013,1.14013,,,,,2
2025-04-16 23:52:00,1.1395,1.1395,1.1395,1.1395,1.14008,1.14008,1.14008,1.14008,,,,,1
2025-04-16 23:53:00,1.13951,1.13951,1.13944,1.13944,1.14004,1.1401,1.14004,1.1401,,,,,2
2025-04-16 23:54:00,1.13941,1.13951,1.13941,1.13951,1.14007,1.14007,1.14,1.14004,,,,,3
2025-04-16 23:55:00,1.13952,1.13952,1.13952,1.13952,1.1401,1.1401,1.1401,1.1401,,,,,1
2025-04-16 23:56:00,1.13951,1.13951,1.13951,1.13951,1.14009,1.14009,1.14009,1.14009,,,,,1
2025-04-16 23:57:00,1.13953,1.13958,1.13953,1.13953,1.14011,1.14016,1.14011,1.14011,,,,,3
2025-04-16 23:58:00,1.13945,1.13945,1.13937,1.13945,1.1401,1.14011,1.14003,1.14011,,,,,4
2025-04-16 23:59:00,1.13944,1.13945,1.13942,1.13945,1.1401,1.14011,1.14008,1.14011,,,,,3
2025-04-17 00:00:00,1.13948,1.13984,1.13927,1.13982,1.14014,1.14023,1.13993,1.14018,,,,,43
2025-04-17 00:01:00,1.13981,1.13985,1.13977,1.13982,1.14015,1.14021,1.14011,1.14017,,,,,44
2025-04-17 00:02:00,1.13985,1.13987,1.13982,1.13982,1.14015,1.1402,1.14012,1.14012,,,,,41
2025-04-17 00:03:00,1.13984,1.13984,1.13971,1.13977,1.14013,1.14017,1.14006,1.14008,,,,,43
2025-04-17 00:04:00,1.13975,1.13978,1.13952,1.13961,1.14005,1.14009,1.13991,1.13996,,,,,41
2025-04-17 00:05:00,1.13964,1.13979,1.13964,1.13974,1.13993,1.14,1.13993,1.13994,,,,,26
2025-04-17 00:06:00,1.13973,1.13981,1.13973,1.13975,1.13993,1.14001,1.13988,1.13988,,,,,13
2025-04-17 00:07:00,1.13984,1.13984,1.13974,1.13981,1.13996,1.13996,1.1399,1.1399,,,,,8
2025-04-17 00:08:00,1.13984,1.13988,1.13976,1.1398,1.13997,1.1401,1.13989,1.1401,,,,,16
2025-04-17 00:09:00,1.13978,1.1398,1.13976,1.13977,1.14007,1.14011,1.14007,1.14008,,,,,8
2025-04-17 00:10:00,1.13978,1.13988,1.13975,1.13981,1.14011,1.14014,1.14002,1.14003,,,,,32
2025-04-17 00:11:00,1.1398,1.13989,1.1398,1.13987,1.14004,1.14007,1.14001,1.14006,,,,,13
2025-04-17 00:12:00,1.13984,1.13984,1.13981,1.13983,1.14003,1.14003,1.14001,1.14003,,,,,10
2025-04-17 00:13:00,1.13984,1.13992,1.13983,1.13987,1.14002,1.14009,1.14002,1.14005,,,,,30
2025-04-17 00:14:00,1.13985,1.13989,1.13984,1.13985,1.14004,1.14006,1.14003,1.14004,,,,,18
2025-04-17 00:15:00,1.13986,1.1399,1.13986,1.1399,1.14006,1.14006,1.14005,1.14005,,,,,5
2025-04-17 00:16:00,1.13989,1.13989,1.13983,1.13986,1.14004,1.14004,1.13995,1.13995,,,,,14
2025-04-17 00:17:00,1.13987,1.13987,1.13963,1.13971,1.13996,1.13996,1.13972,1.1398,,,,,28
2025-04-17 00:18:00,1.1397,1.1398,1.13969,1.1397,1.13979,1.13989,1.13978,1.13979,,,,,14
2025-04-17 00:19:00,1.13967,1.13967,1.13952,1.13963,1.13976,1.13976,1.13961,1.13972,,,,,34
2025-04-17 00:20:00,1.13962,1.13973,1.13958,1.13971,1.13971,1.13982,1.13967,1.1398,,,,,17
2025-04-17 00:21:00,1.1397,1.13987,1.13968,1.13976,1.13979,1.14004,1.13977,1.14004,,,,,21
2025-04-17 00:22:00,1.13978,1.13988,1.13977,1.13986,1.14003,1.14005,1.13994,1.13995,,,,,14
2025-04-17 00:23:00,1.13983,1.13986,1.13982,1.13983,1.13992,1.13995,1.13991,1.13992,,,,,18
2025-04-17 00:24:00,1.13982,1.13983,1.13976,1.13976,1.13991,1.13992,1.13985,1.13985,,,,,25
2025-04-17 00:25:00,1.13973,1.13977,1.13961,1.13962,1.13986,1.13986,1.1397,1.13971,,,,,13
2025-04-17 00:26:00,1.13964,1.13971,1.13963,1.1397,1.13973,1.1398,1.13972,1.13979,,,,,27
2025-04-17 00:27:00,1.13971,1.13972,1.13968,1.13972,1.1398,1.13981,1.13977,1.13981,,,,,11
2025-04-17 00:28:00,1.13971,1.13977,1.1397,1.13977,1.1398,1.13986,1.13979,1.13986,,,,,19
2025-04-17 00:29:00,1.13976,1.13977,1.1397,1.13972,1.13985,1.13986,1.13979,1.13981,,,,,14
2025-04-17 00:30:00,1.13971,1.13971,1.13962,1.13962,1.1398,1.1398,1.13971,1.13971,,,,,10
2025-04-17 00:31:00,1.13963,1.13995,1.13963,1.13995,1.13972,1.14005,1.13972,1.14004,,,,,32
2025-04-17 00:32:00,1.13992,1.13992,1.13959,1.13965,1.14001,1.14001,1.13968,1.13974,,,,,29
2025-04-17 00:33:00,1.13971,1.13974,1.13966,1.1397,1.1398,1.13983,1.13975,1.13979,,,,,24
2025-04-17 00:34:00,1.13971,1.13971,1.13951,1.1396,1.1398,1.1398,1.1396,1.13969,,,,,43
2025-04-17 00:35:00,1.13961,1.13962,1.13956,1.13956,1.1397,1.13971,1.13965,1.13965,,,,,16
2025-04-17 00:36:00,1.13955,1.13962,1.13948,1.13952,1.13964,1.13971,1.13957,1.13961,,,,,44
2025-04-17 00:37:00,1.13954,1.1396,1.13946,1.13956,1.13963,1.13969,1.13955,1.13965,,,,,25
2025-04-17 00:38:00,1.13957,1.13966,1.13957,1.13961,1.13966,1.13975,1.13966,1.1397,,,,,22
2025-04-17 00:39:00,1.1396,1.13966,1.1396,1.13966,1.13969,1.13975,1.13969,1.13975,,,,,13
2025-04-17 00:40:00,1.13967,1.13981,1.13967,1.13981,1.13976,1.1399,1.13976,1.1399,,,,,10
2025-04-17 00:41:00,1.1398,1.13981,1.13974,1.13976,1.13989,1.13995,1.13985,1.13985,,,,,24
2025-04-17 00:42:00,1.13974,1.1398,1.13974,1.13978,1.13983,1.1399,1.13983,1.1399,,,,,14
2025-04-17 00:43:00,1.1398,1.1398,1.13978,1.13978,1.13989,1.1399,1.13989,1.1399,,,,,2
2025-04-17 00:44:00,1.13981,1.13994,1.13981,1.13986,1.13991,1.14003,1.13991,1.13995,,,,,18
2025-04-17 00:45:00,1.13988,1.13994,1.13979,1.13985,1.13997,1.14003,1.13988,1.13994,,,,,39
2025-04-17 00:46:00,1.13981,1.13985,1.1398,1.1398,1.1399,1.13994,1.13989,1.13989,,,,,21
2025-04-17 00:47:00,1.13977,1.13981,1.13973,1.13975,1.13986,1.1399,1.13982,1.13984,,,,,13
2025-04-17 00:48:00,1.13974,1.13975,1.13963,1.13963,1.13983,1.13984,1.13977,1.13977,,,,,19
2025-04-17 00:49:00,1.13965,1.13971,1.13965,1.13965,1.13978,1.13984,1.13978,1.13978,,,,,16
2025-04-17 00:50:00,1.13966,1.13966,1.13959,1.13959,1.13977,1.13979,1.13971,1.13971,,,,,16
2025-04-17 00:51:00,1.1396,1.13965,1.13959,1.13965,1.13972,1.13974,1.1397,1.13974,,,,,16
2025-04-17 00:52:00,1.1396,1.13966,1.13958,1.1396,1.13972,1.13975,1.13969,1.13969,,,,,17
2025-04-17 00:53:00,1.13965,1.13975,1.13965,1.13975,1.13974,1.13984,1.13974,1.13984,,,,,35
2025-04-17 00:54:00,1.13977,1.13977,1.13961,1.13965,1.13986,1.13986,1.1397,1.13974,,,,,38
2025-04-17 00:55:00,1.13966,1.13967,1.13963,1.13966,1.13975,1.13976,1.13974,1.13975,,,,,10
2025-04-17 00:56:00,1.13967,1.13967,1.13962,1.13964,1.13976,1.13977,1.13974,1.13976,,,,,5
2025-04-17 00:57:00,1.13963,1.13985,1.13963,1.13985,1.13975,1.13994,1.13975,1.13994,,,,,22
2025-04-17 00:58:00,1.13984,1.13984,1.13976,1.13977,1.13993,1.13997,1.13991,1.13992,,,,,47
2025-04-17 00:59:00,1.13976,1.13987,1.13976,1.13987,1.13996,1.14003,1.13996,1.14002,,,,,11
2025-04-17 01:00:00,1.13985,1.13994,1.13978,1.13994,1.14,1.14006,1.13996,1.14003,,,,,44
2025-04-17 01:01:00,1.13992,1.13992,1.13968,1.13975,1.14001,1.14001,1.13976,1.13988,,,,,23
2025-04-17 01:02:00,1.13976,1.13976,1.13957,1.13962,1.13989,1.13989,1.13963,1.13968,,,,,42
2025-04-17 01:03:00,1.13963,1.13975,1.13963,1.13973,1.13969,1.13981,1.13969,1.13979,,,,,31
2025-04-17 01:04:00,1.13974,1.13991,1.13966,1.13966,1.1398,1.13997,1.13972,1.13972,,,,,31
2025-04-17 01:05:00,1.13967,1.13974,1.13965,1.13971,1.13973,1.1398,1.13971,1.13977,,,,,15
2025-04-17 01:06:00,1.13966,1.13977,1.13963,1.13963,1.13972,1.13983,1.13969,1.13969,,,,,16
2025-04-17 01:07:00,1.13965,1.13977,1.13965,1.13973,1.13971,1.13983,1.13971,1.13979,,,,,18
2025-04-17 01:08:00,1.13981,1.13991,1.13977,1.13987,1.13987,1.13997,1.13983,1.13996,,,,,29
2025-04-17 01:09:00,1.13988,1.13988,1.13968,1.13973,1.13997,1.13997,1.13974,1.13979,,,,,25
2025-04-17 01:10:00,1.13972,1.13979,1.13971,1.13978,1.13981,1.13985,1.1398,1.13984,,,,,16
2025-04-17 01:11:00,1.13979,1.13991,1.13978,1.13982,1.13985,1.13999,1.13984,1.13999,,,,,21
2025-04-17 01:12:00,1.13984,1.13989,1.13982,1.13988,1.14002,1.14003,1.13997,1.14001,,,,,21
2025-04-17 01:13:00,1.13984,1.13988,1.13978,1.13982,1.13998,1.13998,1.13989,1.13991,,,,,27
2025-04-17 01:14:00,1.13981,1.13984,1.13975,1.13981,1.1399,1.13993,1.13984,1.1399,,,,,18
2025-04-17 01:15:00,1.1398,1.13981,1.13974,1.13981,1.13989,1.13989,1.13983,1.13987,,,,,9
2025-04-17 01:16:00,1.13983,1.13986,1.13974,1.13975,1.13989,1.13999,1.13988,1.13988,,,,,18
2025-04-17 01:17:00,1.13973,1.13992,1.13973,1.13983,1.13987,1.14006,1.13985,1.13989,,,,,46
2025-04-17 01:18:00,1.13982,1.13982,1.13972,1.13972,1.13988,1.1399,1.13982,1.13989,,,,,18
2025-04-17 01:19:00,1.13974,1.13974,1.1397,1.1397,1.1399,1.13991,1.13984,1.13986,,,,,25
2025-04-17 01:20:00,1.13969,1.13976,1.13964,1.13976,1.13984,1.13989,1.13979,1.13985,,,,,20
2025-04-17 01:21:00,1.13972,1.13994,1.13972,1.13991,1.13988,1.14002,1.13985,1.13997,,,,,25
2025-04-17 01:22:00,1.13992,1.13997,1.13987,1.13987,1.13998,1.14003,1.13993,1.13993,,,,,22
2025-04-17 01:23:00,1.13988,1.13994,1.13987,1.13992,1.13994,1.14,1.13993,1.13998,,,,,8
2025-04-17 01:24:00,1.1399,1.13995,1.13988,1.13995,1.13996,1.14001,1.13994,1.14001,,,,,12
2025-04-17 01:25:00,1.13994,1.13996,1.13991,1.13993,1.14,1.14002,1.13997,1.13999,,,,,21
2025-04-17 01:26:00,1.13992,1.13992,1.13989,1.1399,1.13998,1.13999,1.13995,1.13999,,,,,9
2025-04-17 01:27:00,1.13992,1.13995,1.1399,1.13995,1.14001,1.14003,1.13999,1.14001,,,,,13
2025-04-17 01:28:00,1.14004,1.14026,1.13991,1.13993,1.1401,1.14041,1.14008,1.14008,,,,,48
2025-04-17 01:29:00,1.13991,1.13993,1.13986,1.13987,1.14009,1.14009,1.13995,1.13996,,,,,7
2025-04-17 01:30:00,1.13985,1.13988,1.13977,1.13985,1.13994,1.13997,1.13986,1.13991,,,,,22
2025-04-17 01:31:00,1.13995,1.14011,1.13991,1.14007,1.14001,1.14017,1.13997,1.14013,,,,,19
2025-04-17 01:32:00,1.14005,1.14025,1.14002,1.1401,1.14011,1.14031,1.14008,1.14016,,,,,33
2025-04-17 01:33:00,1.14008,1.14037,1.13995,1.14037,1.14014,1.14046,1.14001,1.14046,,,,,38
2025-04-17 01:34:00,1.14043,1.14066,1.14042,1.14055,1.14052,1.14075,1.14051,1.14069,,,,,27
2025-04-17 01:35:00,1.14054,1.1409,1.14052,1.14084,1.14068,1.141,1.14066,1.141,,,,,57
2025-04-17 01:36:00,1.14076,1.14083,1.14047,1.14049,1.14099,1.14099,1.14053,1.14055,,,,,46
2025-04-17 01:37:00,1.14045,1.1406,1.14035,1.14047,1.14051,1.1407,1.1405,1.14059,,,,,49
2025-04-17 01:38:00,1.14046,1.14056,1.14039,1.14047,1.14058,1.14067,1.14048,1.14056,,,,,34
2025-04-17 01:39:00,1.14046,1.14046,1.14029,1.14039,1.14055,1.14055,1.14035,1.14045,,,,,55
2025-04-17 01:40:00,1.14037,1.14043,1.14025,1.14031,1.14043,1.14049,1.14031,1.14037,,,,,30
2025-04-17 01:41:00,1.1403,1.14043,1.1403,1.14039,1.14036,1.14049,1.14036,1.14045,,,,,21
2025-04-17 01:42:00,1.14044,1.14044,1.14036,1.1404,1.1405,1.1405,1.14042,1.14046,,,,,29
2025-04-17 01:43:00,1.14039,1.1404,1.14016,1.14023,1.14045,1.14046,1.14022,1.14029,,,,,26
2025-04-17 01:44:00,1.14021,1.14054,1.14019,1.14054,1.14027,1.1406,1.14025,1.1406,,,,,32
2025-04-17 01:45:00,1.14051,1.1406,1.14042,1.14054,1.14057,1.14066,1.14048,1.1406,,,,,42
2025-04-17 01:46:00,1.14046,1.1405,1.14042,1.14049,1.14052,1.14056,1.14048,1.14055,,,,,41
2025-04-17 01:47:00,1.14045,1.14047,1.1403,1.14041,1.14051,1.14053,1.14036,1.14047,,,,,24
2025-04-17 01:48:00,1.14037,1.14039,1.14021,1.14028,1.14043,1.14045,1.14027,1.14034,,,,,25
2025-04-17 01:49:00,1.14034,1.14034,1.14019,1.14019,1.1404,1.1404,1.14025,1.14025,,,,,22
2025-04-17 01:50:00,1.14018,1.14024,1.14011,1.14018,1.14024,1.1403,1.14017,1.14024,,,,,23
2025-04-17 01:51:00,1.14015,1.14023,1.14012,1.14023,1.14021,1.14029,1.14018,1.14029,,,,,18
2025-04-17 01:52:00,1.14022,1.14036,1.14013,1.14022,1.14028,1.14042,1.14019,1.14028,,,,,35
2025-04-17 01:53:00,1.14023,1.14023,1.13991,1.13997,1.14029,1.14029,1.14004,1.14008,,,,,32
2025-04-17 01:54:00,1.14,1.14011,1.13996,1.14003,1.14011,1.14017,1.14005,1.14009,,,,,24
2025-04-17 01:55:00,1.14004,1.14004,1.13996,1.13999,1.1401,1.14013,1.14007,1.14013,,,,,20
2025-04-17 01:56:00,1.13998,1.14,1.13969,1.13984,1.14011,1.14013,1.13978,1.1399,,,,,39
2025-04-17 01:57:00,1.13983,1.13991,1.13952,1.13954,1.13989,1.13997,1.13961,1.13969,,,,,55
2025-04-17 01:58:00,1.13956,1.13967,1.13938,1.13961,1.13976,1.13978,1.13947,1.13967,,,,,58
2025-04-17 01:59:00,1.1396,1.13971,1.1394,1.13954,1.13966,1.13977,1.13946,1.1396,,,,,69
2025-04-17 02:00:00,1.13958,1.13967,1.13947,1.13959,1.13964,1.13976,1.13956,1.13965,,,,,115
2025-04-17 02:01:00,1.13957,1.13959,1.13902,1.13917,1.13963,1.13965,1.13911,1.13926,,,,,198
2025-04-17 02:02:00,1.13919,1.13932,1.1389,1.13902,1.13928,1.13938,1.13899,1.13908,,,,,144
2025-04-17 02:03:00,1.13899,1.13913,1.13844,1.13844,1.13905,1.1392,1.13853,1.13853,,,,,170
2025-04-17 02:04:00,1.13841,1.13851,1.1381,1.13812,1.1385,1.1386,1.13818,1.13818,,,,,148
2025-04-17 02:05:00,1.13808,1.1383,1.13788,1.13822,1.13814,1.13839,1.13799,1.13831,,,,,159
2025-04-17 02:06:00,1.13821,1.13843,1.13814,1.13826,1.1383,1.13852,1.13821,1.13835,,,,,130
2025-04-17 02:07:00,1.13825,1.13847,1.13813,1.13843,1.13834,1.13856,1.13823,1.13852,,,,,116
2025-04-17 02:08:00,1.13842,1.13846,1.13809,1.13819,1.13851,1.13855,1.13818,1.13834,,,,,152
2025-04-17 02:09:00,1.13818,1.1384,1.13813,1.13836,1.13831,1.13849,1.13828,1.13845,,,,,107
2025-04-17 02:10:00,1.13845,1.13883,1.13842,1.13866,1.13851,1.13889,1.1385,1.13875,,,,,68
2025-04-17 02:11:00,1.13864,1.13873,1.13843,1.13857,1.13873,1.13882,1.13849,1.13863,,,,,80
2025-04-17 02:12:00,1.13847,1.13859,1.13835,1.13856,1.13853,1.13868,1.13846,1.13865,,,,,58
2025-04-17 02:13:00,1.13852,1.13863,1.13844,1.13854,1.13861,1.13872,1.1385,1.13863,,,,,51
2025-04-17 02:14:00,1.13855,1.13855,1.13828,1.13831,1.13864,1.13864,1.13837,1.1384,,,,,58
2025-04-17 02:15:00,1.1383,1.1383,1.13793,1.13799,1.13839,1.13839,1.13802,1.13808,,,,,105
2025-04-17 02:16:00,1.138,1.13814,1.13779,1.13783,1.13809,1.13823,1.13788,1.13792,,,,,89
2025-04-17 02:17:00,1.13778,1.13807,1.13769,1.13803,1.13787,1.13816,1.13778,1.13812,,,,,51
2025-04-17 02:18:00,1.13804,1.13825,1.13794,1.13821,1.13813,1.13834,1.13803,1.1383,,,,,52
2025-04-17 02:19:00,1.13822,1.13823,1.13806,1.13812,1.13831,1.13832,1.13815,1.13821,,,,,66
2025-04-17 02:20:00,1.13814,1.13831,1.13808,1.13811,1.13823,1.13839,1.13815,1.13817,,,,,58
2025-04-17 02:21:00,1.13809,1.13817,1.13798,1.13817,1.13815,1.13826,1.13804,1.13826,,,,,41
2025-04-17 02:22:00,1.13819,1.13819,1.13805,1.13805,1.13828,1.13828,1.13811,1.13811,,,,,58
2025-04-17 02:23:00,1.13804,1.13809,1.13774,1.13777,1.1381,1.13815,1.1378,1.13783,,,,,60
2025-04-17 02:24:00,1.13778,1.13782,1.13772,1.1378,1.13784,1.1379,1.1378,1.13789,,,,,60
2025-04-17 02:25:00,1.13781,1.1379,1.13779,1.13783,1.1379,1.13799,1.13788,1.13792,,,,,48
2025-04-17 02:26:00,1.13784,1.13791,1.13779,1.13787,1.13793,1.13797,1.13788,1.13796,,,,,39
2025-04-17 02:27:00,1.13788,1.13793,1.13781,1.13793,1.13797,1.13799,1.13787,1.13799,,,,,27
2025-04-17 02:28:00,1.13794,1.13796,1.13785,1.1379,1.138,1.13805,1.13791,1.13799,,,,,21
2025-04-17 02:29:00,1.13791,1.13793,1.13764,1.13768,1.138,1.13802,1.13773,1.13774,,,,,39
2025-04-17 02:30:00,1.1377,1.13801,1.13768,1.13781,1.13776,1.13808,1.13776,1.13787,,,,,67
2025-04-17 02:31:00,1.1378,1.13784,1.13757,1.13771,1.13786,1.13793,1.13771,1.1378,,,,,52
2025-04-17 02:32:00,1.1377,1.13782,1.13756,1.13758,1.13779,1.13791,1.13767,1.13774,,,,,54
2025-04-17 02:33:00,1.13757,1.13765,1.13736,1.13737,1.13773,1.13775,1.1375,1.13751,,,,,89
2025-04-17 02:34:00,1.13736,1.13739,1.13723,1.13739,1.1375,1.1375,1.13734,1.13745,,,,,64
2025-04-17 02:35:00,1.13743,1.13758,1.13734,1.13745,1.13749,1.13764,1.1374,1.13751,,,,,51
2025-04-17 02:36:00,1.13744,1.13767,1.13734,1.13766,1.1375,1.13773,1.1374,1.13772,,,,,39
2025-04-17 02:37:00,1.13761,1.13761,1.13726,1.13728,1.13767,1.13767,1.13732,1.13734,,,,,49
2025-04-17 02:38:00,1.1373,1.13735,1.13712,1.13729,1.13736,1.13741,1.13718,1.13735,,,,,58
2025-04-17 02:39:00,1.13728,1.13749,1.13728,1.13739,1.13734,1.13759,1.13734,1.13754,,,,,69
2025-04-17 02:40:00,1.13738,1.13742,1.13719,1.1372,1.13753,1.13754,1.13725,1.13726,,,,,40
2025-04-17 02:41:00,1.13719,1.1372,1.13701,1.13709,1.13725,1.13726,1.13707,1.13718,,,,,27
2025-04-17 02:42:00,1.137,1.13724,1.137,1.13724,1.13709,1.1373,1.13708,1.1373,,,,,52
2025-04-17 02:43:00,1.13721,1.13732,1.13715,1.13729,1.13727,1.13738,1.13721,1.13735,,,,,34
2025-04-17 02:44:00,1.13732,1.13737,1.1372,1.13726,1.13738,1.13743,1.13726,1.13732,,,,,29
2025-04-17 02:45:00,1.13725,1.1375,1.13725,1.13734,1.13731,1.13756,1.13731,1.1374,,,,,61
2025-04-17 02:46:00,1.13741,1.13755,1.13734,1.13743,1.13747,1.13761,1.1374,1.13749,,,,,56
2025-04-17 02:47:00,1.13744,1.13744,1.13726,1.13731,1.1375,1.1375,1.13732,1.13737,,,,,40
2025-04-17 02:48:00,1.13733,1.13737,1.13714,1.1372,1.13739,1.13743,1.1372,1.13726,,,,,53
2025-04-17 02:49:00,1.13721,1.13731,1.13719,1.1373,1.13727,1.13737,1.13725,1.13736,,,,,35
2025-04-17 02:50:00,1.13734,1.13747,1.13725,1.13745,1.1374,1.13753,1.13731,1.13751,,,,,51
2025-04-17 02:51:00,1.13746,1.13755,1.13741,1.13753,1.13752,1.13761,1.13747,1.13759,,,,,50
2025-04-17 02:52:00,1.1375,1.1376,1.13725,1.13725,1.13756,1.13766,1.13731,1.13731,,,,,46
2025-04-17 02:53:00,1.13726,1.13729,1.13709,1.13713,1.13732,1.13735,1.13715,1.13719,,,,,71
2025-04-17 02:54:00,1.1371,1.13733,1.13704,1.13733,1.13716,1.13739,1.13715,1.13739,,,,,61
2025-04-17 02:55:00,1.1374,1.13741,1.13701,1.13703,1.13746,1.13747,1.13707,1.13709,,,,,60
2025-04-17 02:56:00,1.13702,1.13703,1.13689,1.13689,1.13708,1.13709,1.13695,1.13695,,,,,30
2025-04-17 02:57:00,1.13687,1.13687,1.1365,1.13652,1.13693,1.13693,1.13656,1.13658,,,,,80
2025-04-17 02:58:00,1.13648,1.13682,1.13648,1.13668,1.13654,1.13691,1.13654,1.1368,,,,,86
2025-04-17 02:59:00,1.13669,1.13679,1.13663,1.13673,1.13681,1.13692,1.13669,1.13687,,,,,76
2025-04-17 03:00:00,1.13676,1.13676,1.13643,1.13659,1.13678,1.13678,1.13649,1.13665,,,,,102
2025-04-17 03:01:00,1.1366,1.13664,1.13645,1.13649,1.13666,1.1367,1.13651,1.13655,,,,,75
2025-04-17 03:02:00,1.13648,1.13648,1.13621,1.13634,1.13654,1.13654,1.13633,1.1364,,,,,61
2025-04-17 03:03:00,1.13632,1.13632,1.13571,1.13591,1.13638,1.13638,1.13577,1.13597,,,,,73
2025-04-17 03:04:00,1.1359,1.13602,1.13581,1.13595,1.13596,1.13608,1.13587,1.13601,,,,,40
2025-04-17 03:05:00,1.13596,1.13634,1.13596,1.13603,1.13602,1.1364,1.13602,1.13609,,,,,67
2025-04-17 03:06:00,1.13601,1.13606,1.1358,1.13599,1.13607,1.13612,1.13586,1.13605,,,,,73
2025-04-17 03:07:00,1.13594,1.13605,1.13582,1.13594,1.136,1.13613,1.13588,1.13603,,,,,62
2025-04-17 03:08:00,1.13595,1.1361,1.13587,1.13592,1.13604,1.13621,1.136,1.13605,,,,,60
2025-04-17 03:09:00,1.13593,1.13612,1.13585,1.13611,1.13616,1.13618,1.13591,1.13617,,,,,67
2025-04-17 03:10:00,1.1361,1.13628,1.13608,1.13627,1.13616,1.13634,1.13614,1.13633,,,,,66
2025-04-17 03:11:00,1.13625,1.13632,1.13614,1.13623,1.13631,1.13641,1.13624,1.13632,,,,,36
2025-04-17 03:12:00,1.13624,1.13639,1.13613,1.13634,1.13633,1.13649,1.13619,1.1364,,,,,67
2025-04-17 03:13:00,1.13628,1.1364,1.13612,1.13612,1.13634,1.13646,1.13618,1.13618,,,,,43
2025-04-17 03:14:00,1.13607,1.13638,1.13607,1.13627,1.13621,1.13644,1.13619,1.13633,,,,,75
2025-04-17 03:15:00,1.13626,1.13642,1.13619,1.13635,1.13632,1.13648,1.13628,1.13641,,,,,87
2025-04-17 03:16:00,1.13636,1.13644,1.13624,1.13635,1.13642,1.1365,1.1363,1.13641,,,,,52
2025-04-17 03:17:00,1.13636,1.13647,1.13628,1.13637,1.13642,1.13653,1.13634,1.13643,,,,,62
2025-04-17 03:18:00,1.13639,1.13643,1.13615,1.1364,1.13645,1.13649,1.13621,1.13646,,,,,71
2025-04-17 03:19:00,1.13641,1.13676,1.1364,1.13674,1.13647,1.13682,1.13646,1.1368,,,,,69
2025-04-17 03:20:00,1.13675,1.13689,1.13673,1.13685,1.13681,1.13695,1.13679,1.13691,,,,,56
2025-04-17 03:21:00,1.13684,1.1369,1.13645,1.13649,1.1369,1.13696,1.13658,1.1366,,,,,83
2025-04-17 03:22:00,1.13647,1.13656,1.13639,1.13651,1.13658,1.13664,1.13648,1.13657,,,,,66
2025-04-17 03:23:00,1.13649,1.13659,1.13637,1.13651,1.13655,1.13665,1.13643,1.13657,,,,,68
2025-04-17 03:24:00,1.13648,1.13648,1.13635,1.13639,1.13654,1.13657,1.13645,1.13657,,,,,22
2025-04-17 03:25:00,1.1364,1.13663,1.13633,1.13641,1.13658,1.13673,1.13648,1.13655,,,,,87
2025-04-17 03:26:00,1.13642,1.13651,1.13633,1.13648,1.13656,1.13661,1.13642,1.13657,,,,,36
2025-04-17 03:27:00,1.13645,1.13656,1.13622,1.13627,1.13654,1.13662,1.13635,1.13636,,,,,32
2025-04-17 03:28:00,1.13628,1.13628,1.13589,1.13598,1.13634,1.13634,1.13599,1.13607,,,,,52
2025-04-17 03:29:00,1.13597,1.13625,1.13597,1.13606,1.13606,1.13632,1.13606,1.13612,,,,,55
2025-04-17 03:30:00,1.13605,1.13615,1.13586,1.13599,1.13611,1.13621,1.13592,1.13605,,,,,88
2025-04-17 03:31:00,1.13592,1.13615,1.13588,1.13602,1.13598,1.13621,1.13594,1.13611,,,,,73
2025-04-17 03:32:00,1.13614,1.13619,1.1359,1.1359,1.1362,1.13625,1.13596,1.13596,,,,,40
2025-04-17 03:33:00,1.13589,1.13599,1.13549,1.13566,1.13595,1.13607,1.13558,1.13572,,,,,92
2025-04-17 03:34:00,1.13565,1.13575,1.13551,1.13569,1.13571,1.13587,1.13562,1.13585,,,,,84
2025-04-17 03:35:00,1.13571,1.13596,1.13568,1.13585,1.13586,1.13607,1.1358,1.13591,,,,,84
2025-04-17 03:36:00,1.13584,1.13607,1.13575,1.13581,1.1359,1.13613,1.13587,1.13587,,,,,69
2025-04-17 03:37:00,1.13576,1.13594,1.13569,1.13594,1.13585,1.13603,1.13575,1.13603,,,,,68
2025-04-17 03:38:00,1.13597,1.13624,1.1359,1.13624,1.13606,1.13637,1.13596,1.13637,,,,,76
2025-04-17 03:39:00,1.13623,1.13623,1.13587,1.13591,1.13636,1.13636,1.13594,1.13597,,,,,76
2025-04-17 03:40:00,1.13594,1.13605,1.13592,1.13599,1.136,1.13611,1.13598,1.13605,,,,,61
2025-04-17 03:41:00,1.13597,1.13633,1.13597,1.13627,1.13603,1.13639,1.13603,1.13633,,,,,66
2025-04-17 03:42:00,1.13629,1.1364,1.13617,1.13621,1.13635,1.13651,1.13626,1.13627,,,,,75
2025-04-17 03:43:00,1.13614,1.13619,1.13586,1.13601,1.1362,1.13625,1.13595,1.13607,,,,,54
2025-04-17 03:44:00,1.136,1.13607,1.13589,1.13591,1.13606,1.13613,1.13595,1.13597,,,,,42
2025-04-17 03:45:00,1.13592,1.13626,1.13583,1.13622,1.13598,1.13632,1.13592,1.13628,,,,,78
2025-04-17 03:46:00,1.13623,1.13642,1.13618,1.1364,1.13629,1.13648,1.13624,1.13646,,,,,40
2025-04-17 03:47:00,1.13641,1.1365,1.13626,1.13644,1.13647,1.13656,1.13632,1.1365,,,,,85
2025-04-17 03:48:00,1.1364,1.13644,1.13618,1.13619,1.13646,1.1365,1.13624,1.13625,,,,,47
2025-04-17 03:49:00,1.13618,1.13642,1.13615,1.13621,1.13624,1.13648,1.13621,1.13627,,,,,69
2025-04-17 03:50:00,1.13619,1.13652,1.13615,1.13638,1.13625,1.13658,1.13621,1.13644,,,,,72
2025-04-17 03:51:00,1.13641,1.1366,1.1364,1.13641,1.13647,1.13666,1.13646,1.13647,,,,,69
2025-04-17 03:52:00,1.13642,1.13645,1.13629,1.1363,1.13648,1.13651,1.13635,1.13636,,,,,68
2025-04-17 03:53:00,1.13631,1.13631,1.13614,1.13629,1.13637,1.13637,1.1362,1.13635,,,,,85
2025-04-17 03:54:00,1.1363,1.13651,1.13622,1.1364,1.13636,1.13657,1.13628,1.13646,,,,,54
2025-04-17 03:55:00,1.13642,1.13668,1.13642,1.13665,1.13648,1.13674,1.13648,1.13671,,,,,71
2025-04-17 03:56:00,1.13667,1.13669,1.13655,1.1366,1.13673,1.13675,1.13661,1.13666,,,,,67
2025-04-17 03:57:00,1.13662,1.1367,1.13643,1.13644,1.13668,1.13676,1.13651,1.13657,,,,,45
2025-04-17 03:58:00,1.13642,1.13663,1.13637,1.1364,1.13659,1.13672,1.13643,1.13646,,,,,51
2025-04-17 03:59:00,1.13646,1.13656,1.13639,1.13652,1.13652,1.13662,1.13645,1.13658,,,,,55
2025-04-17 04:00:00,1.13654,1.13671,1.13654,1.13669,1.1366,1.13677,1.1366,1.13675,,,,,46
2025-04-17 04:01:00,1.13667,1.13678,1.13656,1.13659,1.13673,1.13684,1.13665,1.13668,,,,,56
2025-04-17 04:02:00,1.13666,1.13683,1.13656,1.13656,1.13675,1.13689,1.13662,1.13662,,,,,69
2025-04-17 04:03:00,1.13658,1.13658,1.13648,1.13654,1.13664,1.13664,1.13654,1.1366,,,,,60
2025-04-17 04:04:00,1.13655,1.13707,1.13651,1.13697,1.13661,1.13713,1.13657,1.13703,,,,,55
2025-04-17 04:05:00,1.13698,1.13724,1.13694,1.1372,1.13704,1.1373,1.13701,1.13726,,,,,67
2025-04-17 04:06:00,1.13721,1.13723,1.13712,1.13713,1.13727,1.13729,1.13718,1.13719,,,,,70
2025-04-17 04:07:00,1.13714,1.13717,1.13693,1.13711,1.1372,1.13723,1.13699,1.13717,,,,,47
2025-04-17 04:08:00,1.1371,1.1371,1.13684,1.13685,1.13716,1.13716,1.1369,1.13691,,,,,44
2025-04-17 04:09:00,1.13688,1.13715,1.13687,1.13715,1.13694,1.13721,1.13693,1.13721,,,,,23
2025-04-17 04:10:00,1.13723,1.13739,1.13712,1.13739,1.13729,1.13745,1.13718,1.13745,,,,,56
2025-04-17 04:11:00,1.1374,1.13753,1.1374,1.13748,1.13746,1.13759,1.13746,1.13754,,,,,63
2025-04-17 04:12:00,1.13749,1.13755,1.13737,1.13738,1.13755,1.13761,1.13743,1.13744,,,,,29
2025-04-17 04:13:00,1.13737,1.13739,1.13724,1.13739,1.13743,1.13745,1.1373,1.13745,,,,,32
2025-04-17 04:14:00,1.13735,1.1374,1.13723,1.1374,1.13741,1.13746,1.13729,1.13746,,,,,31
2025-04-17 04:15:00,1.13739,1.13751,1.13724,1.1373,1.13745,1.13757,1.1373,1.13736,,,,,57
2025-04-17 04:16:00,1.13725,1.13725,1.13692,1.13698,1.13731,1.13731,1.13698,1.13704,,,,,60
2025-04-17 04:17:00,1.13702,1.13714,1.13701,1.1371,1.13708,1.1372,1.13707,1.13716,,,,,43
2025-04-17 04:18:00,1.13714,1.13752,1.1371,1.1374,1.1372,1.13758,1.13716,1.13746,,,,,43
2025-04-17 04:19:00,1.13738,1.13753,1.13738,1.13742,1.13744,1.13759,1.13744,1.13748,,,,,36
2025-04-17 04:20:00,1.13743,1.13744,1.13714,1.13724,1.13749,1.1375,1.1372,1.1373,,,,,33
2025-04-17 04:21:00,1.13722,1.13749,1.13717,1.13749,1.13728,1.13755,1.13723,1.13755,,,,,66
2025-04-17 04:22:00,1.1375,1.13751,1.13744,1.1375,1.13756,1.13757,1.1375,1.13756,,,,,17
2025-04-17 04:23:00,1.13753,1.13758,1.13728,1.13732,1.13759,1.13764,1.13734,1.13738,,,,,36
2025-04-17 04:24:00,1.13724,1.13745,1.13722,1.13722,1.1373,1.13751,1.13728,1.13728,,,,,30
2025-04-17 04:25:00,1.13728,1.13728,1.13704,1.13712,1.13734,1.13734,1.1371,1.13718,,,,,35
2025-04-17 04:26:00,1.13711,1.13715,1.13707,1.13714,1.13717,1.13721,1.13713,1.1372,,,,,20
2025-04-17 04:27:00,1.13713,1.13713,1.13704,1.13706,1.13719,1.13719,1.1371,1.13712,,,,,20
2025-04-17 04:28:00,1.1371,1.13714,1.13709,1.13714,1.13716,1.1372,1.13715,1.1372,,,,,14
2025-04-17 04:29:00,1.13712,1.13725,1.1371,1.13714,1.13723,1.13731,1.13716,1.1372,,,,,30
2025-04-17 04:30:00,1.13713,1.13726,1.13702,1.13717,1.13719,1.13732,1.13708,1.13723,,,,,35
2025-04-17 04:31:00,1.13718,1.13727,1.13715,1.13725,1.13724,1.13733,1.13721,1.13731,,,,,41
2025-04-17 04:32:00,1.1372,1.13742,1.1372,1.13734,1.13726,1.13748,1.13726,1.1374,,,,,45
2025-04-17 04:33:00,1.13732,1.13741,1.1373,1.13732,1.13738,1.13747,1.13736,1.13738,,,,,25
2025-04-17 04:34:00,1.13731,1.13746,1.13729,1.13743,1.13737,1.13752,1.13735,1.13749,,,,,30
2025-04-17 04:35:00,1.13741,1.13741,1.13733,1.13733,1.13747,1.13747,1.13739,1.13739,,,,,12
2025-04-17 04:36:00,1.13735,1.13741,1.13721,1.13724,1.13741,1.13747,1.13727,1.1373,,,,,17
2025-04-17 04:37:00,1.13723,1.13724,1.13709,1.13713,1.13729,1.1373,1.13715,1.13719,,,,,33
2025-04-17 04:38:00,1.13712,1.13721,1.13704,1.13716,1.13718,1.13727,1.1371,1.13722,,,,,18
2025-04-17 04:39:00,1.13717,1.13745,1.13715,1.13739,1.13723,1.13751,1.13721,1.13745,,,,,35
2025-04-17 04:40:00,1.13738,1.13778,1.13734,1.13769,1.13744,1.13784,1.1374,1.13775,,,,,58
2025-04-17 04:41:00,1.13768,1.13789,1.13763,1.13763,1.13774,1.13795,1.13769,1.13769,,,,,55
2025-04-17 04:42:00,1.13759,1.13802,1.13758,1.13796,1.13765,1.13813,1.13764,1.13812,,,,,41
